#
# There is insufficient memory for the Java Runtime Environment to continue.
# Native memory allocation (mmap) failed to map 939524096 bytes for G1 virtual space
# Possible reasons:
#   The system is out of physical RAM or swap space
#   The process is running with CompressedOops enabled, and the Java Heap may be blocking the growth of the native heap
# Possible solutions:
#   Reduce memory load on the system
#   Increase physical memory or swap space
#   Check if swap backing store is full
#   Decrease Java heap size (-Xmx/-Xms)
#   Decrease number of Java threads
#   Decrease Java thread stack sizes (-Xss)
#   Set larger code cache with -XX:ReservedCodeCacheSize=
#   JVM is running with Zero Based Compressed Oops mode in which the Java heap is
#     placed in the first 32GB address space. The Java Heap base address is the
#     maximum limit for the native heap growth. Please use -XX:HeapBaseMinAddress
#     to set the Java Heap base and to place the Java Heap above 32GB virtual address.
# This output file may be truncated or incomplete.
#
#  Out of Memory Error (os_windows.cpp:3613), pid=17136, tid=2908
#
# JRE version: OpenJDK Runtime Environment Temurin-17.0.10+7 (17.0.10+7) (build 17.0.10+7)
# Java VM: OpenJDK 64-Bit Server VM Temurin-17.0.10+7 (17.0.10+7, mixed mode, sharing, tiered, compressed oops, compressed class ptrs, g1 gc, windows-amd64)
# No core dump will be written. Minidumps are not enabled by default on client versions of Windows
#

---------------  S U M M A R Y ------------

Command Line: --add-opens=java.base/java.lang=ALL-UNNAMED --add-opens=java.base/java.lang.invoke=ALL-UNNAMED --add-opens=java.base/java.util=ALL-UNNAMED --add-opens=java.prefs/java.util.prefs=ALL-UNNAMED --add-exports=jdk.compiler/com.sun.tools.javac.api=ALL-UNNAMED --add-exports=jdk.compiler/com.sun.tools.javac.util=ALL-UNNAMED --add-opens=java.base/java.util=ALL-UNNAMED --add-opens=java.prefs/java.util.prefs=ALL-UNNAMED --add-opens=java.base/java.nio.charset=ALL-UNNAMED --add-opens=java.base/java.net=ALL-UNNAMED --add-opens=java.base/java.util.concurrent.atomic=ALL-UNNAMED --add-opens=java.xml/javax.xml.namespace=ALL-UNNAMED -XX:MaxMetaspaceSize=1024m -Xmx6144m -Dfile.encoding=UTF-8 -Duser.country=IN -Duser.language=en -Duser.variant -javaagent:C:\Users\prera\.gradle\wrapper\dists\gradle-8.14.1-bin\baw1sv0jfoi8rxs14qo3h49cs\gradle-8.14.1\lib\agents\gradle-instrumentation-agent-8.14.1.jar org.gradle.launcher.daemon.bootstrap.GradleDaemon 8.14.1

Host: 12th Gen Intel(R) Core(TM) i5-1235U, 12 cores, 7G,  Windows 11 , 64 bit Build 26100 (10.0.26100.8328)
Time: Fri Jun 26 17:36:52 2026 India Standard Time elapsed time: 1097.016798 seconds (0d 0h 18m 17s)

---------------  T H R E A D  ---------------

Current thread (0x000001b4a9e9f6b0):  VMThread "VM Thread" [stack: 0x0000000523c00000,0x0000000523d00000] [id=2908]

Stack: [0x0000000523c00000,0x0000000523d00000]
Native frames: (J=compiled Java code, j=interpreted, Vv=VM code, C=native code)
V  [jvm.dll+0x67d2c9]
V  [jvm.dll+0x834afa]
V  [jvm.dll+0x8365be]
V  [jvm.dll+0x836c23]
V  [jvm.dll+0x2477ff]
V  [jvm.dll+0x67a109]
V  [jvm.dll+0x66eb7a]
V  [jvm.dll+0x30764b]
V  [jvm.dll+0x30eaf6]
V  [jvm.dll+0x35e83e]
V  [jvm.dll+0x35ea6f]
V  [jvm.dll+0x2de248]
V  [jvm.dll+0x2dc424]
V  [jvm.dll+0x2dba2c]
V  [jvm.dll+0x31faeb]
V  [jvm.dll+0x83b11b]
V  [jvm.dll+0x83be61]
V  [jvm.dll+0x83c37d]
V  [jvm.dll+0x83c754]
V  [jvm.dll+0x83c820]
V  [jvm.dll+0x7e3fba]
V  [jvm.dll+0x67c1b5]
C  [ucrtbase.dll+0x37b0]
C  [KERNEL32.DLL+0x2e957]
C  [ntdll.dll+0x427c]

VM_Operation (0x0000000531dfe190): G1CollectForAllocation, mode: safepoint, requested by thread 0x000001b4f43682f0


---------------  P R O C E S S  ---------------

Threads class SMR info:
_java_thread_list=0x000001b4e9123e50, length=255, elements={
0x000001b482433c60, 0x000001b4a9ea5450, 0x000001b4a9ea7f30, 0x000001b4a9eb8a20,
0x000001b4a9edb7f0, 0x000001b4a9edc0c0, 0x000001b4a9ee0db0, 0x000001b4a9ee1fc0,
0x000001b4a9ee2980, 0x000001b4a9ee7ac0, 0x000001b4a9e92d70, 0x000001b4aa8ea7f0,
0x000001b4e4ec4950, 0x000001b4e43d8000, 0x000001b4e574fda0, 0x000001b4e5827000,
0x000001b4e5823d60, 0x000001b4e5824270, 0x000001b4e58260d0, 0x000001b4e77b1850,
0x000001b4e77af4e0, 0x000001b4e77b2270, 0x000001b4e5b67d90, 0x000001b4e5b696e0,
0x000001b4e5b66950, 0x000001b4e74c2290, 0x000001b4e74c2cb0, 0x000001b4e74c31c0,
0x000001b4e74c36d0, 0x000001b4e74c4b10, 0x000001b4e630b650, 0x000001b4e6307ea0,
0x000001b4e630cfa0, 0x000001b4e630c580, 0x000001b4e630d9c0, 0x000001b4e630e8f0,
0x000001b4e77af9f0, 0x000001b4e43f4210, 0x000001b4e43f23b0, 0x000001b4e43f2dd0,
0x000001b4e43f1480, 0x000001b4e43f83e0, 0x000001b4e43f79c0, 0x000001b4e43f7ed0,
0x000001b4e43f88f0, 0x000001b4e43f5b60, 0x000001b4e43f6070, 0x000001b4e43f8e00,
0x000001b4e43f5650, 0x000001b4e43f9310, 0x000001b4e43f74b0, 0x000001b4e43f9d30,
0x000001b4e43f6580, 0x000001b4e43fa240, 0x000001b4e43f6a90, 0x000001b4e43fa750,
0x000001b4e43f6fa0, 0x000001b4e43fcac0, 0x000001b4e43fbb90, 0x000001b4e43fcfd0,
0x000001b4e43fb170, 0x000001b4e43fd4e0, 0x000001b4e43fac60, 0x000001b4e43fd9f0,
0x000001b4e43fdf00, 0x000001b4e43fb680, 0x000001b4e43ff850, 0x000001b4e43fe410,
0x000001b4e43fe920, 0x000001b4e43fc0a0, 0x000001b4e43fc5b0, 0x000001b4e43ffd60,
0x000001b4e4400780, 0x000001b4e43ff340, 0x000001b4e43fee30, 0x000001b4e4400270,
0x000001b4e4400c90, 0x000001b4f18147b0, 0x000001b4f18156e0, 0x000001b4f1814cc0,
0x000001b4f1815bf0, 0x000001b4f1816100, 0x000001b4f1816610, 0x000001b4f1813d90,
0x000001b4f1813880, 0x000001b4f1816b20, 0x000001b4f1813370, 0x000001b4f1817030,
0x000001b4f1817540, 0x000001b4f1817a50, 0x000001b4f18142a0, 0x000001b4f1817f60,
0x000001b4f1818980, 0x000001b4f1818e90, 0x000001b4f18193a0, 0x000001b4e5b67880,
0x000001b4e5b682a0, 0x000001b4e5b66e60, 0x000001b4e5b69bf0, 0x000001b4e5b68cc0,
0x000001b4e5b691d0, 0x000001b4e5b66440, 0x000001b4e5b6a100, 0x000001b4e5b6a610,
0x000001b4e5b6d3a0, 0x000001b4e5b6c980, 0x000001b4e5b6ce90, 0x000001b4e5b6ba50,
0x000001b4e5b6d8b0, 0x000001b4e5b6c470, 0x000001b4e5b6bf60, 0x000001b4e5b6b540,
0x000001b4e5b6ab20, 0x000001b4e5b6b030, 0x000001b4e74c0430, 0x000001b4e74c1360,
0x000001b4e74c1870, 0x000001b4e74c0e50, 0x000001b4e74be0c0, 0x000001b4e74be5d0,
0x000001b4e74bff20, 0x000001b4e74bf500, 0x000001b4e74bfa10, 0x000001b4e74c5530,
0x000001b4e74c27a0, 0x000001b4e74c3be0, 0x000001b4e74c1d80, 0x000001b4e74c40f0,
0x000001b4e74c4600, 0x000001b4e74c5a40, 0x000001b4e77b1340, 0x000001b4e77aff00,
0x000001b4e77b6440, 0x000001b4e77b4af0, 0x000001b4e77b45e0, 0x000001b4e77b5a20,
0x000001b4e77b6950, 0x000001b4e77b6e60, 0x000001b4e77b3bc0, 0x000001b4e77b5000,
0x000001b4e77b40d0, 0x000001b4e77b5510, 0x000001b4e77b5f30, 0x000001b4e5824780,
0x000001b4e5824c90, 0x000001b4e58251a0, 0x000001b4e5825bc0, 0x000001b4e5827510,
0x000001b4e5826af0, 0x000001b4e630ac30, 0x000001b4e630a720, 0x000001b4e63083b0,
0x000001b4e630f310, 0x000001b4f19baa10, 0x000001b4f19bcd80, 0x000001b4f19bc870,
0x000001b4f19b9ff0, 0x000001b4f19b9ae0, 0x000001b4f19bbe50, 0x000001b4f19ba500,
0x000001b4f19be1c0, 0x000001b4f19bd7a0, 0x000001b4f19bb430, 0x000001b4f19bdcb0,
0x000001b4f19baf20, 0x000001b4f19bebe0, 0x000001b4f19be6d0, 0x000001b4f19bd290,
0x000001b4f19bb940, 0x000001b4f19bfb10, 0x000001b4f19c1460, 0x000001b4f19c0530,
0x000001b4f19c0020, 0x000001b4f19c0a40, 0x000001b4f19c0f50, 0x000001b4e58256b0,
0x000001b4e72f3cd0, 0x000001b4e72f6550, 0x000001b4e72f6040, 0x000001b4e72f6a60,
0x000001b4e72f5620, 0x000001b4e72f6f70, 0x000001b4e72f7480, 0x000001b4e72f7990,
0x000001b4e72f41e0, 0x000001b4e72f5b30, 0x000001b4e72f7ea0, 0x000001b4e72f46f0,
0x000001b4e72fcfa0, 0x000001b4e72fa210, 0x000001b4e7301170, 0x000001b4f141fd40,
0x000001b4f141e3f0, 0x000001b4f141cfb0, 0x000001b4f141dee0, 0x000001b4f1422fe0,
0x000001b4f1421ba0, 0x000001b4f1423a00, 0x000001b4f14220b0, 0x000001b4f14234f0,
0x000001b4f1425d70, 0x000001b4f1424e40, 0x000001b4f1424420, 0x000001b4f14225c0,
0x000001b4f1421690, 0x000001b4f1426ca0, 0x000001b4f4847910, 0x000001b4f4846ef0,
0x000001b4f4847e20, 0x000001b4f3d5e220, 0x000001b4f3f85540, 0x000001b4f3f84b20,
0x000001b4f43678d0, 0x000001b4e72f4c00, 0x000001b4f3d5ec40, 0x000001b4f6ffb510,
0x000001b4f004ef00, 0x000001b4f0ed0f70, 0x000001b4f13d7e10, 0x000001b4f13d8320,
0x000001b4f3d5f150, 0x000001b4f3d5dd10, 0x000001b4e72f5110, 0x000001b4f0ed0550,
0x000001b4f2a8a720, 0x000001b4f0050340, 0x000001b4f4847400, 0x000001b4f4434f10,
0x000001b4f43673c0, 0x000001b4e72fbb60, 0x000001b4e72fc580, 0x000001b4e72fca90,
0x000001b4f43682f0, 0x000001b4f4786060, 0x000001b4e72f97f0, 0x000001b4f44344f0,
0x000001b4f45e4c80, 0x000001b4f4789300, 0x000001b4f0621290, 0x000001b4f3d5e730,
0x000001b4f06217a0, 0x000001b4f31afb10, 0x000001b4f2a8bb60, 0x000001b4e72fd4b0,
0x000001b4f45e65d0, 0x000001b4f45e56a0, 0x000001b4f45e8430, 0x000001b4f45e5bb0,
0x000001b4f6ff96b0, 0x000001b4f45e6ff0, 0x000001b4f45e6ae0, 0x000001b4f4435420,
0x000001b4f4432ba0, 0x000001b4f2a8c070, 0x000001b4f2a8b140
}

Java Threads: ( => current thread )
  0x000001b482433c60 JavaThread "main" [_thread_blocked, id=6660, stack(0x0000000523600000,0x0000000523700000)]
  0x000001b4a9ea5450 JavaThread "Reference Handler" daemon [_thread_blocked, id=28908, stack(0x0000000523d00000,0x0000000523e00000)]
  0x000001b4a9ea7f30 JavaThread "Finalizer" daemon [_thread_blocked, id=10484, stack(0x0000000523e00000,0x0000000523f00000)]
  0x000001b4a9eb8a20 JavaThread "Signal Dispatcher" daemon [_thread_blocked, id=24268, stack(0x0000000523f00000,0x0000000524000000)]
  0x000001b4a9edb7f0 JavaThread "Attach Listener" daemon [_thread_blocked, id=26756, stack(0x0000000524000000,0x0000000524100000)]
  0x000001b4a9edc0c0 JavaThread "Service Thread" daemon [_thread_blocked, id=29312, stack(0x0000000524100000,0x0000000524200000)]
  0x000001b4a9ee0db0 JavaThread "Monitor Deflation Thread" daemon [_thread_blocked, id=23908, stack(0x0000000524200000,0x0000000524300000)]
  0x000001b4a9ee1fc0 JavaThread "C2 CompilerThread0" daemon [_thread_blocked, id=26564, stack(0x0000000524300000,0x0000000524400000)]
  0x000001b4a9ee2980 JavaThread "C1 CompilerThread0" daemon [_thread_blocked, id=22932, stack(0x0000000524400000,0x0000000524500000)]
  0x000001b4a9ee7ac0 JavaThread "Sweeper thread" daemon [_thread_blocked, id=9448, stack(0x0000000524500000,0x0000000524600000)]
  0x000001b4a9e92d70 JavaThread "Common-Cleaner" daemon [_thread_blocked, id=16160, stack(0x0000000524600000,0x0000000524700000)]
  0x000001b4aa8ea7f0 JavaThread "Notification Thread" daemon [_thread_blocked, id=15024, stack(0x0000000524700000,0x0000000524800000)]
  0x000001b4e4ec4950 JavaThread "Daemon health stats" [_thread_blocked, id=22676, stack(0x0000000524e00000,0x0000000524f00000)]
  0x000001b4e43d8000 JavaThread "Incoming local TCP Connector on port 57141" [_thread_in_native, id=24108, stack(0x0000000524900000,0x0000000524a00000)]
  0x000001b4e574fda0 JavaThread "Daemon periodic checks" [_thread_blocked, id=1436, stack(0x0000000524f00000,0x0000000525000000)]
  0x000001b4e5827000 JavaThread "Cache worker for journal cache (C:\Users\prera\.gradle\caches\journal-1)" [_thread_blocked, id=4500, stack(0x0000000525700000,0x0000000525800000)]
  0x000001b4e5823d60 JavaThread "File lock request listener" [_thread_in_native, id=5696, stack(0x0000000525800000,0x0000000525900000)]
  0x000001b4e5824270 JavaThread "Cache worker for file hash cache (C:\Users\prera\.gradle\caches\8.14.1\fileHashes)" [_thread_blocked, id=29088, stack(0x0000000525900000,0x0000000525a00000)]
  0x000001b4e58260d0 JavaThread "File watcher server" daemon [_thread_blocked, id=24680, stack(0x0000000526300000,0x0000000526400000)]
  0x000001b4e77b1850 JavaThread "File watcher consumer" daemon [_thread_blocked, id=10172, stack(0x0000000526400000,0x0000000526500000)]
  0x000001b4e77af4e0 JavaThread "jar transforms" [_thread_blocked, id=5952, stack(0x0000000526600000,0x0000000526700000)]
  0x000001b4e77b2270 JavaThread "Cache worker for file content cache (C:\Users\prera\.gradle\caches\8.14.1\fileContent)" [_thread_blocked, id=12128, stack(0x0000000526800000,0x0000000526900000)]
  0x000001b4e5b67d90 JavaThread "Memory manager" [_thread_blocked, id=3796, stack(0x0000000529300000,0x0000000529400000)]
  0x000001b4e5b696e0 JavaThread "ForkJoinPool.commonPool-worker-2" daemon [_thread_blocked, id=28156, stack(0x0000000529700000,0x0000000529800000)]
  0x000001b4e5b66950 JavaThread "ForkJoinPool.commonPool-worker-5" daemon [_thread_blocked, id=14540, stack(0x0000000529a00000,0x0000000529b00000)]
  0x000001b4e74c2290 JavaThread "jar transforms Thread 2" [_thread_blocked, id=24604, stack(0x000000052fd00000,0x000000052fe00000)]
  0x000001b4e74c2cb0 JavaThread "jar transforms Thread 3" [_thread_blocked, id=27704, stack(0x000000052b100000,0x000000052b200000)]
  0x000001b4e74c31c0 JavaThread "jar transforms Thread 4" [_thread_blocked, id=19900, stack(0x0000000529500000,0x0000000529600000)]
  0x000001b4e74c36d0 JavaThread "jar transforms Thread 5" [_thread_blocked, id=21068, stack(0x0000000530400000,0x0000000530500000)]
  0x000001b4e74c4b10 JavaThread "jar transforms Thread 6" [_thread_blocked, id=2576, stack(0x0000000530500000,0x0000000530600000)]
  0x000001b4e630b650 JavaThread "jar transforms Thread 7" [_thread_blocked, id=13972, stack(0x0000000530a00000,0x0000000530b00000)]
  0x000001b4e6307ea0 JavaThread "jar transforms Thread 8" [_thread_blocked, id=19436, stack(0x0000000530800000,0x0000000530900000)]
  0x000001b4e630cfa0 JavaThread "jar transforms Thread 9" [_thread_blocked, id=22804, stack(0x0000000530c00000,0x0000000530d00000)]
  0x000001b4e630c580 JavaThread "jar transforms Thread 10" [_thread_blocked, id=28916, stack(0x0000000530b00000,0x0000000530c00000)]
  0x000001b4e630d9c0 JavaThread "jar transforms Thread 11" [_thread_blocked, id=7124, stack(0x0000000523300000,0x0000000523400000)]
  0x000001b4e630e8f0 JavaThread "jar transforms Thread 12" [_thread_blocked, id=6656, stack(0x0000000523500000,0x0000000523600000)]
  0x000001b4e77af9f0 JavaThread "ForkJoinPool.commonPool-worker-14" daemon [_thread_blocked, id=29532, stack(0x0000000528700000,0x0000000528800000)]
  0x000001b4e43f4210 JavaThread "Daemon Thread 3" [_thread_blocked, id=28072, stack(0x0000000523400000,0x0000000523500000)]
  0x000001b4e43f23b0 JavaThread "Handler for socket connection from /127.0.0.1:57141 to /127.0.0.1:63913" [_thread_in_native, id=4836, stack(0x0000000525000000,0x0000000525100000)]
  0x000001b4e43f2dd0 JavaThread "Cancel handler" [_thread_blocked, id=15668, stack(0x0000000525100000,0x0000000525200000)]
  0x000001b4e43f1480 JavaThread "Daemon worker Thread 3" [_thread_blocked, id=24580, stack(0x0000000525200000,0x0000000525300000)]
  0x000001b4e43f83e0 JavaThread "Asynchronous log dispatcher for DefaultDaemonConnection: socket connection from /127.0.0.1:57141 to /127.0.0.1:63913" [_thread_blocked, id=20192, stack(0x0000000525300000,0x0000000525400000)]
  0x000001b4e43f79c0 JavaThread "Stdin handler" [_thread_blocked, id=4444, stack(0x0000000525400000,0x0000000525500000)]
  0x000001b4e43f7ed0 JavaThread "Daemon client event forwarder" [_thread_blocked, id=4972, stack(0x0000000525500000,0x0000000525600000)]
  0x000001b4e43f88f0 JavaThread "Cache worker for file hash cache (C:\Users\prera\BJPApp\android\.gradle\8.14.1\fileHashes)" [_thread_blocked, id=23576, stack(0x0000000525600000,0x0000000525700000)]
  0x000001b4e43f5b60 JavaThread "Cache worker for Build Output Cleanup Cache (C:\Users\prera\BJPApp\android\.gradle\buildOutputCleanup)" [_thread_blocked, id=14592, stack(0x0000000525f00000,0x0000000526000000)]
  0x000001b4e43f6070 JavaThread "Cache worker for checksums cache (C:\Users\prera\BJPApp\android\.gradle\8.14.1\checksums)" [_thread_blocked, id=26392, stack(0x0000000526000000,0x0000000526100000)]
  0x000001b4e43f8e00 JavaThread "Cache worker for cache directory md-supplier (C:\Users\prera\.gradle\caches\8.14.1\md-supplier)" [_thread_blocked, id=9492, stack(0x0000000526500000,0x0000000526600000)]
  0x000001b4e43f5650 JavaThread "Cache worker for cache directory md-rule (C:\Users\prera\.gradle\caches\8.14.1\md-rule)" [_thread_blocked, id=26740, stack(0x0000000526700000,0x0000000526800000)]
  0x000001b4e43f9310 JavaThread "Cache worker for Build Output Cleanup Cache (C:\Users\prera\BJPApp\node_modules\@react-native\gradle-plugin\.gradle\buildOutputCleanup)" [_thread_blocked, id=4628, stack(0x0000000526900000,0x0000000526a00000)]
  0x000001b4e43f74b0 JavaThread "Unconstrained build operations" [_thread_blocked, id=6412, stack(0x0000000526a00000,0x0000000526b00000)]
  0x000001b4e43f9d30 JavaThread "Unconstrained build operations Thread 2" [_thread_blocked, id=25768, stack(0x0000000526b00000,0x0000000526c00000)]
  0x000001b4e43f6580 JavaThread "Unconstrained build operations Thread 3" [_thread_blocked, id=28052, stack(0x0000000526c00000,0x0000000526d00000)]
  0x000001b4e43fa240 JavaThread "Unconstrained build operations Thread 4" [_thread_blocked, id=26568, stack(0x0000000526d00000,0x0000000526e00000)]
  0x000001b4e43f6a90 JavaThread "Unconstrained build operations Thread 5" [_thread_blocked, id=8196, stack(0x0000000526f00000,0x0000000527000000)]
  0x000001b4e43fa750 JavaThread "Unconstrained build operations Thread 6" [_thread_blocked, id=16588, stack(0x0000000527000000,0x0000000527100000)]
  0x000001b4e43f6fa0 JavaThread "Unconstrained build operations Thread 7" [_thread_blocked, id=15220, stack(0x0000000527100000,0x0000000527200000)]
  0x000001b4e43fcac0 JavaThread "Unconstrained build operations Thread 8" [_thread_blocked, id=3768, stack(0x0000000527200000,0x0000000527300000)]
  0x000001b4e43fbb90 JavaThread "Unconstrained build operations Thread 9" [_thread_blocked, id=15256, stack(0x0000000527300000,0x0000000527400000)]
  0x000001b4e43fcfd0 JavaThread "Unconstrained build operations Thread 10" [_thread_blocked, id=11452, stack(0x0000000527400000,0x0000000527500000)]
  0x000001b4e43fb170 JavaThread "Unconstrained build operations Thread 11" [_thread_blocked, id=20788, stack(0x0000000527500000,0x0000000527600000)]
  0x000001b4e43fd4e0 JavaThread "Unconstrained build operations Thread 12" [_thread_blocked, id=24160, stack(0x0000000527600000,0x0000000527700000)]
  0x000001b4e43fac60 JavaThread "Unconstrained build operations Thread 13" [_thread_blocked, id=18304, stack(0x0000000527700000,0x0000000527800000)]
  0x000001b4e43fd9f0 JavaThread "Unconstrained build operations Thread 14" [_thread_blocked, id=5280, stack(0x0000000527800000,0x0000000527900000)]
  0x000001b4e43fdf00 JavaThread "Unconstrained build operations Thread 15" [_thread_blocked, id=28900, stack(0x0000000527900000,0x0000000527a00000)]
  0x000001b4e43fb680 JavaThread "Unconstrained build operations Thread 16" [_thread_blocked, id=27012, stack(0x0000000527a00000,0x0000000527b00000)]
  0x000001b4e43ff850 JavaThread "Unconstrained build operations Thread 17" [_thread_blocked, id=29232, stack(0x0000000527b00000,0x0000000527c00000)]
  0x000001b4e43fe410 JavaThread "Unconstrained build operations Thread 18" [_thread_blocked, id=29420, stack(0x0000000527c00000,0x0000000527d00000)]
  0x000001b4e43fe920 JavaThread "Unconstrained build operations Thread 19" [_thread_blocked, id=27836, stack(0x0000000527d00000,0x0000000527e00000)]
  0x000001b4e43fc0a0 JavaThread "Unconstrained build operations Thread 20" [_thread_blocked, id=6640, stack(0x0000000527e00000,0x0000000527f00000)]
  0x000001b4e43fc5b0 JavaThread "Unconstrained build operations Thread 21" [_thread_blocked, id=15364, stack(0x0000000527f00000,0x0000000528000000)]
  0x000001b4e43ffd60 JavaThread "Unconstrained build operations Thread 22" [_thread_blocked, id=8912, stack(0x0000000528000000,0x0000000528100000)]
  0x000001b4e4400780 JavaThread "Unconstrained build operations Thread 23" [_thread_blocked, id=14728, stack(0x0000000528100000,0x0000000528200000)]
  0x000001b4e43ff340 JavaThread "Unconstrained build operations Thread 24" [_thread_blocked, id=27772, stack(0x0000000528200000,0x0000000528300000)]
  0x000001b4e43fee30 JavaThread "Unconstrained build operations Thread 25" [_thread_blocked, id=20676, stack(0x0000000528300000,0x0000000528400000)]
  0x000001b4e4400270 JavaThread "Unconstrained build operations Thread 26" [_thread_blocked, id=15588, stack(0x0000000528400000,0x0000000528500000)]
  0x000001b4e4400c90 JavaThread "build event listener" [_thread_blocked, id=27052, stack(0x0000000528500000,0x0000000528600000)]
  0x000001b4f18147b0 JavaThread "ForkJoinPool.commonPool-worker-18" daemon [_thread_blocked, id=27668, stack(0x0000000528600000,0x0000000528700000)]
  0x000001b4f18156e0 JavaThread "ForkJoinPool.commonPool-worker-21" daemon [_thread_blocked, id=4752, stack(0x0000000528d00000,0x0000000528e00000)]
  0x000001b4f1814cc0 JavaThread "included builds" [_thread_blocked, id=23764, stack(0x0000000528e00000,0x0000000528f00000)]
  0x000001b4f1815bf0 JavaThread "Execution worker" [_thread_blocked, id=28748, stack(0x0000000528f00000,0x0000000529000000)]
  0x000001b4f1816100 JavaThread "Execution worker Thread 2" [_thread_blocked, id=3156, stack(0x0000000529000000,0x0000000529100000)]
  0x000001b4f1816610 JavaThread "Execution worker Thread 3" [_thread_blocked, id=12680, stack(0x0000000529100000,0x0000000529200000)]
  0x000001b4f1813d90 JavaThread "Execution worker Thread 4" [_thread_blocked, id=28724, stack(0x0000000529200000,0x0000000529300000)]
  0x000001b4f1813880 JavaThread "Execution worker Thread 5" [_thread_blocked, id=22000, stack(0x0000000529400000,0x0000000529500000)]
  0x000001b4f1816b20 JavaThread "Execution worker Thread 6" [_thread_blocked, id=26948, stack(0x0000000529600000,0x0000000529700000)]
  0x000001b4f1813370 JavaThread "Execution worker Thread 7" [_thread_blocked, id=12304, stack(0x0000000529800000,0x0000000529900000)]
  0x000001b4f1817030 JavaThread "Execution worker Thread 8" [_thread_blocked, id=28544, stack(0x0000000529900000,0x0000000529a00000)]
  0x000001b4f1817540 JavaThread "Execution worker Thread 9" [_thread_blocked, id=3348, stack(0x0000000529b00000,0x0000000529c00000)]
  0x000001b4f1817a50 JavaThread "Execution worker Thread 10" [_thread_blocked, id=13768, stack(0x0000000529c00000,0x0000000529d00000)]
  0x000001b4f18142a0 JavaThread "Execution worker Thread 11" [_thread_blocked, id=29344, stack(0x0000000529d00000,0x0000000529e00000)]
  0x000001b4f1817f60 JavaThread "Cache worker for execution history cache (C:\Users\prera\BJPApp\node_modules\@react-native\gradle-plugin\.gradle\8.14.1\executionHistory)" [_thread_blocked, id=20932, stack(0x0000000529e00000,0x0000000529f00000)]
  0x000001b4f1818980 JavaThread "Unconstrained build operations Thread 27" [_thread_blocked, id=9452, stack(0x0000000529f00000,0x000000052a000000)]
  0x000001b4f1818e90 JavaThread "Unconstrained build operations Thread 28" [_thread_blocked, id=17204, stack(0x000000052a000000,0x000000052a100000)]
  0x000001b4f18193a0 JavaThread "Unconstrained build operations Thread 29" [_thread_blocked, id=28508, stack(0x000000052a100000,0x000000052a200000)]
  0x000001b4e5b67880 JavaThread "Unconstrained build operations Thread 30" [_thread_blocked, id=21608, stack(0x000000052a200000,0x000000052a300000)]
  0x000001b4e5b682a0 JavaThread "Unconstrained build operations Thread 31" [_thread_blocked, id=14820, stack(0x000000052a300000,0x000000052a400000)]
  0x000001b4e5b66e60 JavaThread "Unconstrained build operations Thread 32" [_thread_blocked, id=28016, stack(0x000000052a400000,0x000000052a500000)]
  0x000001b4e5b69bf0 JavaThread "Unconstrained build operations Thread 33" [_thread_blocked, id=25152, stack(0x000000052a500000,0x000000052a600000)]
  0x000001b4e5b68cc0 JavaThread "Unconstrained build operations Thread 34" [_thread_blocked, id=14436, stack(0x000000052a600000,0x000000052a700000)]
  0x000001b4e5b691d0 JavaThread "Unconstrained build operations Thread 35" [_thread_blocked, id=25008, stack(0x000000052a700000,0x000000052a800000)]
  0x000001b4e5b66440 JavaThread "Unconstrained build operations Thread 36" [_thread_blocked, id=12788, stack(0x000000052a800000,0x000000052a900000)]
  0x000001b4e5b6a100 JavaThread "Unconstrained build operations Thread 37" [_thread_blocked, id=9084, stack(0x000000052a900000,0x000000052aa00000)]
  0x000001b4e5b6a610 JavaThread "Unconstrained build operations Thread 38" [_thread_blocked, id=24864, stack(0x000000052aa00000,0x000000052ab00000)]
  0x000001b4e5b6d3a0 JavaThread "Unconstrained build operations Thread 39" [_thread_blocked, id=24236, stack(0x000000052ab00000,0x000000052ac00000)]
  0x000001b4e5b6c980 JavaThread "Unconstrained build operations Thread 40" [_thread_blocked, id=5968, stack(0x000000052ac00000,0x000000052ad00000)]
  0x000001b4e5b6ce90 JavaThread "Unconstrained build operations Thread 41" [_thread_blocked, id=10088, stack(0x000000052ad00000,0x000000052ae00000)]
  0x000001b4e5b6ba50 JavaThread "Unconstrained build operations Thread 42" [_thread_blocked, id=6620, stack(0x000000052ae00000,0x000000052af00000)]
  0x000001b4e5b6d8b0 JavaThread "Unconstrained build operations Thread 43" [_thread_blocked, id=6604, stack(0x000000052af00000,0x000000052b000000)]
  0x000001b4e5b6c470 JavaThread "Unconstrained build operations Thread 44" [_thread_blocked, id=4636, stack(0x000000052b000000,0x000000052b100000)]
  0x000001b4e5b6bf60 JavaThread "Unconstrained build operations Thread 45" [_thread_blocked, id=14552, stack(0x000000052b200000,0x000000052b300000)]
  0x000001b4e5b6b540 JavaThread "Unconstrained build operations Thread 46" [_thread_blocked, id=20184, stack(0x000000052b300000,0x000000052b400000)]
  0x000001b4e5b6ab20 JavaThread "Unconstrained build operations Thread 47" [_thread_blocked, id=25356, stack(0x000000052b400000,0x000000052b500000)]
  0x000001b4e5b6b030 JavaThread "Unconstrained build operations Thread 48" [_thread_blocked, id=21728, stack(0x000000052b600000,0x000000052b700000)]
  0x000001b4e74c0430 JavaThread "Unconstrained build operations Thread 49" [_thread_blocked, id=17328, stack(0x000000052b700000,0x000000052b800000)]
  0x000001b4e74c1360 JavaThread "Unconstrained build operations Thread 50" [_thread_blocked, id=28972, stack(0x000000052b800000,0x000000052b900000)]
  0x000001b4e74c1870 JavaThread "Unconstrained build operations Thread 51" [_thread_blocked, id=28248, stack(0x000000052b900000,0x000000052ba00000)]
  0x000001b4e74c0e50 JavaThread "Unconstrained build operations Thread 52" [_thread_blocked, id=23512, stack(0x000000052ba00000,0x000000052bb00000)]
  0x000001b4e74be0c0 JavaThread "Unconstrained build operations Thread 53" [_thread_blocked, id=6668, stack(0x000000052bb00000,0x000000052bc00000)]
  0x000001b4e74be5d0 JavaThread "Unconstrained build operations Thread 54" [_thread_blocked, id=9484, stack(0x000000052bc00000,0x000000052bd00000)]
  0x000001b4e74bff20 JavaThread "Unconstrained build operations Thread 55" [_thread_blocked, id=24684, stack(0x000000052bd00000,0x000000052be00000)]
  0x000001b4e74bf500 JavaThread "Unconstrained build operations Thread 56" [_thread_blocked, id=19272, stack(0x000000052be00000,0x000000052bf00000)]
  0x000001b4e74bfa10 JavaThread "Unconstrained build operations Thread 57" [_thread_blocked, id=10476, stack(0x000000052bf00000,0x000000052c000000)]
  0x000001b4e74c5530 JavaThread "Unconstrained build operations Thread 58" [_thread_blocked, id=17220, stack(0x000000052c000000,0x000000052c100000)]
  0x000001b4e74c27a0 JavaThread "Unconstrained build operations Thread 59" [_thread_blocked, id=17792, stack(0x000000052c100000,0x000000052c200000)]
  0x000001b4e74c3be0 JavaThread "Unconstrained build operations Thread 60" [_thread_blocked, id=10000, stack(0x000000052c200000,0x000000052c300000)]
  0x000001b4e74c1d80 JavaThread "Unconstrained build operations Thread 61" [_thread_blocked, id=13040, stack(0x000000052c300000,0x000000052c400000)]
  0x000001b4e74c40f0 JavaThread "Unconstrained build operations Thread 62" [_thread_blocked, id=15080, stack(0x000000052c400000,0x000000052c500000)]
  0x000001b4e74c4600 JavaThread "Unconstrained build operations Thread 63" [_thread_blocked, id=12948, stack(0x000000052c500000,0x000000052c600000)]
  0x000001b4e74c5a40 JavaThread "Unconstrained build operations Thread 64" [_thread_blocked, id=29180, stack(0x000000052c600000,0x000000052c700000)]
  0x000001b4e77b1340 JavaThread "Unconstrained build operations Thread 65" [_thread_blocked, id=20560, stack(0x000000052c700000,0x000000052c800000)]
  0x000001b4e77aff00 JavaThread "Unconstrained build operations Thread 66" [_thread_blocked, id=23468, stack(0x000000052c800000,0x000000052c900000)]
  0x000001b4e77b6440 JavaThread "Unconstrained build operations Thread 67" [_thread_blocked, id=13808, stack(0x000000052c900000,0x000000052ca00000)]
  0x000001b4e77b4af0 JavaThread "Unconstrained build operations Thread 68" [_thread_blocked, id=26044, stack(0x000000052ca00000,0x000000052cb00000)]
  0x000001b4e77b45e0 JavaThread "Unconstrained build operations Thread 69" [_thread_blocked, id=26772, stack(0x000000052cb00000,0x000000052cc00000)]
  0x000001b4e77b5a20 JavaThread "Unconstrained build operations Thread 70" [_thread_blocked, id=18556, stack(0x000000052cc00000,0x000000052cd00000)]
  0x000001b4e77b6950 JavaThread "Unconstrained build operations Thread 71" [_thread_blocked, id=16644, stack(0x000000052cd00000,0x000000052ce00000)]
  0x000001b4e77b6e60 JavaThread "Unconstrained build operations Thread 72" [_thread_blocked, id=24844, stack(0x000000052ce00000,0x000000052cf00000)]
  0x000001b4e77b3bc0 JavaThread "Unconstrained build operations Thread 73" [_thread_blocked, id=22584, stack(0x000000052cf00000,0x000000052d000000)]
  0x000001b4e77b5000 JavaThread "Unconstrained build operations Thread 74" [_thread_blocked, id=6584, stack(0x000000052d000000,0x000000052d100000)]
  0x000001b4e77b40d0 JavaThread "Unconstrained build operations Thread 75" [_thread_blocked, id=28524, stack(0x000000052d100000,0x000000052d200000)]
  0x000001b4e77b5510 JavaThread "Unconstrained build operations Thread 76" [_thread_blocked, id=28004, stack(0x000000052d200000,0x000000052d300000)]
  0x000001b4e77b5f30 JavaThread "Unconstrained build operations Thread 77" [_thread_blocked, id=22784, stack(0x000000052d300000,0x000000052d400000)]
  0x000001b4e5824780 JavaThread "Unconstrained build operations Thread 78" [_thread_blocked, id=20868, stack(0x000000052d400000,0x000000052d500000)]
  0x000001b4e5824c90 JavaThread "Unconstrained build operations Thread 79" [_thread_blocked, id=22900, stack(0x000000052d500000,0x000000052d600000)]
  0x000001b4e58251a0 JavaThread "Unconstrained build operations Thread 80" [_thread_blocked, id=23892, stack(0x000000052d600000,0x000000052d700000)]
  0x000001b4e5825bc0 JavaThread "Unconstrained build operations Thread 81" [_thread_blocked, id=1512, stack(0x000000052d700000,0x000000052d800000)]
  0x000001b4e5827510 JavaThread "Unconstrained build operations Thread 82" [_thread_blocked, id=19580, stack(0x000000052d800000,0x000000052d900000)]
  0x000001b4e5826af0 JavaThread "Unconstrained build operations Thread 83" [_thread_blocked, id=9876, stack(0x000000052d900000,0x000000052da00000)]
  0x000001b4e630ac30 JavaThread "Unconstrained build operations Thread 84" [_thread_blocked, id=28656, stack(0x000000052da00000,0x000000052db00000)]
  0x000001b4e630a720 JavaThread "Unconstrained build operations Thread 85" [_thread_blocked, id=3356, stack(0x000000052db00000,0x000000052dc00000)]
  0x000001b4e63083b0 JavaThread "Unconstrained build operations Thread 86" [_thread_blocked, id=25980, stack(0x000000052dc00000,0x000000052dd00000)]
  0x000001b4e630f310 JavaThread "Unconstrained build operations Thread 87" [_thread_blocked, id=27796, stack(0x000000052dd00000,0x000000052de00000)]
  0x000001b4f19baa10 JavaThread "Unconstrained build operations Thread 88" [_thread_blocked, id=18968, stack(0x000000052de00000,0x000000052df00000)]
  0x000001b4f19bcd80 JavaThread "Unconstrained build operations Thread 89" [_thread_blocked, id=7560, stack(0x000000052df00000,0x000000052e000000)]
  0x000001b4f19bc870 JavaThread "Unconstrained build operations Thread 90" [_thread_blocked, id=23928, stack(0x000000052e000000,0x000000052e100000)]
  0x000001b4f19b9ff0 JavaThread "Unconstrained build operations Thread 91" [_thread_blocked, id=8772, stack(0x000000052e100000,0x000000052e200000)]
  0x000001b4f19b9ae0 JavaThread "Unconstrained build operations Thread 92" [_thread_blocked, id=21976, stack(0x000000052e200000,0x000000052e300000)]
  0x000001b4f19bbe50 JavaThread "Unconstrained build operations Thread 93" [_thread_blocked, id=20552, stack(0x000000052e300000,0x000000052e400000)]
  0x000001b4f19ba500 JavaThread "Unconstrained build operations Thread 94" [_thread_blocked, id=6556, stack(0x000000052e400000,0x000000052e500000)]
  0x000001b4f19be1c0 JavaThread "Unconstrained build operations Thread 95" [_thread_blocked, id=22716, stack(0x000000052e500000,0x000000052e600000)]
  0x000001b4f19bd7a0 JavaThread "Unconstrained build operations Thread 96" [_thread_blocked, id=12712, stack(0x000000052e600000,0x000000052e700000)]
  0x000001b4f19bb430 JavaThread "Unconstrained build operations Thread 97" [_thread_blocked, id=6692, stack(0x000000052e700000,0x000000052e800000)]
  0x000001b4f19bdcb0 JavaThread "Unconstrained build operations Thread 98" [_thread_blocked, id=12988, stack(0x000000052e800000,0x000000052e900000)]
  0x000001b4f19baf20 JavaThread "Unconstrained build operations Thread 99" [_thread_blocked, id=11176, stack(0x000000052e900000,0x000000052ea00000)]
  0x000001b4f19bebe0 JavaThread "Unconstrained build operations Thread 100" [_thread_blocked, id=1420, stack(0x000000052ea00000,0x000000052eb00000)]
  0x000001b4f19be6d0 JavaThread "Unconstrained build operations Thread 101" [_thread_blocked, id=2728, stack(0x000000052eb00000,0x000000052ec00000)]
  0x000001b4f19bd290 JavaThread "build event listener" [_thread_blocked, id=22588, stack(0x000000052b500000,0x000000052b600000)]
  0x000001b4f19bb940 JavaThread "Problems report writer" [_thread_blocked, id=28080, stack(0x000000052ec00000,0x000000052ed00000)]
  0x000001b4f19bfb10 JavaThread "Unconstrained build operations Thread 102" [_thread_blocked, id=8568, stack(0x000000052ed00000,0x000000052ee00000)]
  0x000001b4f19c1460 JavaThread "Unconstrained build operations Thread 103" [_thread_blocked, id=29424, stack(0x000000052ee00000,0x000000052ef00000)]
  0x000001b4f19c0530 JavaThread "Unconstrained build operations Thread 104" [_thread_blocked, id=29288, stack(0x000000052f000000,0x000000052f100000)]
  0x000001b4f19c0020 JavaThread "Unconstrained build operations Thread 105" [_thread_blocked, id=1856, stack(0x000000052f100000,0x000000052f200000)]
  0x000001b4f19c0a40 JavaThread "Unconstrained build operations Thread 106" [_thread_blocked, id=13372, stack(0x000000052f200000,0x000000052f300000)]
  0x000001b4f19c0f50 JavaThread "Unconstrained build operations Thread 107" [_thread_blocked, id=18088, stack(0x000000052f300000,0x000000052f400000)]
  0x000001b4e58256b0 JavaThread "Unconstrained build operations Thread 108" [_thread_blocked, id=14992, stack(0x000000052f400000,0x000000052f500000)]
  0x000001b4e72f3cd0 JavaThread "Unconstrained build operations Thread 109" [_thread_blocked, id=6172, stack(0x000000052f500000,0x000000052f600000)]
  0x000001b4e72f6550 JavaThread "Unconstrained build operations Thread 110" [_thread_blocked, id=21056, stack(0x000000052f600000,0x000000052f700000)]
  0x000001b4e72f6040 JavaThread "Unconstrained build operations Thread 111" [_thread_blocked, id=7956, stack(0x000000052f700000,0x000000052f800000)]
  0x000001b4e72f6a60 JavaThread "Unconstrained build operations Thread 112" [_thread_blocked, id=28352, stack(0x000000052f800000,0x000000052f900000)]
  0x000001b4e72f5620 JavaThread "Unconstrained build operations Thread 113" [_thread_blocked, id=11440, stack(0x000000052f900000,0x000000052fa00000)]
  0x000001b4e72f6f70 JavaThread "Unconstrained build operations Thread 114" [_thread_blocked, id=27448, stack(0x000000052fa00000,0x000000052fb00000)]
  0x000001b4e72f7480 JavaThread "Unconstrained build operations Thread 115" [_thread_blocked, id=26188, stack(0x000000052fb00000,0x000000052fc00000)]
  0x000001b4e72f7990 JavaThread "Unconstrained build operations Thread 116" [_thread_blocked, id=4936, stack(0x000000052fc00000,0x000000052fd00000)]
  0x000001b4e72f41e0 JavaThread "Unconstrained build operations Thread 117" [_thread_blocked, id=416, stack(0x000000052fe00000,0x000000052ff00000)]
  0x000001b4e72f5b30 JavaThread "Unconstrained build operations Thread 118" [_thread_blocked, id=13944, stack(0x000000052ff00000,0x0000000530000000)]
  0x000001b4e72f7ea0 JavaThread "Unconstrained build operations Thread 119" [_thread_blocked, id=24200, stack(0x0000000530000000,0x0000000530100000)]
  0x000001b4e72f46f0 JavaThread "Unconstrained build operations Thread 120" [_thread_blocked, id=10760, stack(0x0000000530e00000,0x0000000530f00000)]
  0x000001b4e72fcfa0 JavaThread "Cache worker for execution history cache (C:\Users\prera\BJPApp\android\.gradle\8.14.1\executionHistory)" [_thread_blocked, id=10740, stack(0x0000000531500000,0x0000000531600000)]
  0x000001b4e72fa210 JavaThread "WorkerExecutor Queue Thread 5" [_thread_blocked, id=19468, stack(0x0000000531a00000,0x0000000531b00000)]
  0x000001b4e7301170 JavaThread "WorkerExecutor Queue Thread 9" [_thread_blocked, id=18636, stack(0x0000000531e00000,0x0000000531f00000)]
  0x000001b4f141fd40 JavaThread "Cache worker for Java compile cache (C:\Users\prera\.gradle\caches\8.14.1\javaCompile)" [_thread_blocked, id=22852, stack(0x000000052ef00000,0x000000052f000000)]
  0x000001b4f141e3f0 JavaThread "Build operations" [_thread_blocked, id=13644, stack(0x0000000532300000,0x0000000532400000)]
  0x000001b4f141cfb0 JavaThread "Build operations Thread 2" [_thread_blocked, id=13380, stack(0x0000000532600000,0x0000000532700000)]
  0x000001b4f141dee0 JavaThread "Build operations Thread 3" [_thread_blocked, id=4032, stack(0x0000000532700000,0x0000000532800000)]
  0x000001b4f1422fe0 JavaThread "Build operations Thread 4" [_thread_blocked, id=6848, stack(0x0000000532800000,0x0000000532900000)]
  0x000001b4f1421ba0 JavaThread "Build operations Thread 5" [_thread_blocked, id=28340, stack(0x0000000532900000,0x0000000532a00000)]
  0x000001b4f1423a00 JavaThread "Build operations Thread 6" [_thread_blocked, id=26672, stack(0x0000000532a00000,0x0000000532b00000)]
  0x000001b4f14220b0 JavaThread "Build operations Thread 7" [_thread_blocked, id=5692, stack(0x0000000532b00000,0x0000000532c00000)]
  0x000001b4f14234f0 JavaThread "Build operations Thread 8" [_thread_blocked, id=28844, stack(0x0000000532c00000,0x0000000532d00000)]
  0x000001b4f1425d70 JavaThread "Build operations Thread 9" [_thread_blocked, id=5724, stack(0x0000000532d00000,0x0000000532e00000)]
  0x000001b4f1424e40 JavaThread "Build operations Thread 10" [_thread_blocked, id=29428, stack(0x0000000532e00000,0x0000000532f00000)]
  0x000001b4f1424420 JavaThread "Build operations Thread 11" [_thread_blocked, id=28924, stack(0x0000000532f00000,0x0000000533000000)]
  0x000001b4f14225c0 JavaThread "Build operations Thread 12" [_thread_blocked, id=27280, stack(0x0000000533000000,0x0000000533100000)]
  0x000001b4f1421690 JavaThread "WorkerExecutor Queue Thread 17" [_thread_blocked, id=24388, stack(0x0000000530f00000,0x0000000531000000)]
  0x000001b4f1426ca0 JavaThread "WorkerExecutor Queue Thread 18" [_thread_blocked, id=28344, stack(0x0000000531200000,0x0000000531300000)]
  0x000001b4f4847910 JavaThread "RMI Scheduler(0)" daemon [_thread_blocked, id=21224, stack(0x0000000531300000,0x0000000531400000)]
  0x000001b4f4846ef0 JavaThread "RMI RenewClean-[127.0.0.1:17351,org.jetbrains.kotlin.daemon.common.LoopbackNetworkInterface$ClientLoopbackSocketFactory@16b567]" daemon [_thread_blocked, id=16144, stack(0x0000000531800000,0x0000000531900000)]
  0x000001b4f4847e20 JavaThread "RMI GC Daemon" daemon [_thread_blocked, id=19528, stack(0x0000000531c00000,0x0000000531d00000)]
  0x000001b4f3d5e220 JavaThread "RMI RenewClean-[127.0.0.1:17351,org.jetbrains.kotlin.daemon.common.LoopbackNetworkInterface$ClientLoopbackSocketFactory@73591e37]" daemon [_thread_blocked, id=27388, stack(0x0000000532400000,0x0000000532500000)]
  0x000001b4f3f85540 JavaThread "RMI TCP Accept-0" daemon [_thread_in_native, id=18516, stack(0x0000000533100000,0x0000000533200000)]
  0x000001b4f3f84b20 JavaThread "RMI Reaper" [_thread_blocked, id=14056, stack(0x0000000533400000,0x0000000533500000)]
  0x000001b4f43678d0 JavaThread "RMI RenewClean-[127.0.0.1:17351,org.jetbrains.kotlin.daemon.common.LoopbackNetworkInterface$ClientLoopbackSocketFactory@5a968676]" daemon [_thread_blocked, id=10592, stack(0x0000000533500000,0x0000000533600000)]
  0x000001b4e72f4c00 JavaThread "RMI RenewClean-[127.0.0.1:17351,org.jetbrains.kotlin.daemon.common.LoopbackNetworkInterface$ClientLoopbackSocketFactory@4003b5fe]" daemon [_thread_blocked, id=26336, stack(0x0000000526e00000,0x0000000526f00000)]
  0x000001b4f3d5ec40 JavaThread "RMI RenewClean-[127.0.0.1:17351,org.jetbrains.kotlin.daemon.common.LoopbackNetworkInterface$ClientLoopbackSocketFactory@3f7f33e0]" daemon [_thread_blocked, id=27028, stack(0x0000000531b00000,0x0000000531c00000)]
  0x000001b4f6ffb510 JavaThread "WorkerExecutor Queue Thread 22" [_thread_blocked, id=12804, stack(0x0000000532500000,0x0000000532600000)]
  0x000001b4f004ef00 JavaThread "Exec process Thread 10" [_thread_in_native, id=29068, stack(0x0000000531600000,0x0000000531700000)]
  0x000001b4f0ed0f70 JavaThread "Exec process Thread 11" [_thread_blocked, id=21080, stack(0x0000000533d00000,0x0000000533e00000)]
  0x000001b4f13d7e10 JavaThread "Exec process Thread 12" [_thread_in_native, id=28132, stack(0x0000000533e00000,0x0000000533f00000)]
  0x000001b4f13d8320 JavaThread "Exec process Thread 13" [_thread_in_native, id=14164, stack(0x0000000533f00000,0x0000000534000000)]
  0x000001b4f3d5f150 JavaThread "Exec process Thread 14" [_thread_blocked, id=13968, stack(0x0000000531400000,0x0000000531500000)]
  0x000001b4f3d5dd10 JavaThread "Exec process Thread 15" [_thread_blocked, id=16772, stack(0x0000000534000000,0x0000000534100000)]
  0x000001b4e72f5110 JavaThread "WorkerExecutor Queue Thread 23" [_thread_blocked, id=11252, stack(0x0000000528c00000,0x0000000528d00000)]
  0x000001b4f0ed0550 JavaThread "WorkerExecutor Queue Thread 24" [_thread_blocked, id=10380, stack(0x0000000531900000,0x0000000531a00000)]
  0x000001b4f2a8a720 JavaThread "WorkerExecutor Queue Thread 25" [_thread_blocked, id=28504, stack(0x0000000532100000,0x0000000532200000)]
  0x000001b4f0050340 JavaThread "WorkerExecutor Queue Thread 26" [_thread_blocked, id=3108, stack(0x0000000533700000,0x0000000533800000)]
  0x000001b4f4847400 JavaThread "WorkerExecutor Queue Thread 27" [_thread_blocked, id=11152, stack(0x0000000533800000,0x0000000533900000)]
  0x000001b4f4434f10 JavaThread "WorkerExecutor Queue Thread 28" [_thread_blocked, id=17716, stack(0x0000000528800000,0x0000000528900000)]
  0x000001b4f43673c0 JavaThread "pool-6-thread-1" [_thread_blocked, id=15356, stack(0x0000000528a00000,0x0000000528b00000)]
  0x000001b4e72fbb60 JavaThread "stderr" [_thread_in_native, id=2912, stack(0x0000000531700000,0x0000000531800000)]
  0x000001b4e72fc580 JavaThread "stdout" [_thread_in_native, id=27348, stack(0x0000000531f00000,0x0000000532000000)]
  0x000001b4e72fca90 JavaThread "WorkerExecutor Queue Thread 29" [_thread_blocked, id=1960, stack(0x0000000532000000,0x0000000532100000)]
  0x000001b4f43682f0 JavaThread "ForkJoinPool-1-worker-1" daemon [_thread_blocked, id=14184, stack(0x0000000531d00000,0x0000000531e00000)]
  0x000001b4f4786060 JavaThread "ForkJoinPool-1-worker-2" daemon [_thread_blocked, id=8240, stack(0x0000000532200000,0x0000000532300000)]
  0x000001b4e72f97f0 JavaThread "ForkJoinPool-1-worker-3" daemon [_thread_blocked, id=11600, stack(0x0000000533600000,0x0000000533700000)]
  0x000001b4f44344f0 JavaThread "ForkJoinPool-1-worker-4" daemon [_thread_blocked, id=14764, stack(0x0000000533900000,0x0000000533a00000)]
  0x000001b4f45e4c80 JavaThread "ForkJoinPool-1-worker-5" daemon [_thread_blocked, id=19392, stack(0x0000000533a00000,0x0000000533b00000)]
  0x000001b4f4789300 JavaThread "ForkJoinPool-1-worker-6" daemon [_thread_blocked, id=10552, stack(0x0000000533b00000,0x0000000533c00000)]
  0x000001b4f0621290 JavaThread "ForkJoinPool-1-worker-7" daemon [_thread_blocked, id=20944, stack(0x0000000533c00000,0x0000000533d00000)]
  0x000001b4f3d5e730 JavaThread "ForkJoinPool-1-worker-8" daemon [_thread_blocked, id=26944, stack(0x0000000534100000,0x0000000534200000)]
  0x000001b4f06217a0 JavaThread "ForkJoinPool-1-worker-9" daemon [_thread_blocked, id=21108, stack(0x0000000534200000,0x0000000534300000)]
  0x000001b4f31afb10 JavaThread "ForkJoinPool-1-worker-10" daemon [_thread_blocked, id=22052, stack(0x0000000534300000,0x0000000534400000)]
  0x000001b4f2a8bb60 JavaThread "ForkJoinPool-1-worker-11" daemon [_thread_blocked, id=7628, stack(0x0000000534400000,0x0000000534500000)]
  0x000001b4e72fd4b0 JavaThread "ForkJoinPool-1-worker-12" daemon [_thread_blocked, id=8368, stack(0x0000000534500000,0x0000000534600000)]
  0x000001b4f45e65d0 JavaThread "RMI TCP Connection(idle)" daemon [_thread_blocked, id=27800, stack(0x0000000528b00000,0x0000000528c00000)]
  0x000001b4f45e56a0 JavaThread "RMI TCP Connection(idle)" daemon [_thread_blocked, id=23396, stack(0x0000000534600000,0x0000000534700000)]
  0x000001b4f45e8430 JavaThread "RMI TCP Connection(idle)" daemon [_thread_blocked, id=10768, stack(0x0000000534700000,0x0000000534800000)]
  0x000001b4f45e5bb0 JavaThread "RMI TCP Connection(idle)" daemon [_thread_blocked, id=20040, stack(0x0000000534800000,0x0000000534900000)]
  0x000001b4f6ff96b0 JavaThread "RMI TCP Connection(idle)" daemon [_thread_blocked, id=2316, stack(0x0000000534900000,0x0000000534a00000)]
  0x000001b4f45e6ff0 JavaThread "stderr" [_thread_blocked, id=2136, stack(0x0000000534a00000,0x0000000534b00000)]
  0x000001b4f45e6ae0 JavaThread "stdout" [_thread_in_native, id=22412, stack(0x0000000534b00000,0x0000000534c00000)]
  0x000001b4f4435420 JavaThread "stderr" [_thread_in_native, id=21772, stack(0x0000000534c00000,0x0000000534d00000)]
  0x000001b4f4432ba0 JavaThread "stdout" [_thread_in_native, id=14044, stack(0x0000000534d00000,0x0000000534e00000)]
  0x000001b4f2a8c070 JavaThread "stderr" [_thread_blocked, id=24812, stack(0x0000000534e00000,0x0000000534f00000)]
  0x000001b4f2a8b140 JavaThread "stdout" [_thread_in_native, id=12348, stack(0x0000000534f00000,0x0000000535000000)]

Other Threads:
=>0x000001b4a9e9f6b0 VMThread "VM Thread" [stack: 0x0000000523c00000,0x0000000523d00000] [id=2908]
  0x000001b4aa840c00 WatcherThread [stack: 0x0000000524800000,0x0000000524900000] [id=5448]
  0x000001b4824c13e0 GCTaskThread "GC Thread#0" [stack: 0x0000000523700000,0x0000000523800000] [id=15620]
  0x000001b4aa8ef200 GCTaskThread "GC Thread#1" [stack: 0x0000000524a00000,0x0000000524b00000] [id=22876]
  0x000001b4e427d760 GCTaskThread "GC Thread#2" [stack: 0x0000000524b00000,0x0000000524c00000] [id=29108]
  0x000001b4e4113bc0 GCTaskThread "GC Thread#3" [stack: 0x0000000524c00000,0x0000000524d00000] [id=13752]
  0x000001b4e43b54f0 GCTaskThread "GC Thread#4" [stack: 0x0000000524d00000,0x0000000524e00000] [id=20688]
  0x000001b4e5af1d30 GCTaskThread "GC Thread#5" [stack: 0x0000000525a00000,0x0000000525b00000] [id=25464]
  0x000001b4e5a7f3d0 GCTaskThread "GC Thread#6" [stack: 0x0000000525b00000,0x0000000525c00000] [id=12044]
  0x000001b4e57fd530 GCTaskThread "GC Thread#7" [stack: 0x0000000525c00000,0x0000000525d00000] [id=11808]
  0x000001b4e4287640 GCTaskThread "GC Thread#8" [stack: 0x0000000525d00000,0x0000000525e00000] [id=14900]
  0x000001b4e5aed5d0 GCTaskThread "GC Thread#9" [stack: 0x0000000525e00000,0x0000000525f00000] [id=16536]
  0x000001b4824cbf00 ConcurrentGCThread "G1 Main Marker" [stack: 0x0000000523800000,0x0000000523900000] [id=5772]
  0x000001b4824cc6d0 ConcurrentGCThread "G1 Conc#0" [stack: 0x0000000523900000,0x0000000523a00000] [id=23820]
  0x000001b4e7815440 ConcurrentGCThread "G1 Conc#1" [stack: 0x0000000526100000,0x0000000526200000] [id=28464]
  0x000001b4e76b63a0 ConcurrentGCThread "G1 Conc#2" [stack: 0x0000000526200000,0x0000000526300000] [id=10616]
  0x000001b4824dec00 ConcurrentGCThread "G1 Refine#0" [stack: 0x0000000523a00000,0x0000000523b00000] [id=20992]
  0x000001b4ef6d7e50 ConcurrentGCThread "G1 Refine#1" [stack: 0x0000000531000000,0x0000000531100000] [id=18708]
  0x000001b4ef6db040 ConcurrentGCThread "G1 Refine#2" [stack: 0x0000000531100000,0x0000000531200000] [id=18156]
  0x000001b4e4ceec90 ConcurrentGCThread "G1 Refine#3" [stack: 0x0000000530100000,0x0000000530200000] [id=14680]
  0x000001b4e4cee6b0 ConcurrentGCThread "G1 Refine#4" [stack: 0x0000000530200000,0x0000000530300000] [id=19516]
  0x000001b4e4cee9a0 ConcurrentGCThread "G1 Refine#5" [stack: 0x0000000530300000,0x0000000530400000] [id=25248]
  0x000001b4e4cee0d0 ConcurrentGCThread "G1 Refine#6" [stack: 0x0000000530600000,0x0000000530700000] [id=26812]
  0x000001b4e4ceef80 ConcurrentGCThread "G1 Refine#7" [stack: 0x0000000530700000,0x0000000530800000] [id=2568]
  0x000001b4e4cef270 ConcurrentGCThread "G1 Refine#8" [stack: 0x0000000530900000,0x0000000530a00000] [id=24520]
  0x000001b4e4ced800 ConcurrentGCThread "G1 Refine#9" [stack: 0x0000000530d00000,0x0000000530e00000] [id=6976]
  0x000001b4a9d576f0 ConcurrentGCThread "G1 Service" [stack: 0x0000000523b00000,0x0000000523c00000] [id=25728]

Threads with active compile tasks:
C2 CompilerThread0  1097395 51345       4       com.android.tools.r8.graph.J0::a (239 bytes)
C1 CompilerThread0  1097395 51458       2       org.gradle.internal.time.ExponentialBackoff::of (22 bytes)

VM state: at safepoint (normal execution)

VM Mutex/Monitor currently owned by a thread:  ([mutex/lock_event])
[0x000001b48242e0c0] Threads_lock - owner thread: 0x000001b4a9e9f6b0
[0x000001b48242d4f0] Heap_lock - owner thread: 0x000001b4f43682f0

Heap address: 0x0000000680000000, size: 6144 MB, Compressed Oops mode: Zero based, Oop shift amount: 3

CDS archive(s) mapped at: [0x000001b4ab000000-0x000001b4abbb0000-0x000001b4abbb0000), size 12255232, SharedBaseAddress: 0x000001b4ab000000, ArchiveRelocationMode: 1.
Compressed class space mapped at: 0x000001b4ac000000-0x000001b4e0000000, reserved size: 872415232
Narrow klass base: 0x000001b4ab000000, Narrow klass shift: 0, Narrow klass range: 0x100000000

GC Precious Log:
 CPUs: 12 total, 12 available
 Memory: 7863M
 Large Page Support: Disabled
 NUMA Support: Disabled
 Compressed Oops: Enabled (Zero based)
 Heap Region Size: 4M
 Heap Min Capacity: 8M
 Heap Initial Capacity: 124M
 Heap Max Capacity: 6G
 Pre-touch: Disabled
 Parallel Workers: 10
 Concurrent Workers: 3
 Concurrent Refinement Workers: 10
 Periodic GC: Disabled

Heap:
 garbage-first heap   total 3919872K, used 1355705K [0x0000000680000000, 0x0000000800000000)
  region size 4096K, 3 young (12288K), 3 survivors (12288K)
 Metaspace       used 191258K, committed 194432K, reserved 1048576K
  class space    used 25473K, committed 26944K, reserved 851968K

Heap Regions: E=young(eden), S=young(survivor), O=old, HS=humongous(starts), HC=humongous(continues), CS=collection set, F=free, OA=open archive, CA=closed archive, TAMS=top-at-mark-start (previous, next)
|   0|0x0000000680000000, 0x0000000680400000, 0x0000000680400000|100%|HS|  |TAMS 0x0000000680400000, 0x0000000680000000| Complete 
|   1|0x0000000680400000, 0x0000000680800000, 0x0000000680800000|100%| O|  |TAMS 0x0000000680800000, 0x0000000680400000| Untracked 
|   2|0x0000000680800000, 0x0000000680c00000, 0x0000000680c00000|100%| O|  |TAMS 0x0000000680c00000, 0x0000000680800000| Untracked 
|   3|0x0000000680c00000, 0x0000000680fdea00, 0x0000000681000000| 96%| O|  |TAMS 0x0000000680fdea00, 0x0000000680c00000| Untracked 
|   4|0x0000000681000000, 0x0000000681400000, 0x0000000681400000|100%| O|  |TAMS 0x0000000681400000, 0x0000000681000000| Untracked 
|   5|0x0000000681400000, 0x0000000681800000, 0x0000000681800000|100%| O|  |TAMS 0x0000000681800000, 0x0000000681400000| Untracked 
|   6|0x0000000681800000, 0x0000000681c00000, 0x0000000681c00000|100%| O|  |TAMS 0x0000000681c00000, 0x0000000681800000| Untracked 
|   7|0x0000000681c00000, 0x0000000682000000, 0x0000000682000000|100%| O|  |TAMS 0x0000000682000000, 0x0000000681c00000| Untracked 
|   8|0x0000000682000000, 0x0000000682400000, 0x0000000682400000|100%| O|  |TAMS 0x0000000682400000, 0x0000000682000000| Untracked 
|   9|0x0000000682400000, 0x0000000682800000, 0x0000000682800000|100%| O|  |TAMS 0x0000000682800000, 0x0000000682400000| Untracked 
|  10|0x0000000682800000, 0x0000000682c00000, 0x0000000682c00000|100%|HS|  |TAMS 0x0000000682c00000, 0x0000000682800000| Complete 
|  11|0x0000000682c00000, 0x0000000683000000, 0x0000000683000000|100%|HS|  |TAMS 0x0000000683000000, 0x0000000682c00000| Complete 
|  12|0x0000000683000000, 0x0000000683400000, 0x0000000683400000|100%| O|  |TAMS 0x0000000683400000, 0x0000000683000000| Untracked 
|  13|0x0000000683400000, 0x0000000683800000, 0x0000000683800000|100%| O|  |TAMS 0x0000000683800000, 0x0000000683400000| Untracked 
|  14|0x0000000683800000, 0x0000000683c00000, 0x0000000683c00000|100%| O|  |TAMS 0x0000000683c00000, 0x0000000683800000| Untracked 
|  15|0x0000000683c00000, 0x0000000684000000, 0x0000000684000000|100%| O|  |TAMS 0x0000000684000000, 0x0000000683c00000| Untracked 
|  16|0x0000000684000000, 0x0000000684400000, 0x0000000684400000|100%| O|  |TAMS 0x0000000684400000, 0x0000000684000000| Untracked 
|  17|0x0000000684400000, 0x0000000684800000, 0x0000000684800000|100%| O|  |TAMS 0x0000000684800000, 0x0000000684400000| Untracked 
|  18|0x0000000684800000, 0x0000000684c00000, 0x0000000684c00000|100%| O|  |TAMS 0x0000000684c00000, 0x0000000684800000| Untracked 
|  19|0x0000000684c00000, 0x0000000685000000, 0x0000000685000000|100%| O|  |TAMS 0x0000000685000000, 0x0000000684c00000| Untracked 
|  20|0x0000000685000000, 0x0000000685400000, 0x0000000685400000|100%| O|  |TAMS 0x0000000685400000, 0x0000000685000000| Untracked 
|  21|0x0000000685400000, 0x0000000685800000, 0x0000000685800000|100%| O|  |TAMS 0x0000000685800000, 0x0000000685400000| Untracked 
|  22|0x0000000685800000, 0x0000000685c00000, 0x0000000685c00000|100%| O|  |TAMS 0x0000000685c00000, 0x0000000685800000| Untracked 
|  23|0x0000000685c00000, 0x0000000686000000, 0x0000000686000000|100%| O|  |TAMS 0x0000000686000000, 0x0000000685c00000| Untracked 
|  24|0x0000000686000000, 0x0000000686400000, 0x0000000686400000|100%| O|  |TAMS 0x0000000686400000, 0x0000000686000000| Untracked 
|  25|0x0000000686400000, 0x0000000686800000, 0x0000000686800000|100%| O|  |TAMS 0x0000000686800000, 0x0000000686400000| Untracked 
|  26|0x0000000686800000, 0x0000000686c00000, 0x0000000686c00000|100%| O|  |TAMS 0x0000000686c00000, 0x0000000686800000| Untracked 
|  27|0x0000000686c00000, 0x0000000687000000, 0x0000000687000000|100%| O|  |TAMS 0x0000000687000000, 0x0000000686c00000| Untracked 
|  28|0x0000000687000000, 0x0000000687400000, 0x0000000687400000|100%|HS|  |TAMS 0x0000000687400000, 0x0000000687000000| Complete 
|  29|0x0000000687400000, 0x0000000687800000, 0x0000000687800000|100%| O|  |TAMS 0x0000000687800000, 0x0000000687400000| Untracked 
|  30|0x0000000687800000, 0x0000000687c00000, 0x0000000687c00000|100%| O|  |TAMS 0x0000000687c00000, 0x0000000687800000| Untracked 
|  31|0x0000000687c00000, 0x0000000688000000, 0x0000000688000000|100%| O|  |TAMS 0x0000000688000000, 0x0000000687c00000| Untracked 
|  32|0x0000000688000000, 0x0000000688400000, 0x0000000688400000|100%| O|  |TAMS 0x0000000688400000, 0x0000000688000000| Untracked 
|  33|0x0000000688400000, 0x0000000688800000, 0x0000000688800000|100%| O|  |TAMS 0x0000000688800000, 0x0000000688400000| Untracked 
|  34|0x0000000688800000, 0x0000000688c00000, 0x0000000688c00000|100%| O|  |TAMS 0x0000000688800000, 0x0000000688800000| Untracked 
|  35|0x0000000688c00000, 0x0000000689000000, 0x0000000689000000|100%| O|  |TAMS 0x0000000688c00000, 0x0000000688c00000| Untracked 
|  36|0x0000000689000000, 0x0000000689400000, 0x0000000689400000|100%| O|  |TAMS 0x0000000689000000, 0x0000000689000000| Untracked 
|  37|0x0000000689400000, 0x0000000689800000, 0x0000000689800000|100%| O|  |TAMS 0x0000000689400000, 0x0000000689400000| Untracked 
|  38|0x0000000689800000, 0x0000000689c00000, 0x0000000689c00000|100%| O|  |TAMS 0x0000000689800000, 0x0000000689800000| Untracked 
|  39|0x0000000689c00000, 0x000000068a000000, 0x000000068a000000|100%| O|  |TAMS 0x000000068a000000, 0x0000000689c00000| Untracked 
|  40|0x000000068a000000, 0x000000068a400000, 0x000000068a400000|100%| O|  |TAMS 0x000000068a000000, 0x000000068a000000| Untracked 
|  41|0x000000068a400000, 0x000000068a800000, 0x000000068a800000|100%| O|  |TAMS 0x000000068a400000, 0x000000068a400000| Untracked 
|  42|0x000000068a800000, 0x000000068ac00000, 0x000000068ac00000|100%| O|  |TAMS 0x000000068a800000, 0x000000068a800000| Untracked 
|  43|0x000000068ac00000, 0x000000068b000000, 0x000000068b000000|100%| O|  |TAMS 0x000000068ac00000, 0x000000068ac00000| Untracked 
|  44|0x000000068b000000, 0x000000068b400000, 0x000000068b400000|100%| O|  |TAMS 0x000000068b000000, 0x000000068b000000| Untracked 
|  45|0x000000068b400000, 0x000000068b800000, 0x000000068b800000|100%| O|  |TAMS 0x000000068b400000, 0x000000068b400000| Untracked 
|  46|0x000000068b800000, 0x000000068bc00000, 0x000000068bc00000|100%| O|  |TAMS 0x000000068b800000, 0x000000068b800000| Untracked 
|  47|0x000000068bc00000, 0x000000068c000000, 0x000000068c000000|100%| O|  |TAMS 0x000000068c000000, 0x000000068bc00000| Untracked 
|  48|0x000000068c000000, 0x000000068c400000, 0x000000068c400000|100%| O|  |TAMS 0x000000068c400000, 0x000000068c000000| Untracked 
|  49|0x000000068c400000, 0x000000068c800000, 0x000000068c800000|100%| O|  |TAMS 0x000000068c400000, 0x000000068c400000| Untracked 
|  50|0x000000068c800000, 0x000000068cc00000, 0x000000068cc00000|100%| O|  |TAMS 0x000000068c800000, 0x000000068c800000| Untracked 
|  51|0x000000068cc00000, 0x000000068d000000, 0x000000068d000000|100%| O|  |TAMS 0x000000068d000000, 0x000000068cc00000| Untracked 
|  52|0x000000068d000000, 0x000000068d400000, 0x000000068d400000|100%| O|  |TAMS 0x000000068d400000, 0x000000068d000000| Untracked 
|  53|0x000000068d400000, 0x000000068d800000, 0x000000068d800000|100%| O|  |TAMS 0x000000068d800000, 0x000000068d400000| Untracked 
|  54|0x000000068d800000, 0x000000068dc00000, 0x000000068dc00000|100%| O|  |TAMS 0x000000068d800000, 0x000000068d800000| Untracked 
|  55|0x000000068dc00000, 0x000000068e000000, 0x000000068e000000|100%| O|  |TAMS 0x000000068e000000, 0x000000068dc00000| Untracked 
|  56|0x000000068e000000, 0x000000068e400000, 0x000000068e400000|100%| O|  |TAMS 0x000000068e400000, 0x000000068e000000| Untracked 
|  57|0x000000068e400000, 0x000000068e800000, 0x000000068e800000|100%| O|  |TAMS 0x000000068e800000, 0x000000068e400000| Untracked 
|  58|0x000000068e800000, 0x000000068ec00000, 0x000000068ec00000|100%| O|  |TAMS 0x000000068ec00000, 0x000000068e800000| Untracked 
|  59|0x000000068ec00000, 0x000000068f000000, 0x000000068f000000|100%| O|  |TAMS 0x000000068ec00000, 0x000000068ec00000| Untracked 
|  60|0x000000068f000000, 0x000000068f400000, 0x000000068f400000|100%| O|  |TAMS 0x000000068f400000, 0x000000068f000000| Untracked 
|  61|0x000000068f400000, 0x000000068f800000, 0x000000068f800000|100%| O|  |TAMS 0x000000068f800000, 0x000000068f400000| Untracked 
|  62|0x000000068f800000, 0x000000068fc00000, 0x000000068fc00000|100%| O|  |TAMS 0x000000068fc00000, 0x000000068f800000| Untracked 
|  63|0x000000068fc00000, 0x0000000690000000, 0x0000000690000000|100%| O|  |TAMS 0x0000000690000000, 0x000000068fc00000| Untracked 
|  64|0x0000000690000000, 0x0000000690400000, 0x0000000690400000|100%| O|  |TAMS 0x0000000690400000, 0x0000000690000000| Untracked 
|  65|0x0000000690400000, 0x0000000690800000, 0x0000000690800000|100%| O|  |TAMS 0x0000000690800000, 0x0000000690400000| Untracked 
|  66|0x0000000690800000, 0x0000000690c00000, 0x0000000690c00000|100%| O|  |TAMS 0x0000000690c00000, 0x0000000690800000| Untracked 
|  67|0x0000000690c00000, 0x0000000691000000, 0x0000000691000000|100%| O|  |TAMS 0x0000000690c00000, 0x0000000690c00000| Untracked 
|  68|0x0000000691000000, 0x0000000691400000, 0x0000000691400000|100%| O|  |TAMS 0x0000000691000000, 0x0000000691000000| Untracked 
|  69|0x0000000691400000, 0x0000000691800000, 0x0000000691800000|100%| O|  |TAMS 0x0000000691800000, 0x0000000691400000| Untracked 
|  70|0x0000000691800000, 0x0000000691c00000, 0x0000000691c00000|100%| O|  |TAMS 0x0000000691800000, 0x0000000691800000| Untracked 
|  71|0x0000000691c00000, 0x0000000692000000, 0x0000000692000000|100%| O|  |TAMS 0x0000000691c00000, 0x0000000691c00000| Untracked 
|  72|0x0000000692000000, 0x0000000692400000, 0x0000000692400000|100%| O|  |TAMS 0x0000000692000000, 0x0000000692000000| Untracked 
|  73|0x0000000692400000, 0x0000000692800000, 0x0000000692800000|100%| O|  |TAMS 0x0000000692400000, 0x0000000692400000| Untracked 
|  74|0x0000000692800000, 0x0000000692c00000, 0x0000000692c00000|100%| O|  |TAMS 0x0000000692800000, 0x0000000692800000| Untracked 
|  75|0x0000000692c00000, 0x0000000693000000, 0x0000000693000000|100%| O|  |TAMS 0x0000000692c00000, 0x0000000692c00000| Untracked 
|  76|0x0000000693000000, 0x0000000693400000, 0x0000000693400000|100%| O|  |TAMS 0x0000000693000000, 0x0000000693000000| Untracked 
|  77|0x0000000693400000, 0x0000000693800000, 0x0000000693800000|100%| O|  |TAMS 0x0000000693400000, 0x0000000693400000| Untracked 
|  78|0x0000000693800000, 0x0000000693c00000, 0x0000000693c00000|100%| O|  |TAMS 0x0000000693800000, 0x0000000693800000| Untracked 
|  79|0x0000000693c00000, 0x0000000694000000, 0x0000000694000000|100%| O|  |TAMS 0x0000000693c00000, 0x0000000693c00000| Untracked 
|  80|0x0000000694000000, 0x0000000694400000, 0x0000000694400000|100%| O|  |TAMS 0x0000000694000000, 0x0000000694000000| Untracked 
|  81|0x0000000694400000, 0x0000000694800000, 0x0000000694800000|100%| O|  |TAMS 0x0000000694400000, 0x0000000694400000| Untracked 
|  82|0x0000000694800000, 0x0000000694c00000, 0x0000000694c00000|100%| O|  |TAMS 0x0000000694800000, 0x0000000694800000| Untracked 
|  83|0x0000000694c00000, 0x0000000695000000, 0x0000000695000000|100%| O|  |TAMS 0x0000000694c00000, 0x0000000694c00000| Untracked 
|  84|0x0000000695000000, 0x0000000695400000, 0x0000000695400000|100%| O|  |TAMS 0x0000000695000000, 0x0000000695000000| Untracked 
|  85|0x0000000695400000, 0x0000000695800000, 0x0000000695800000|100%| O|  |TAMS 0x0000000695400000, 0x0000000695400000| Untracked 
|  86|0x0000000695800000, 0x0000000695c00000, 0x0000000695c00000|100%| O|  |TAMS 0x0000000695800000, 0x0000000695800000| Untracked 
|  87|0x0000000695c00000, 0x0000000696000000, 0x0000000696000000|100%| O|  |TAMS 0x0000000695c00000, 0x0000000695c00000| Untracked 
|  88|0x0000000696000000, 0x0000000696400000, 0x0000000696400000|100%| O|  |TAMS 0x0000000696000000, 0x0000000696000000| Untracked 
|  89|0x0000000696400000, 0x0000000696800000, 0x0000000696800000|100%| O|  |TAMS 0x0000000696400000, 0x0000000696400000| Untracked 
|  90|0x0000000696800000, 0x0000000696c00000, 0x0000000696c00000|100%| O|  |TAMS 0x0000000696800000, 0x0000000696800000| Untracked 
|  91|0x0000000696c00000, 0x0000000697000000, 0x0000000697000000|100%| O|  |TAMS 0x0000000696c00000, 0x0000000696c00000| Untracked 
|  92|0x0000000697000000, 0x0000000697400000, 0x0000000697400000|100%| O|  |TAMS 0x0000000697000000, 0x0000000697000000| Untracked 
|  93|0x0000000697400000, 0x0000000697800000, 0x0000000697800000|100%| O|  |TAMS 0x0000000697400000, 0x0000000697400000| Untracked 
|  94|0x0000000697800000, 0x0000000697c00000, 0x0000000697c00000|100%| O|  |TAMS 0x0000000697800000, 0x0000000697800000| Untracked 
|  95|0x0000000697c00000, 0x0000000698000000, 0x0000000698000000|100%| O|  |TAMS 0x0000000698000000, 0x0000000697c00000| Untracked 
|  96|0x0000000698000000, 0x0000000698400000, 0x0000000698400000|100%| O|  |TAMS 0x0000000698400000, 0x0000000698000000| Untracked 
|  97|0x0000000698400000, 0x0000000698800000, 0x0000000698800000|100%| O|  |TAMS 0x0000000698800000, 0x0000000698400000| Untracked 
|  98|0x0000000698800000, 0x0000000698c00000, 0x0000000698c00000|100%| O|  |TAMS 0x0000000698c00000, 0x0000000698800000| Untracked 
|  99|0x0000000698c00000, 0x0000000699000000, 0x0000000699000000|100%| O|  |TAMS 0x0000000699000000, 0x0000000698c00000| Untracked 
| 100|0x0000000699000000, 0x0000000699400000, 0x0000000699400000|100%| O|  |TAMS 0x0000000699400000, 0x0000000699000000| Untracked 
| 101|0x0000000699400000, 0x0000000699800000, 0x0000000699800000|100%| O|  |TAMS 0x0000000699800000, 0x0000000699400000| Untracked 
| 102|0x0000000699800000, 0x0000000699c00000, 0x0000000699c00000|100%| O|  |TAMS 0x0000000699c00000, 0x0000000699800000| Untracked 
| 103|0x0000000699c00000, 0x000000069a000000, 0x000000069a000000|100%| O|  |TAMS 0x000000069a000000, 0x0000000699c00000| Untracked 
| 104|0x000000069a000000, 0x000000069a400000, 0x000000069a400000|100%| O|  |TAMS 0x000000069a400000, 0x000000069a000000| Untracked 
| 105|0x000000069a400000, 0x000000069a800000, 0x000000069a800000|100%| O|  |TAMS 0x000000069a800000, 0x000000069a400000| Untracked 
| 106|0x000000069a800000, 0x000000069ac00000, 0x000000069ac00000|100%| O|  |TAMS 0x000000069ac00000, 0x000000069a800000| Untracked 
| 107|0x000000069ac00000, 0x000000069b000000, 0x000000069b000000|100%| O|  |TAMS 0x000000069ac00000, 0x000000069ac00000| Untracked 
| 108|0x000000069b000000, 0x000000069b400000, 0x000000069b400000|100%| O|  |TAMS 0x000000069b400000, 0x000000069b000000| Untracked 
| 109|0x000000069b400000, 0x000000069b800000, 0x000000069b800000|100%| O|  |TAMS 0x000000069b400000, 0x000000069b400000| Untracked 
| 110|0x000000069b800000, 0x000000069bc00000, 0x000000069bc00000|100%| O|  |TAMS 0x000000069bc00000, 0x000000069b800000| Untracked 
| 111|0x000000069bc00000, 0x000000069c000000, 0x000000069c000000|100%| O|  |TAMS 0x000000069c000000, 0x000000069bc00000| Untracked 
| 112|0x000000069c000000, 0x000000069c400000, 0x000000069c400000|100%| O|  |TAMS 0x000000069c400000, 0x000000069c000000| Untracked 
| 113|0x000000069c400000, 0x000000069c800000, 0x000000069c800000|100%| O|  |TAMS 0x000000069c800000, 0x000000069c400000| Untracked 
| 114|0x000000069c800000, 0x000000069cc00000, 0x000000069cc00000|100%| O|  |TAMS 0x000000069cc00000, 0x000000069c800000| Untracked 
| 115|0x000000069cc00000, 0x000000069d000000, 0x000000069d000000|100%| O|  |TAMS 0x000000069d000000, 0x000000069cc00000| Untracked 
| 116|0x000000069d000000, 0x000000069d400000, 0x000000069d400000|100%| O|  |TAMS 0x000000069d400000, 0x000000069d000000| Untracked 
| 117|0x000000069d400000, 0x000000069d800000, 0x000000069d800000|100%| O|  |TAMS 0x000000069d800000, 0x000000069d400000| Untracked 
| 118|0x000000069d800000, 0x000000069dc00000, 0x000000069dc00000|100%| O|  |TAMS 0x000000069dc00000, 0x000000069d800000| Untracked 
| 119|0x000000069dc00000, 0x000000069e000000, 0x000000069e000000|100%| O|  |TAMS 0x000000069e000000, 0x000000069dc00000| Untracked 
| 120|0x000000069e000000, 0x000000069e400000, 0x000000069e400000|100%| O|  |TAMS 0x000000069e400000, 0x000000069e000000| Untracked 
| 121|0x000000069e400000, 0x000000069e800000, 0x000000069e800000|100%| O|  |TAMS 0x000000069e400000, 0x000000069e400000| Untracked 
| 122|0x000000069e800000, 0x000000069ec00000, 0x000000069ec00000|100%| O|  |TAMS 0x000000069e800000, 0x000000069e800000| Untracked 
| 123|0x000000069ec00000, 0x000000069f000000, 0x000000069f000000|100%| O|  |TAMS 0x000000069f000000, 0x000000069ec00000| Untracked 
| 124|0x000000069f000000, 0x000000069f400000, 0x000000069f400000|100%| O|  |TAMS 0x000000069f400000, 0x000000069f000000| Untracked 
| 125|0x000000069f400000, 0x000000069f800000, 0x000000069f800000|100%| O|  |TAMS 0x000000069f800000, 0x000000069f400000| Untracked 
| 126|0x000000069f800000, 0x000000069fc00000, 0x000000069fc00000|100%| O|  |TAMS 0x000000069fc00000, 0x000000069f800000| Untracked 
| 127|0x000000069fc00000, 0x00000006a0000000, 0x00000006a0000000|100%| O|  |TAMS 0x00000006a0000000, 0x000000069fc00000| Untracked 
| 128|0x00000006a0000000, 0x00000006a0400000, 0x00000006a0400000|100%| O|  |TAMS 0x00000006a0400000, 0x00000006a0000000| Untracked 
| 129|0x00000006a0400000, 0x00000006a0800000, 0x00000006a0800000|100%| O|  |TAMS 0x00000006a0800000, 0x00000006a0400000| Untracked 
| 130|0x00000006a0800000, 0x00000006a0c00000, 0x00000006a0c00000|100%| O|  |TAMS 0x00000006a0c00000, 0x00000006a0800000| Untracked 
| 131|0x00000006a0c00000, 0x00000006a1000000, 0x00000006a1000000|100%| O|  |TAMS 0x00000006a1000000, 0x00000006a0c00000| Untracked 
| 132|0x00000006a1000000, 0x00000006a1400000, 0x00000006a1400000|100%| O|  |TAMS 0x00000006a1400000, 0x00000006a1000000| Untracked 
| 133|0x00000006a1400000, 0x00000006a1800000, 0x00000006a1800000|100%| O|  |TAMS 0x00000006a1400000, 0x00000006a1400000| Untracked 
| 134|0x00000006a1800000, 0x00000006a1c00000, 0x00000006a1c00000|100%| O|  |TAMS 0x00000006a1800000, 0x00000006a1800000| Untracked 
| 135|0x00000006a1c00000, 0x00000006a2000000, 0x00000006a2000000|100%| O|  |TAMS 0x00000006a1c00000, 0x00000006a1c00000| Untracked 
| 136|0x00000006a2000000, 0x00000006a2400000, 0x00000006a2400000|100%| O|  |TAMS 0x00000006a2400000, 0x00000006a2000000| Untracked 
| 137|0x00000006a2400000, 0x00000006a2800000, 0x00000006a2800000|100%| O|  |TAMS 0x00000006a2800000, 0x00000006a2400000| Untracked 
| 138|0x00000006a2800000, 0x00000006a2c00000, 0x00000006a2c00000|100%| O|  |TAMS 0x00000006a2c00000, 0x00000006a2800000| Untracked 
| 139|0x00000006a2c00000, 0x00000006a3000000, 0x00000006a3000000|100%| O|  |TAMS 0x00000006a3000000, 0x00000006a2c00000| Untracked 
| 140|0x00000006a3000000, 0x00000006a3400000, 0x00000006a3400000|100%| O|  |TAMS 0x00000006a3000000, 0x00000006a3000000| Untracked 
| 141|0x00000006a3400000, 0x00000006a3800000, 0x00000006a3800000|100%| O|  |TAMS 0x00000006a3400000, 0x00000006a3400000| Untracked 
| 142|0x00000006a3800000, 0x00000006a3c00000, 0x00000006a3c00000|100%| O|  |TAMS 0x00000006a3c00000, 0x00000006a3800000| Untracked 
| 143|0x00000006a3c00000, 0x00000006a4000000, 0x00000006a4000000|100%| O|  |TAMS 0x00000006a4000000, 0x00000006a3c00000| Untracked 
| 144|0x00000006a4000000, 0x00000006a4400000, 0x00000006a4400000|100%| O|  |TAMS 0x00000006a4400000, 0x00000006a4000000| Untracked 
| 145|0x00000006a4400000, 0x00000006a4800000, 0x00000006a4800000|100%| O|  |TAMS 0x00000006a4400000, 0x00000006a4400000| Untracked 
| 146|0x00000006a4800000, 0x00000006a4c00000, 0x00000006a4c00000|100%| O|  |TAMS 0x00000006a4c00000, 0x00000006a4800000| Untracked 
| 147|0x00000006a4c00000, 0x00000006a5000000, 0x00000006a5000000|100%| O|  |TAMS 0x00000006a5000000, 0x00000006a4c00000| Untracked 
| 148|0x00000006a5000000, 0x00000006a5400000, 0x00000006a5400000|100%| O|  |TAMS 0x00000006a5400000, 0x00000006a5000000| Untracked 
| 149|0x00000006a5400000, 0x00000006a5800000, 0x00000006a5800000|100%| O|  |TAMS 0x00000006a5784e00, 0x00000006a5400000| Untracked 
| 150|0x00000006a5800000, 0x00000006a5c00000, 0x00000006a5c00000|100%| O|  |TAMS 0x00000006a5800000, 0x00000006a5800000| Untracked 
| 151|0x00000006a5c00000, 0x00000006a6000000, 0x00000006a6000000|100%| O|  |TAMS 0x00000006a5c00000, 0x00000006a5c00000| Untracked 
| 152|0x00000006a6000000, 0x00000006a6400000, 0x00000006a6400000|100%| O|  |TAMS 0x00000006a6000000, 0x00000006a6000000| Untracked 
| 153|0x00000006a6400000, 0x00000006a6800000, 0x00000006a6800000|100%| O|  |TAMS 0x00000006a6400000, 0x00000006a6400000| Untracked 
| 154|0x00000006a6800000, 0x00000006a6c00000, 0x00000006a6c00000|100%| O|  |TAMS 0x00000006a6800000, 0x00000006a6800000| Untracked 
| 155|0x00000006a6c00000, 0x00000006a7000000, 0x00000006a7000000|100%| O|  |TAMS 0x00000006a6c00000, 0x00000006a6c00000| Untracked 
| 156|0x00000006a7000000, 0x00000006a7400000, 0x00000006a7400000|100%| O|  |TAMS 0x00000006a7000000, 0x00000006a7000000| Untracked 
| 157|0x00000006a7400000, 0x00000006a7800000, 0x00000006a7800000|100%| O|  |TAMS 0x00000006a7400000, 0x00000006a7400000| Untracked 
| 158|0x00000006a7800000, 0x00000006a7c00000, 0x00000006a7c00000|100%| O|  |TAMS 0x00000006a7800000, 0x00000006a7800000| Untracked 
| 159|0x00000006a7c00000, 0x00000006a8000000, 0x00000006a8000000|100%| O|  |TAMS 0x00000006a7c00000, 0x00000006a7c00000| Untracked 
| 160|0x00000006a8000000, 0x00000006a8400000, 0x00000006a8400000|100%| O|  |TAMS 0x00000006a8000000, 0x00000006a8000000| Untracked 
| 161|0x00000006a8400000, 0x00000006a8800000, 0x00000006a8800000|100%| O|  |TAMS 0x00000006a8400000, 0x00000006a8400000| Untracked 
| 162|0x00000006a8800000, 0x00000006a8c00000, 0x00000006a8c00000|100%| O|  |TAMS 0x00000006a8800000, 0x00000006a8800000| Untracked 
| 163|0x00000006a8c00000, 0x00000006a9000000, 0x00000006a9000000|100%| O|  |TAMS 0x00000006a8c00000, 0x00000006a8c00000| Untracked 
| 164|0x00000006a9000000, 0x00000006a9400000, 0x00000006a9400000|100%| O|  |TAMS 0x00000006a9000000, 0x00000006a9000000| Untracked 
| 165|0x00000006a9400000, 0x00000006a9800000, 0x00000006a9800000|100%| O|  |TAMS 0x00000006a9400000, 0x00000006a9400000| Untracked 
| 166|0x00000006a9800000, 0x00000006a9c00000, 0x00000006a9c00000|100%| O|  |TAMS 0x00000006a9800000, 0x00000006a9800000| Untracked 
| 167|0x00000006a9c00000, 0x00000006aa000000, 0x00000006aa000000|100%| O|  |TAMS 0x00000006a9c00000, 0x00000006a9c00000| Untracked 
| 168|0x00000006aa000000, 0x00000006aa400000, 0x00000006aa400000|100%| O|  |TAMS 0x00000006aa000000, 0x00000006aa000000| Untracked 
| 169|0x00000006aa400000, 0x00000006aa800000, 0x00000006aa800000|100%| O|  |TAMS 0x00000006aa400000, 0x00000006aa400000| Untracked 
| 170|0x00000006aa800000, 0x00000006aac00000, 0x00000006aac00000|100%| O|  |TAMS 0x00000006aa800000, 0x00000006aa800000| Untracked 
| 171|0x00000006aac00000, 0x00000006ab000000, 0x00000006ab000000|100%| O|  |TAMS 0x00000006aac00000, 0x00000006aac00000| Untracked 
| 172|0x00000006ab000000, 0x00000006ab400000, 0x00000006ab400000|100%| O|  |TAMS 0x00000006ab000000, 0x00000006ab000000| Untracked 
| 173|0x00000006ab400000, 0x00000006ab800000, 0x00000006ab800000|100%| O|  |TAMS 0x00000006ab400000, 0x00000006ab400000| Untracked 
| 174|0x00000006ab800000, 0x00000006abc00000, 0x00000006abc00000|100%| O|  |TAMS 0x00000006ab800000, 0x00000006ab800000| Untracked 
| 175|0x00000006abc00000, 0x00000006ac000000, 0x00000006ac000000|100%| O|  |TAMS 0x00000006abc00000, 0x00000006abc00000| Untracked 
| 176|0x00000006ac000000, 0x00000006ac400000, 0x00000006ac400000|100%| O|  |TAMS 0x00000006ac000000, 0x00000006ac000000| Untracked 
| 177|0x00000006ac400000, 0x00000006ac800000, 0x00000006ac800000|100%| O|  |TAMS 0x00000006ac400000, 0x00000006ac400000| Untracked 
| 178|0x00000006ac800000, 0x00000006acc00000, 0x00000006acc00000|100%| O|  |TAMS 0x00000006ac800000, 0x00000006ac800000| Untracked 
| 179|0x00000006acc00000, 0x00000006ad000000, 0x00000006ad000000|100%| O|  |TAMS 0x00000006acc00000, 0x00000006acc00000| Untracked 
| 180|0x00000006ad000000, 0x00000006ad400000, 0x00000006ad400000|100%| O|  |TAMS 0x00000006ad000000, 0x00000006ad000000| Untracked 
| 181|0x00000006ad400000, 0x00000006ad800000, 0x00000006ad800000|100%| O|  |TAMS 0x00000006ad400000, 0x00000006ad400000| Untracked 
| 182|0x00000006ad800000, 0x00000006adc00000, 0x00000006adc00000|100%| O|  |TAMS 0x00000006ad800000, 0x00000006ad800000| Untracked 
| 183|0x00000006adc00000, 0x00000006ae000000, 0x00000006ae000000|100%| O|  |TAMS 0x00000006adc00000, 0x00000006adc00000| Untracked 
| 184|0x00000006ae000000, 0x00000006ae400000, 0x00000006ae400000|100%| O|  |TAMS 0x00000006ae000000, 0x00000006ae000000| Untracked 
| 185|0x00000006ae400000, 0x00000006ae800000, 0x00000006ae800000|100%| O|  |TAMS 0x00000006ae400000, 0x00000006ae400000| Untracked 
| 186|0x00000006ae800000, 0x00000006aec00000, 0x00000006aec00000|100%| O|  |TAMS 0x00000006ae800000, 0x00000006ae800000| Untracked 
| 187|0x00000006aec00000, 0x00000006af000000, 0x00000006af000000|100%| O|  |TAMS 0x00000006aec00000, 0x00000006aec00000| Untracked 
| 188|0x00000006af000000, 0x00000006af400000, 0x00000006af400000|100%| O|  |TAMS 0x00000006af000000, 0x00000006af000000| Untracked 
| 189|0x00000006af400000, 0x00000006af800000, 0x00000006af800000|100%| O|  |TAMS 0x00000006af400000, 0x00000006af400000| Untracked 
| 190|0x00000006af800000, 0x00000006afc00000, 0x00000006afc00000|100%| O|  |TAMS 0x00000006af800000, 0x00000006af800000| Untracked 
| 191|0x00000006afc00000, 0x00000006b0000000, 0x00000006b0000000|100%| O|  |TAMS 0x00000006afc00000, 0x00000006afc00000| Untracked 
| 192|0x00000006b0000000, 0x00000006b0400000, 0x00000006b0400000|100%| O|  |TAMS 0x00000006b0000000, 0x00000006b0000000| Untracked 
| 193|0x00000006b0400000, 0x00000006b0800000, 0x00000006b0800000|100%| O|  |TAMS 0x00000006b0400000, 0x00000006b0400000| Untracked 
| 194|0x00000006b0800000, 0x00000006b0c00000, 0x00000006b0c00000|100%| O|  |TAMS 0x00000006b0800000, 0x00000006b0800000| Untracked 
| 195|0x00000006b0c00000, 0x00000006b1000000, 0x00000006b1000000|100%| O|  |TAMS 0x00000006b0c00000, 0x00000006b0c00000| Untracked 
| 196|0x00000006b1000000, 0x00000006b1400000, 0x00000006b1400000|100%| O|  |TAMS 0x00000006b1000000, 0x00000006b1000000| Untracked 
| 197|0x00000006b1400000, 0x00000006b1800000, 0x00000006b1800000|100%| O|  |TAMS 0x00000006b1400000, 0x00000006b1400000| Untracked 
| 198|0x00000006b1800000, 0x00000006b1c00000, 0x00000006b1c00000|100%| O|  |TAMS 0x00000006b1800000, 0x00000006b1800000| Untracked 
| 199|0x00000006b1c00000, 0x00000006b2000000, 0x00000006b2000000|100%| O|  |TAMS 0x00000006b1c00000, 0x00000006b1c00000| Untracked 
| 200|0x00000006b2000000, 0x00000006b2400000, 0x00000006b2400000|100%| O|  |TAMS 0x00000006b2000000, 0x00000006b2000000| Untracked 
| 201|0x00000006b2400000, 0x00000006b2800000, 0x00000006b2800000|100%| O|  |TAMS 0x00000006b2400000, 0x00000006b2400000| Untracked 
| 202|0x00000006b2800000, 0x00000006b2c00000, 0x00000006b2c00000|100%|HS|  |TAMS 0x00000006b2800000, 0x00000006b2800000| Complete 
| 203|0x00000006b2c00000, 0x00000006b3000000, 0x00000006b3000000|100%|HS|  |TAMS 0x00000006b2c00000, 0x00000006b2c00000| Complete 
| 204|0x00000006b3000000, 0x00000006b3400000, 0x00000006b3400000|100%|HS|  |TAMS 0x00000006b3000000, 0x00000006b3000000| Complete 
| 205|0x00000006b3400000, 0x00000006b3800000, 0x00000006b3800000|100%|HS|  |TAMS 0x00000006b3400000, 0x00000006b3400000| Complete 
| 206|0x00000006b3800000, 0x00000006b3c00000, 0x00000006b3c00000|100%|HS|  |TAMS 0x00000006b3800000, 0x00000006b3800000| Complete 
| 207|0x00000006b3c00000, 0x00000006b4000000, 0x00000006b4000000|100%| O|  |TAMS 0x00000006b3c00000, 0x00000006b3c00000| Untracked 
| 208|0x00000006b4000000, 0x00000006b4400000, 0x00000006b4400000|100%| O|  |TAMS 0x00000006b4000000, 0x00000006b4000000| Untracked 
| 209|0x00000006b4400000, 0x00000006b4800000, 0x00000006b4800000|100%| O|  |TAMS 0x00000006b4400000, 0x00000006b4400000| Untracked 
| 210|0x00000006b4800000, 0x00000006b4c00000, 0x00000006b4c00000|100%| O|  |TAMS 0x00000006b4800000, 0x00000006b4800000| Untracked 
| 211|0x00000006b4c00000, 0x00000006b5000000, 0x00000006b5000000|100%| O|  |TAMS 0x00000006b4c00000, 0x00000006b4c00000| Untracked 
| 212|0x00000006b5000000, 0x00000006b5400000, 0x00000006b5400000|100%| O|  |TAMS 0x00000006b5000000, 0x00000006b5000000| Untracked 
| 213|0x00000006b5400000, 0x00000006b5800000, 0x00000006b5800000|100%| O|  |TAMS 0x00000006b5400000, 0x00000006b5400000| Untracked 
| 214|0x00000006b5800000, 0x00000006b5c00000, 0x00000006b5c00000|100%|HS|  |TAMS 0x00000006b5800000, 0x00000006b5800000| Complete 
| 215|0x00000006b5c00000, 0x00000006b6000000, 0x00000006b6000000|100%| O|  |TAMS 0x00000006b5c00000, 0x00000006b5c00000| Untracked 
| 216|0x00000006b6000000, 0x00000006b6400000, 0x00000006b6400000|100%|HS|  |TAMS 0x00000006b6000000, 0x00000006b6000000| Complete 
| 217|0x00000006b6400000, 0x00000006b6800000, 0x00000006b6800000|100%| O|  |TAMS 0x00000006b6400000, 0x00000006b6400000| Untracked 
| 218|0x00000006b6800000, 0x00000006b6c00000, 0x00000006b6c00000|100%| O|  |TAMS 0x00000006b6800000, 0x00000006b6800000| Untracked 
| 219|0x00000006b6c00000, 0x00000006b7000000, 0x00000006b7000000|100%| O|  |TAMS 0x00000006b6c00000, 0x00000006b6c00000| Untracked 
| 220|0x00000006b7000000, 0x00000006b7400000, 0x00000006b7400000|100%| O|  |TAMS 0x00000006b7000000, 0x00000006b7000000| Untracked 
| 221|0x00000006b7400000, 0x00000006b7800000, 0x00000006b7800000|100%| O|  |TAMS 0x00000006b7400000, 0x00000006b7400000| Untracked 
| 222|0x00000006b7800000, 0x00000006b7c00000, 0x00000006b7c00000|100%| O|  |TAMS 0x00000006b7800000, 0x00000006b7800000| Untracked 
| 223|0x00000006b7c00000, 0x00000006b8000000, 0x00000006b8000000|100%| O|  |TAMS 0x00000006b7c00000, 0x00000006b7c00000| Untracked 
| 224|0x00000006b8000000, 0x00000006b8400000, 0x00000006b8400000|100%| O|  |TAMS 0x00000006b8000000, 0x00000006b8000000| Untracked 
| 225|0x00000006b8400000, 0x00000006b8800000, 0x00000006b8800000|100%| O|  |TAMS 0x00000006b8400000, 0x00000006b8400000| Untracked 
| 226|0x00000006b8800000, 0x00000006b8c00000, 0x00000006b8c00000|100%| O|  |TAMS 0x00000006b8800000, 0x00000006b8800000| Untracked 
| 227|0x00000006b8c00000, 0x00000006b9000000, 0x00000006b9000000|100%| O|  |TAMS 0x00000006b8c00000, 0x00000006b8c00000| Untracked 
| 228|0x00000006b9000000, 0x00000006b9400000, 0x00000006b9400000|100%| O|  |TAMS 0x00000006b9000000, 0x00000006b9000000| Untracked 
| 229|0x00000006b9400000, 0x00000006b9800000, 0x00000006b9800000|100%| O|  |TAMS 0x00000006b9400000, 0x00000006b9400000| Untracked 
| 230|0x00000006b9800000, 0x00000006b9c00000, 0x00000006b9c00000|100%| O|  |TAMS 0x00000006b9800000, 0x00000006b9800000| Untracked 
| 231|0x00000006b9c00000, 0x00000006ba000000, 0x00000006ba000000|100%| O|  |TAMS 0x00000006b9c00000, 0x00000006b9c00000| Untracked 
| 232|0x00000006ba000000, 0x00000006ba400000, 0x00000006ba400000|100%| O|  |TAMS 0x00000006ba000000, 0x00000006ba000000| Untracked 
| 233|0x00000006ba400000, 0x00000006ba800000, 0x00000006ba800000|100%| O|  |TAMS 0x00000006ba400000, 0x00000006ba400000| Untracked 
| 234|0x00000006ba800000, 0x00000006bac00000, 0x00000006bac00000|100%| O|  |TAMS 0x00000006ba800000, 0x00000006ba800000| Untracked 
| 235|0x00000006bac00000, 0x00000006bb000000, 0x00000006bb000000|100%| O|  |TAMS 0x00000006bac00000, 0x00000006bac00000| Untracked 
| 236|0x00000006bb000000, 0x00000006bb400000, 0x00000006bb400000|100%| O|  |TAMS 0x00000006bb000000, 0x00000006bb000000| Untracked 
| 237|0x00000006bb400000, 0x00000006bb800000, 0x00000006bb800000|100%| O|  |TAMS 0x00000006bb400000, 0x00000006bb400000| Untracked 
| 238|0x00000006bb800000, 0x00000006bbc00000, 0x00000006bbc00000|100%| O|  |TAMS 0x00000006bb800000, 0x00000006bb800000| Untracked 
| 239|0x00000006bbc00000, 0x00000006bc000000, 0x00000006bc000000|100%| O|  |TAMS 0x00000006bbc00000, 0x00000006bbc00000| Untracked 
| 240|0x00000006bc000000, 0x00000006bc400000, 0x00000006bc400000|100%| O|  |TAMS 0x00000006bc000000, 0x00000006bc000000| Untracked 
| 241|0x00000006bc400000, 0x00000006bc800000, 0x00000006bc800000|100%| O|  |TAMS 0x00000006bc400000, 0x00000006bc400000| Untracked 
| 242|0x00000006bc800000, 0x00000006bcc00000, 0x00000006bcc00000|100%| O|  |TAMS 0x00000006bc800000, 0x00000006bc800000| Untracked 
| 243|0x00000006bcc00000, 0x00000006bd000000, 0x00000006bd000000|100%| O|  |TAMS 0x00000006bcc00000, 0x00000006bcc00000| Untracked 
| 244|0x00000006bd000000, 0x00000006bd400000, 0x00000006bd400000|100%| O|  |TAMS 0x00000006bd000000, 0x00000006bd000000| Untracked 
| 245|0x00000006bd400000, 0x00000006bd800000, 0x00000006bd800000|100%| O|  |TAMS 0x00000006bd400000, 0x00000006bd400000| Untracked 
| 246|0x00000006bd800000, 0x00000006bdc00000, 0x00000006bdc00000|100%| O|  |TAMS 0x00000006bd800000, 0x00000006bd800000| Untracked 
| 247|0x00000006bdc00000, 0x00000006be000000, 0x00000006be000000|100%| O|  |TAMS 0x00000006bdc00000, 0x00000006bdc00000| Untracked 
| 248|0x00000006be000000, 0x00000006be400000, 0x00000006be400000|100%| O|  |TAMS 0x00000006be000000, 0x00000006be000000| Untracked 
| 249|0x00000006be400000, 0x00000006be800000, 0x00000006be800000|100%| O|  |TAMS 0x00000006be400000, 0x00000006be400000| Untracked 
| 250|0x00000006be800000, 0x00000006bec00000, 0x00000006bec00000|100%| O|  |TAMS 0x00000006be800000, 0x00000006be800000| Untracked 
| 251|0x00000006bec00000, 0x00000006bf000000, 0x00000006bf000000|100%| O|  |TAMS 0x00000006bec00000, 0x00000006bec00000| Untracked 
| 252|0x00000006bf000000, 0x00000006bf400000, 0x00000006bf400000|100%| O|  |TAMS 0x00000006bf000000, 0x00000006bf000000| Untracked 
| 253|0x00000006bf400000, 0x00000006bf800000, 0x00000006bf800000|100%| O|  |TAMS 0x00000006bf400000, 0x00000006bf400000| Untracked 
| 254|0x00000006bf800000, 0x00000006bfc00000, 0x00000006bfc00000|100%| O|  |TAMS 0x00000006bf800000, 0x00000006bf800000| Untracked 
| 255|0x00000006bfc00000, 0x00000006c0000000, 0x00000006c0000000|100%| O|  |TAMS 0x00000006bfc00000, 0x00000006bfc00000| Untracked 
| 256|0x00000006c0000000, 0x00000006c0400000, 0x00000006c0400000|100%| O|  |TAMS 0x00000006c0000000, 0x00000006c0000000| Untracked 
| 257|0x00000006c0400000, 0x00000006c0800000, 0x00000006c0800000|100%| O|  |TAMS 0x00000006c0400000, 0x00000006c0400000| Untracked 
| 258|0x00000006c0800000, 0x00000006c0c00000, 0x00000006c0c00000|100%| O|  |TAMS 0x00000006c0800000, 0x00000006c0800000| Untracked 
| 259|0x00000006c0c00000, 0x00000006c1000000, 0x00000006c1000000|100%| O|  |TAMS 0x00000006c0c00000, 0x00000006c0c00000| Untracked 
| 260|0x00000006c1000000, 0x00000006c1400000, 0x00000006c1400000|100%| O|  |TAMS 0x00000006c1000000, 0x00000006c1000000| Untracked 
| 261|0x00000006c1400000, 0x00000006c1800000, 0x00000006c1800000|100%| O|  |TAMS 0x00000006c1400000, 0x00000006c1400000| Untracked 
| 262|0x00000006c1800000, 0x00000006c1c00000, 0x00000006c1c00000|100%| O|  |TAMS 0x00000006c1800000, 0x00000006c1800000| Untracked 
| 263|0x00000006c1c00000, 0x00000006c2000000, 0x00000006c2000000|100%| O|  |TAMS 0x00000006c1c00000, 0x00000006c1c00000| Untracked 
| 264|0x00000006c2000000, 0x00000006c2400000, 0x00000006c2400000|100%| O|  |TAMS 0x00000006c2000000, 0x00000006c2000000| Untracked 
| 265|0x00000006c2400000, 0x00000006c2800000, 0x00000006c2800000|100%| O|  |TAMS 0x00000006c2400000, 0x00000006c2400000| Untracked 
| 266|0x00000006c2800000, 0x00000006c2c00000, 0x00000006c2c00000|100%| O|  |TAMS 0x00000006c2800000, 0x00000006c2800000| Untracked 
| 267|0x00000006c2c00000, 0x00000006c3000000, 0x00000006c3000000|100%| O|  |TAMS 0x00000006c2c00000, 0x00000006c2c00000| Untracked 
| 268|0x00000006c3000000, 0x00000006c3400000, 0x00000006c3400000|100%| O|  |TAMS 0x00000006c3000000, 0x00000006c3000000| Untracked 
| 269|0x00000006c3400000, 0x00000006c3800000, 0x00000006c3800000|100%| O|  |TAMS 0x00000006c3400000, 0x00000006c3400000| Untracked 
| 270|0x00000006c3800000, 0x00000006c3c00000, 0x00000006c3c00000|100%| O|  |TAMS 0x00000006c3800000, 0x00000006c3800000| Untracked 
| 271|0x00000006c3c00000, 0x00000006c4000000, 0x00000006c4000000|100%| O|  |TAMS 0x00000006c3c00000, 0x00000006c3c00000| Untracked 
| 272|0x00000006c4000000, 0x00000006c4400000, 0x00000006c4400000|100%| O|  |TAMS 0x00000006c4000000, 0x00000006c4000000| Untracked 
| 273|0x00000006c4400000, 0x00000006c4800000, 0x00000006c4800000|100%| O|  |TAMS 0x00000006c4400000, 0x00000006c4400000| Untracked 
| 274|0x00000006c4800000, 0x00000006c4c00000, 0x00000006c4c00000|100%| O|  |TAMS 0x00000006c4800000, 0x00000006c4800000| Untracked 
| 275|0x00000006c4c00000, 0x00000006c5000000, 0x00000006c5000000|100%| O|  |TAMS 0x00000006c4c00000, 0x00000006c4c00000| Untracked 
| 276|0x00000006c5000000, 0x00000006c5400000, 0x00000006c5400000|100%| O|  |TAMS 0x00000006c5000000, 0x00000006c5000000| Untracked 
| 277|0x00000006c5400000, 0x00000006c5800000, 0x00000006c5800000|100%| O|  |TAMS 0x00000006c5400000, 0x00000006c5400000| Untracked 
| 278|0x00000006c5800000, 0x00000006c5c00000, 0x00000006c5c00000|100%| O|  |TAMS 0x00000006c5800000, 0x00000006c5800000| Untracked 
| 279|0x00000006c5c00000, 0x00000006c6000000, 0x00000006c6000000|100%| O|  |TAMS 0x00000006c5c00000, 0x00000006c5c00000| Untracked 
| 280|0x00000006c6000000, 0x00000006c6400000, 0x00000006c6400000|100%|HS|  |TAMS 0x00000006c6000000, 0x00000006c6000000| Complete 
| 281|0x00000006c6400000, 0x00000006c6800000, 0x00000006c6800000|100%| O|  |TAMS 0x00000006c6400000, 0x00000006c6400000| Untracked 
| 282|0x00000006c6800000, 0x00000006c6c00000, 0x00000006c6c00000|100%| O|  |TAMS 0x00000006c6800000, 0x00000006c6800000| Untracked 
| 283|0x00000006c6c00000, 0x00000006c7000000, 0x00000006c7000000|100%| O|  |TAMS 0x00000006c6c00000, 0x00000006c6c00000| Untracked 
| 284|0x00000006c7000000, 0x00000006c7400000, 0x00000006c7400000|100%| O|  |TAMS 0x00000006c7000000, 0x00000006c7000000| Untracked 
| 285|0x00000006c7400000, 0x00000006c7800000, 0x00000006c7800000|100%| O|  |TAMS 0x00000006c7400000, 0x00000006c7400000| Untracked 
| 286|0x00000006c7800000, 0x00000006c7c00000, 0x00000006c7c00000|100%| O|  |TAMS 0x00000006c7800000, 0x00000006c7800000| Untracked 
| 287|0x00000006c7c00000, 0x00000006c8000000, 0x00000006c8000000|100%| O|  |TAMS 0x00000006c7c00000, 0x00000006c7c00000| Untracked 
| 288|0x00000006c8000000, 0x00000006c8400000, 0x00000006c8400000|100%| O|  |TAMS 0x00000006c8000000, 0x00000006c8000000| Untracked 
| 289|0x00000006c8400000, 0x00000006c8800000, 0x00000006c8800000|100%| O|  |TAMS 0x00000006c8400000, 0x00000006c8400000| Untracked 
| 290|0x00000006c8800000, 0x00000006c8c00000, 0x00000006c8c00000|100%| O|  |TAMS 0x00000006c8800000, 0x00000006c8800000| Untracked 
| 291|0x00000006c8c00000, 0x00000006c9000000, 0x00000006c9000000|100%| O|  |TAMS 0x00000006c8c00000, 0x00000006c8c00000| Untracked 
| 292|0x00000006c9000000, 0x00000006c9400000, 0x00000006c9400000|100%| O|  |TAMS 0x00000006c9000000, 0x00000006c9000000| Untracked 
| 293|0x00000006c9400000, 0x00000006c9800000, 0x00000006c9800000|100%| O|  |TAMS 0x00000006c9400000, 0x00000006c9400000| Untracked 
| 294|0x00000006c9800000, 0x00000006c9c00000, 0x00000006c9c00000|100%| O|  |TAMS 0x00000006c9800000, 0x00000006c9800000| Untracked 
| 295|0x00000006c9c00000, 0x00000006ca000000, 0x00000006ca000000|100%| O|  |TAMS 0x00000006c9c00000, 0x00000006c9c00000| Untracked 
| 296|0x00000006ca000000, 0x00000006ca400000, 0x00000006ca400000|100%| O|  |TAMS 0x00000006ca000000, 0x00000006ca000000| Untracked 
| 297|0x00000006ca400000, 0x00000006ca800000, 0x00000006ca800000|100%| O|  |TAMS 0x00000006ca400000, 0x00000006ca400000| Untracked 
| 298|0x00000006ca800000, 0x00000006cac00000, 0x00000006cac00000|100%| O|  |TAMS 0x00000006ca800000, 0x00000006ca800000| Untracked 
| 299|0x00000006cac00000, 0x00000006cb000000, 0x00000006cb000000|100%| O|  |TAMS 0x00000006cac00000, 0x00000006cac00000| Untracked 
| 300|0x00000006cb000000, 0x00000006cb400000, 0x00000006cb400000|100%| O|  |TAMS 0x00000006cb000000, 0x00000006cb000000| Untracked 
| 301|0x00000006cb400000, 0x00000006cb800000, 0x00000006cb800000|100%| O|  |TAMS 0x00000006cb400000, 0x00000006cb400000| Untracked 
| 302|0x00000006cb800000, 0x00000006cbc00000, 0x00000006cbc00000|100%| O|  |TAMS 0x00000006cb800000, 0x00000006cb800000| Untracked 
| 303|0x00000006cbc00000, 0x00000006cc000000, 0x00000006cc000000|100%| O|  |TAMS 0x00000006cbc00000, 0x00000006cbc00000| Untracked 
| 304|0x00000006cc000000, 0x00000006cc400000, 0x00000006cc400000|100%| O|  |TAMS 0x00000006cc000000, 0x00000006cc000000| Untracked 
| 305|0x00000006cc400000, 0x00000006cc800000, 0x00000006cc800000|100%| O|  |TAMS 0x00000006cc400000, 0x00000006cc400000| Untracked 
| 306|0x00000006cc800000, 0x00000006ccc00000, 0x00000006ccc00000|100%| O|  |TAMS 0x00000006cc800000, 0x00000006cc800000| Untracked 
| 307|0x00000006ccc00000, 0x00000006cd000000, 0x00000006cd000000|100%| O|  |TAMS 0x00000006ccc00000, 0x00000006ccc00000| Untracked 
| 308|0x00000006cd000000, 0x00000006cd400000, 0x00000006cd400000|100%| O|  |TAMS 0x00000006cd000000, 0x00000006cd000000| Untracked 
| 309|0x00000006cd400000, 0x00000006cd800000, 0x00000006cd800000|100%| O|  |TAMS 0x00000006cd400000, 0x00000006cd400000| Untracked 
| 310|0x00000006cd800000, 0x00000006cdc00000, 0x00000006cdc00000|100%| O|  |TAMS 0x00000006cd800000, 0x00000006cd800000| Untracked 
| 311|0x00000006cdc00000, 0x00000006ce000000, 0x00000006ce000000|100%| O|  |TAMS 0x00000006cdc00000, 0x00000006cdc00000| Untracked 
| 312|0x00000006ce000000, 0x00000006ce400000, 0x00000006ce400000|100%| O|  |TAMS 0x00000006ce000000, 0x00000006ce000000| Untracked 
| 313|0x00000006ce400000, 0x00000006ce800000, 0x00000006ce800000|100%|HS|  |TAMS 0x00000006ce400000, 0x00000006ce400000| Complete 
| 314|0x00000006ce800000, 0x00000006cec00000, 0x00000006cec00000|100%|HS|  |TAMS 0x00000006ce800000, 0x00000006ce800000| Complete 
| 315|0x00000006cec00000, 0x00000006cf000000, 0x00000006cf000000|100%|HC|  |TAMS 0x00000006cec00000, 0x00000006cec00000| Complete 
| 316|0x00000006cf000000, 0x00000006cf400000, 0x00000006cf400000|100%|HC|  |TAMS 0x00000006cf000000, 0x00000006cf000000| Complete 
| 317|0x00000006cf400000, 0x00000006cf800000, 0x00000006cf800000|100%|HS|  |TAMS 0x00000006cf400000, 0x00000006cf400000| Complete 
| 318|0x00000006cf800000, 0x00000006cfc00000, 0x00000006cfc00000|100%|HC|  |TAMS 0x00000006cf800000, 0x00000006cf800000| Complete 
| 319|0x00000006cfc00000, 0x00000006d0000000, 0x00000006d0000000|100%|HC|  |TAMS 0x00000006cfc00000, 0x00000006cfc00000| Complete 
| 320|0x00000006d0000000, 0x00000006d0400000, 0x00000006d0400000|100%|HS|  |TAMS 0x00000006d0000000, 0x00000006d0000000| Complete 
| 321|0x00000006d0400000, 0x00000006d0800000, 0x00000006d0800000|100%|HC|  |TAMS 0x00000006d0400000, 0x00000006d0400000| Complete 
| 322|0x00000006d0800000, 0x00000006d0c00000, 0x00000006d0c00000|100%|HC|  |TAMS 0x00000006d0800000, 0x00000006d0800000| Complete 
| 323|0x00000006d0c00000, 0x00000006d1000000, 0x00000006d1000000|100%| O|  |TAMS 0x00000006d0c00000, 0x00000006d0c00000| Untracked 
| 324|0x00000006d1000000, 0x00000006d1400000, 0x00000006d1400000|100%| O|  |TAMS 0x00000006d1000000, 0x00000006d1000000| Untracked 
| 325|0x00000006d1400000, 0x00000006d1800000, 0x00000006d1800000|100%| O|  |TAMS 0x00000006d1400000, 0x00000006d1400000| Untracked 
| 326|0x00000006d1800000, 0x00000006d1c00000, 0x00000006d1c00000|100%| O|  |TAMS 0x00000006d1800000, 0x00000006d1800000| Untracked 
| 327|0x00000006d1c00000, 0x00000006d2000000, 0x00000006d2000000|100%| O|  |TAMS 0x00000006d1c00000, 0x00000006d1c00000| Untracked 
| 328|0x00000006d2000000, 0x00000006d2250200, 0x00000006d2400000| 57%| O|  |TAMS 0x00000006d2000000, 0x00000006d2000000| Untracked 
| 329|0x00000006d2400000, 0x00000006d2400000, 0x00000006d2800000|  0%| F|  |TAMS 0x00000006d2400000, 0x00000006d2400000| Untracked 
| 330|0x00000006d2800000, 0x00000006d2800000, 0x00000006d2c00000|  0%| F|  |TAMS 0x00000006d2800000, 0x00000006d2800000| Untracked 
| 331|0x00000006d2c00000, 0x00000006d2c00000, 0x00000006d3000000|  0%| F|  |TAMS 0x00000006d2c00000, 0x00000006d2c00000| Untracked 
| 332|0x00000006d3000000, 0x00000006d3000000, 0x00000006d3400000|  0%| F|  |TAMS 0x00000006d3000000, 0x00000006d3000000| Untracked 
| 333|0x00000006d3400000, 0x00000006d3400000, 0x00000006d3800000|  0%| F|  |TAMS 0x00000006d3400000, 0x00000006d3400000| Untracked 
| 334|0x00000006d3800000, 0x00000006d3800000, 0x00000006d3c00000|  0%| F|  |TAMS 0x00000006d3800000, 0x00000006d3800000| Untracked 
| 335|0x00000006d3c00000, 0x00000006d3c00000, 0x00000006d4000000|  0%| F|  |TAMS 0x00000006d3c00000, 0x00000006d3c00000| Untracked 
| 336|0x00000006d4000000, 0x00000006d4000000, 0x00000006d4400000|  0%| F|  |TAMS 0x00000006d4000000, 0x00000006d4000000| Untracked 
| 337|0x00000006d4400000, 0x00000006d4400000, 0x00000006d4800000|  0%| F|  |TAMS 0x00000006d4400000, 0x00000006d4400000| Untracked 
| 338|0x00000006d4800000, 0x00000006d4800000, 0x00000006d4c00000|  0%| F|  |TAMS 0x00000006d4800000, 0x00000006d4800000| Untracked 
| 339|0x00000006d4c00000, 0x00000006d4c00000, 0x00000006d5000000|  0%| F|  |TAMS 0x00000006d4c00000, 0x00000006d4c00000| Untracked 
| 340|0x00000006d5000000, 0x00000006d5000000, 0x00000006d5400000|  0%| F|  |TAMS 0x00000006d5000000, 0x00000006d5000000| Untracked 
| 341|0x00000006d5400000, 0x00000006d5400000, 0x00000006d5800000|  0%| F|  |TAMS 0x00000006d5400000, 0x00000006d5400000| Untracked 
| 342|0x00000006d5800000, 0x00000006d5800000, 0x00000006d5c00000|  0%| F|  |TAMS 0x00000006d5800000, 0x00000006d5800000| Untracked 
| 343|0x00000006d5c00000, 0x00000006d5c00000, 0x00000006d6000000|  0%| F|  |TAMS 0x00000006d5c00000, 0x00000006d5c00000| Untracked 
| 344|0x00000006d6000000, 0x00000006d6000000, 0x00000006d6400000|  0%| F|  |TAMS 0x00000006d6000000, 0x00000006d6000000| Untracked 
| 345|0x00000006d6400000, 0x00000006d6400000, 0x00000006d6800000|  0%| F|  |TAMS 0x00000006d6400000, 0x00000006d6400000| Untracked 
| 346|0x00000006d6800000, 0x00000006d6800000, 0x00000006d6c00000|  0%| F|  |TAMS 0x00000006d6800000, 0x00000006d6800000| Untracked 
| 347|0x00000006d6c00000, 0x00000006d6c00000, 0x00000006d7000000|  0%| F|  |TAMS 0x00000006d6c00000, 0x00000006d6c00000| Untracked 
| 348|0x00000006d7000000, 0x00000006d7000000, 0x00000006d7400000|  0%| F|  |TAMS 0x00000006d7000000, 0x00000006d7000000| Untracked 
| 349|0x00000006d7400000, 0x00000006d7400000, 0x00000006d7800000|  0%| F|  |TAMS 0x00000006d7400000, 0x00000006d7400000| Untracked 
| 350|0x00000006d7800000, 0x00000006d7800000, 0x00000006d7c00000|  0%| F|  |TAMS 0x00000006d7800000, 0x00000006d7800000| Untracked 
| 351|0x00000006d7c00000, 0x00000006d7c00000, 0x00000006d8000000|  0%| F|  |TAMS 0x00000006d7c00000, 0x00000006d7c00000| Untracked 
| 352|0x00000006d8000000, 0x00000006d8000000, 0x00000006d8400000|  0%| F|  |TAMS 0x00000006d8000000, 0x00000006d8000000| Untracked 
| 353|0x00000006d8400000, 0x00000006d8400000, 0x00000006d8800000|  0%| F|  |TAMS 0x00000006d8400000, 0x00000006d8400000| Untracked 
| 354|0x00000006d8800000, 0x00000006d8800000, 0x00000006d8c00000|  0%| F|  |TAMS 0x00000006d8800000, 0x00000006d8800000| Untracked 
| 355|0x00000006d8c00000, 0x00000006d8c00000, 0x00000006d9000000|  0%| F|  |TAMS 0x00000006d8c00000, 0x00000006d8c00000| Untracked 
| 356|0x00000006d9000000, 0x00000006d9000000, 0x00000006d9400000|  0%| F|  |TAMS 0x00000006d9000000, 0x00000006d9000000| Untracked 
| 357|0x00000006d9400000, 0x00000006d9400000, 0x00000006d9800000|  0%| F|  |TAMS 0x00000006d9400000, 0x00000006d9400000| Untracked 
| 358|0x00000006d9800000, 0x00000006d9800000, 0x00000006d9c00000|  0%| F|  |TAMS 0x00000006d9800000, 0x00000006d9800000| Untracked 
| 359|0x00000006d9c00000, 0x00000006d9c00000, 0x00000006da000000|  0%| F|  |TAMS 0x00000006d9c00000, 0x00000006d9c00000| Untracked 
| 360|0x00000006da000000, 0x00000006da000000, 0x00000006da400000|  0%| F|  |TAMS 0x00000006da000000, 0x00000006da000000| Untracked 
| 361|0x00000006da400000, 0x00000006da400000, 0x00000006da800000|  0%| F|  |TAMS 0x00000006da400000, 0x00000006da400000| Untracked 
| 362|0x00000006da800000, 0x00000006da800000, 0x00000006dac00000|  0%| F|  |TAMS 0x00000006da800000, 0x00000006da800000| Untracked 
| 363|0x00000006dac00000, 0x00000006dac00000, 0x00000006db000000|  0%| F|  |TAMS 0x00000006dac00000, 0x00000006dac00000| Untracked 
| 364|0x00000006db000000, 0x00000006db000000, 0x00000006db400000|  0%| F|  |TAMS 0x00000006db000000, 0x00000006db000000| Untracked 
| 365|0x00000006db400000, 0x00000006db400000, 0x00000006db800000|  0%| F|  |TAMS 0x00000006db400000, 0x00000006db400000| Untracked 
| 366|0x00000006db800000, 0x00000006db800000, 0x00000006dbc00000|  0%| F|  |TAMS 0x00000006db800000, 0x00000006db800000| Untracked 
| 367|0x00000006dbc00000, 0x00000006dbc00000, 0x00000006dc000000|  0%| F|  |TAMS 0x00000006dbc00000, 0x00000006dbc00000| Untracked 
| 368|0x00000006dc000000, 0x00000006dc000000, 0x00000006dc400000|  0%| F|  |TAMS 0x00000006dc000000, 0x00000006dc000000| Untracked 
| 369|0x00000006dc400000, 0x00000006dc400000, 0x00000006dc800000|  0%| F|  |TAMS 0x00000006dc400000, 0x00000006dc400000| Untracked 
| 370|0x00000006dc800000, 0x00000006dc800000, 0x00000006dcc00000|  0%| F|  |TAMS 0x00000006dc800000, 0x00000006dc800000| Untracked 
| 371|0x00000006dcc00000, 0x00000006dcc00000, 0x00000006dd000000|  0%| F|  |TAMS 0x00000006dcc00000, 0x00000006dcc00000| Untracked 
| 372|0x00000006dd000000, 0x00000006dd000000, 0x00000006dd400000|  0%| F|  |TAMS 0x00000006dd000000, 0x00000006dd000000| Untracked 
| 373|0x00000006dd400000, 0x00000006dd400000, 0x00000006dd800000|  0%| F|  |TAMS 0x00000006dd400000, 0x00000006dd400000| Untracked 
| 374|0x00000006dd800000, 0x00000006dd800000, 0x00000006ddc00000|  0%| F|  |TAMS 0x00000006dd800000, 0x00000006dd800000| Untracked 
| 375|0x00000006ddc00000, 0x00000006ddc00000, 0x00000006de000000|  0%| F|  |TAMS 0x00000006ddc00000, 0x00000006ddc00000| Untracked 
| 376|0x00000006de000000, 0x00000006de000000, 0x00000006de400000|  0%| F|  |TAMS 0x00000006de000000, 0x00000006de000000| Untracked 
| 377|0x00000006de400000, 0x00000006de400000, 0x00000006de800000|  0%| F|  |TAMS 0x00000006de400000, 0x00000006de400000| Untracked 
| 378|0x00000006de800000, 0x00000006de800000, 0x00000006dec00000|  0%| F|  |TAMS 0x00000006de800000, 0x00000006de800000| Untracked 
| 379|0x00000006dec00000, 0x00000006dec00000, 0x00000006df000000|  0%| F|  |TAMS 0x00000006dec00000, 0x00000006dec00000| Untracked 
| 380|0x00000006df000000, 0x00000006df000000, 0x00000006df400000|  0%| F|  |TAMS 0x00000006df000000, 0x00000006df000000| Untracked 
| 381|0x00000006df400000, 0x00000006df400000, 0x00000006df800000|  0%| F|  |TAMS 0x00000006df400000, 0x00000006df400000| Untracked 
| 382|0x00000006df800000, 0x00000006df800000, 0x00000006dfc00000|  0%| F|  |TAMS 0x00000006df800000, 0x00000006df800000| Untracked 
| 383|0x00000006dfc00000, 0x00000006dfc00000, 0x00000006e0000000|  0%| F|  |TAMS 0x00000006dfc00000, 0x00000006dfc00000| Untracked 
| 384|0x00000006e0000000, 0x00000006e0000000, 0x00000006e0400000|  0%| F|  |TAMS 0x00000006e0000000, 0x00000006e0000000| Untracked 
| 385|0x00000006e0400000, 0x00000006e0400000, 0x00000006e0800000|  0%| F|  |TAMS 0x00000006e0400000, 0x00000006e0400000| Untracked 
| 386|0x00000006e0800000, 0x00000006e0800000, 0x00000006e0c00000|  0%| F|  |TAMS 0x00000006e0800000, 0x00000006e0800000| Untracked 
| 387|0x00000006e0c00000, 0x00000006e0c00000, 0x00000006e1000000|  0%| F|  |TAMS 0x00000006e0c00000, 0x00000006e0c00000| Untracked 
| 388|0x00000006e1000000, 0x00000006e1000000, 0x00000006e1400000|  0%| F|  |TAMS 0x00000006e1000000, 0x00000006e1000000| Untracked 
| 389|0x00000006e1400000, 0x00000006e1400000, 0x00000006e1800000|  0%| F|  |TAMS 0x00000006e1400000, 0x00000006e1400000| Untracked 
| 390|0x00000006e1800000, 0x00000006e1800000, 0x00000006e1c00000|  0%| F|  |TAMS 0x00000006e1800000, 0x00000006e1800000| Untracked 
| 391|0x00000006e1c00000, 0x00000006e1c00000, 0x00000006e2000000|  0%| F|  |TAMS 0x00000006e1c00000, 0x00000006e1c00000| Untracked 
| 392|0x00000006e2000000, 0x00000006e2000000, 0x00000006e2400000|  0%| F|  |TAMS 0x00000006e2000000, 0x00000006e2000000| Untracked 
| 393|0x00000006e2400000, 0x00000006e2400000, 0x00000006e2800000|  0%| F|  |TAMS 0x00000006e2400000, 0x00000006e2400000| Untracked 
| 394|0x00000006e2800000, 0x00000006e2800000, 0x00000006e2c00000|  0%| F|  |TAMS 0x00000006e2800000, 0x00000006e2800000| Untracked 
| 395|0x00000006e2c00000, 0x00000006e2c00000, 0x00000006e3000000|  0%| F|  |TAMS 0x00000006e2c00000, 0x00000006e2c00000| Untracked 
| 396|0x00000006e3000000, 0x00000006e3000000, 0x00000006e3400000|  0%| F|  |TAMS 0x00000006e3000000, 0x00000006e3000000| Untracked 
| 397|0x00000006e3400000, 0x00000006e3400000, 0x00000006e3800000|  0%| F|  |TAMS 0x00000006e3400000, 0x00000006e3400000| Untracked 
| 398|0x00000006e3800000, 0x00000006e3800000, 0x00000006e3c00000|  0%| F|  |TAMS 0x00000006e3800000, 0x00000006e3800000| Untracked 
| 399|0x00000006e3c00000, 0x00000006e3c00000, 0x00000006e4000000|  0%| F|  |TAMS 0x00000006e3c00000, 0x00000006e3c00000| Untracked 
| 400|0x00000006e4000000, 0x00000006e4000000, 0x00000006e4400000|  0%| F|  |TAMS 0x00000006e4000000, 0x00000006e4000000| Untracked 
| 401|0x00000006e4400000, 0x00000006e4400000, 0x00000006e4800000|  0%| F|  |TAMS 0x00000006e4400000, 0x00000006e4400000| Untracked 
| 402|0x00000006e4800000, 0x00000006e4800000, 0x00000006e4c00000|  0%| F|  |TAMS 0x00000006e4800000, 0x00000006e4800000| Untracked 
| 403|0x00000006e4c00000, 0x00000006e4c00000, 0x00000006e5000000|  0%| F|  |TAMS 0x00000006e4c00000, 0x00000006e4c00000| Untracked 
| 404|0x00000006e5000000, 0x00000006e5000000, 0x00000006e5400000|  0%| F|  |TAMS 0x00000006e5000000, 0x00000006e5000000| Untracked 
| 405|0x00000006e5400000, 0x00000006e5400000, 0x00000006e5800000|  0%| F|  |TAMS 0x00000006e5400000, 0x00000006e5400000| Untracked 
| 406|0x00000006e5800000, 0x00000006e5800000, 0x00000006e5c00000|  0%| F|  |TAMS 0x00000006e5800000, 0x00000006e5800000| Untracked 
| 407|0x00000006e5c00000, 0x00000006e5c00000, 0x00000006e6000000|  0%| F|  |TAMS 0x00000006e5c00000, 0x00000006e5c00000| Untracked 
| 408|0x00000006e6000000, 0x00000006e6000000, 0x00000006e6400000|  0%| F|  |TAMS 0x00000006e6000000, 0x00000006e6000000| Untracked 
| 409|0x00000006e6400000, 0x00000006e6400000, 0x00000006e6800000|  0%| F|  |TAMS 0x00000006e6400000, 0x00000006e6400000| Untracked 
| 410|0x00000006e6800000, 0x00000006e6800000, 0x00000006e6c00000|  0%| F|  |TAMS 0x00000006e6800000, 0x00000006e6800000| Untracked 
| 411|0x00000006e6c00000, 0x00000006e6c00000, 0x00000006e7000000|  0%| F|  |TAMS 0x00000006e6c00000, 0x00000006e6c00000| Untracked 
| 412|0x00000006e7000000, 0x00000006e7000000, 0x00000006e7400000|  0%| F|  |TAMS 0x00000006e7000000, 0x00000006e7000000| Untracked 
| 413|0x00000006e7400000, 0x00000006e7400000, 0x00000006e7800000|  0%| F|  |TAMS 0x00000006e7400000, 0x00000006e7400000| Untracked 
| 414|0x00000006e7800000, 0x00000006e7800000, 0x00000006e7c00000|  0%| F|  |TAMS 0x00000006e7800000, 0x00000006e7800000| Untracked 
| 415|0x00000006e7c00000, 0x00000006e7c00000, 0x00000006e8000000|  0%| F|  |TAMS 0x00000006e7c00000, 0x00000006e7c00000| Untracked 
| 416|0x00000006e8000000, 0x00000006e8000000, 0x00000006e8400000|  0%| F|  |TAMS 0x00000006e8000000, 0x00000006e8000000| Untracked 
| 417|0x00000006e8400000, 0x00000006e8400000, 0x00000006e8800000|  0%| F|  |TAMS 0x00000006e8400000, 0x00000006e8400000| Untracked 
| 418|0x00000006e8800000, 0x00000006e8800000, 0x00000006e8c00000|  0%| F|  |TAMS 0x00000006e8800000, 0x00000006e8800000| Untracked 
| 419|0x00000006e8c00000, 0x00000006e8c00000, 0x00000006e9000000|  0%| F|  |TAMS 0x00000006e8c00000, 0x00000006e8c00000| Untracked 
| 420|0x00000006e9000000, 0x00000006e9000000, 0x00000006e9400000|  0%| F|  |TAMS 0x00000006e9000000, 0x00000006e9000000| Untracked 
| 421|0x00000006e9400000, 0x00000006e9400000, 0x00000006e9800000|  0%| F|  |TAMS 0x00000006e9400000, 0x00000006e9400000| Untracked 
| 422|0x00000006e9800000, 0x00000006e9800000, 0x00000006e9c00000|  0%| F|  |TAMS 0x00000006e9800000, 0x00000006e9800000| Untracked 
| 423|0x00000006e9c00000, 0x00000006e9c00000, 0x00000006ea000000|  0%| F|  |TAMS 0x00000006e9c00000, 0x00000006e9c00000| Untracked 
| 424|0x00000006ea000000, 0x00000006ea000000, 0x00000006ea400000|  0%| F|  |TAMS 0x00000006ea000000, 0x00000006ea000000| Untracked 
| 425|0x00000006ea400000, 0x00000006ea400000, 0x00000006ea800000|  0%| F|  |TAMS 0x00000006ea400000, 0x00000006ea400000| Untracked 
| 426|0x00000006ea800000, 0x00000006ea800000, 0x00000006eac00000|  0%| F|  |TAMS 0x00000006ea800000, 0x00000006ea800000| Untracked 
| 427|0x00000006eac00000, 0x00000006eac00000, 0x00000006eb000000|  0%| F|  |TAMS 0x00000006eac00000, 0x00000006eac00000| Untracked 
| 428|0x00000006eb000000, 0x00000006eb000000, 0x00000006eb400000|  0%| F|  |TAMS 0x00000006eb000000, 0x00000006eb000000| Untracked 
| 429|0x00000006eb400000, 0x00000006eb400000, 0x00000006eb800000|  0%| F|  |TAMS 0x00000006eb400000, 0x00000006eb400000| Untracked 
| 430|0x00000006eb800000, 0x00000006eb800000, 0x00000006ebc00000|  0%| F|  |TAMS 0x00000006eb800000, 0x00000006eb800000| Untracked 
| 431|0x00000006ebc00000, 0x00000006ebc00000, 0x00000006ec000000|  0%| F|  |TAMS 0x00000006ebc00000, 0x00000006ebc00000| Untracked 
| 432|0x00000006ec000000, 0x00000006ec000000, 0x00000006ec400000|  0%| F|  |TAMS 0x00000006ec000000, 0x00000006ec000000| Untracked 
| 433|0x00000006ec400000, 0x00000006ec400000, 0x00000006ec800000|  0%| F|  |TAMS 0x00000006ec400000, 0x00000006ec400000| Untracked 
| 434|0x00000006ec800000, 0x00000006ec800000, 0x00000006ecc00000|  0%| F|  |TAMS 0x00000006ec800000, 0x00000006ec800000| Untracked 
| 435|0x00000006ecc00000, 0x00000006ecc00000, 0x00000006ed000000|  0%| F|  |TAMS 0x00000006ecc00000, 0x00000006ecc00000| Untracked 
| 436|0x00000006ed000000, 0x00000006ed000000, 0x00000006ed400000|  0%| F|  |TAMS 0x00000006ed000000, 0x00000006ed000000| Untracked 
| 437|0x00000006ed400000, 0x00000006ed400000, 0x00000006ed800000|  0%| F|  |TAMS 0x00000006ed400000, 0x00000006ed400000| Untracked 
| 438|0x00000006ed800000, 0x00000006ed800000, 0x00000006edc00000|  0%| F|  |TAMS 0x00000006ed800000, 0x00000006ed800000| Untracked 
| 439|0x00000006edc00000, 0x00000006edc00000, 0x00000006ee000000|  0%| F|  |TAMS 0x00000006edc00000, 0x00000006edc00000| Untracked 
| 440|0x00000006ee000000, 0x00000006ee000000, 0x00000006ee400000|  0%| F|  |TAMS 0x00000006ee000000, 0x00000006ee000000| Untracked 
| 441|0x00000006ee400000, 0x00000006ee400000, 0x00000006ee800000|  0%| F|  |TAMS 0x00000006ee400000, 0x00000006ee400000| Untracked 
| 442|0x00000006ee800000, 0x00000006ee800000, 0x00000006eec00000|  0%| F|  |TAMS 0x00000006ee800000, 0x00000006ee800000| Untracked 
| 443|0x00000006eec00000, 0x00000006eec00000, 0x00000006ef000000|  0%| F|  |TAMS 0x00000006eec00000, 0x00000006eec00000| Untracked 
| 444|0x00000006ef000000, 0x00000006ef000000, 0x00000006ef400000|  0%| F|  |TAMS 0x00000006ef000000, 0x00000006ef000000| Untracked 
| 445|0x00000006ef400000, 0x00000006ef400000, 0x00000006ef800000|  0%| F|  |TAMS 0x00000006ef400000, 0x00000006ef400000| Untracked 
| 446|0x00000006ef800000, 0x00000006ef800000, 0x00000006efc00000|  0%| F|  |TAMS 0x00000006ef800000, 0x00000006ef800000| Untracked 
| 447|0x00000006efc00000, 0x00000006efc00000, 0x00000006f0000000|  0%| F|  |TAMS 0x00000006efc00000, 0x00000006efc00000| Untracked 
| 448|0x00000006f0000000, 0x00000006f0000000, 0x00000006f0400000|  0%| F|  |TAMS 0x00000006f0000000, 0x00000006f0000000| Untracked 
| 449|0x00000006f0400000, 0x00000006f0400000, 0x00000006f0800000|  0%| F|  |TAMS 0x00000006f0400000, 0x00000006f0400000| Untracked 
| 450|0x00000006f0800000, 0x00000006f0800000, 0x00000006f0c00000|  0%| F|  |TAMS 0x00000006f0800000, 0x00000006f0800000| Untracked 
| 451|0x00000006f0c00000, 0x00000006f0c00000, 0x00000006f1000000|  0%| F|  |TAMS 0x00000006f0c00000, 0x00000006f0c00000| Untracked 
| 452|0x00000006f1000000, 0x00000006f1000000, 0x00000006f1400000|  0%| F|  |TAMS 0x00000006f1000000, 0x00000006f1000000| Untracked 
| 453|0x00000006f1400000, 0x00000006f1400000, 0x00000006f1800000|  0%| F|  |TAMS 0x00000006f1400000, 0x00000006f1400000| Untracked 
| 454|0x00000006f1800000, 0x00000006f1800000, 0x00000006f1c00000|  0%| F|  |TAMS 0x00000006f1800000, 0x00000006f1800000| Untracked 
| 455|0x00000006f1c00000, 0x00000006f1c00000, 0x00000006f2000000|  0%| F|  |TAMS 0x00000006f1c00000, 0x00000006f1c00000| Untracked 
| 456|0x00000006f2000000, 0x00000006f2000000, 0x00000006f2400000|  0%| F|  |TAMS 0x00000006f2000000, 0x00000006f2000000| Untracked 
| 457|0x00000006f2400000, 0x00000006f2400000, 0x00000006f2800000|  0%| F|  |TAMS 0x00000006f2400000, 0x00000006f2400000| Untracked 
| 458|0x00000006f2800000, 0x00000006f2800000, 0x00000006f2c00000|  0%| F|  |TAMS 0x00000006f2800000, 0x00000006f2800000| Untracked 
| 459|0x00000006f2c00000, 0x00000006f2c00000, 0x00000006f3000000|  0%| F|  |TAMS 0x00000006f2c00000, 0x00000006f2c00000| Untracked 
| 460|0x00000006f3000000, 0x00000006f3000000, 0x00000006f3400000|  0%| F|  |TAMS 0x00000006f3000000, 0x00000006f3000000| Untracked 
| 461|0x00000006f3400000, 0x00000006f3400000, 0x00000006f3800000|  0%| F|  |TAMS 0x00000006f3400000, 0x00000006f3400000| Untracked 
| 462|0x00000006f3800000, 0x00000006f3800000, 0x00000006f3c00000|  0%| F|  |TAMS 0x00000006f3800000, 0x00000006f3800000| Untracked 
| 463|0x00000006f3c00000, 0x00000006f3c00000, 0x00000006f4000000|  0%| F|  |TAMS 0x00000006f3c00000, 0x00000006f3c00000| Untracked 
| 464|0x00000006f4000000, 0x00000006f4000000, 0x00000006f4400000|  0%| F|  |TAMS 0x00000006f4000000, 0x00000006f4000000| Untracked 
| 465|0x00000006f4400000, 0x00000006f4400000, 0x00000006f4800000|  0%| F|  |TAMS 0x00000006f4400000, 0x00000006f4400000| Untracked 
| 466|0x00000006f4800000, 0x00000006f4800000, 0x00000006f4c00000|  0%| F|  |TAMS 0x00000006f4800000, 0x00000006f4800000| Untracked 
| 467|0x00000006f4c00000, 0x00000006f4c00000, 0x00000006f5000000|  0%| F|  |TAMS 0x00000006f4c00000, 0x00000006f4c00000| Untracked 
| 468|0x00000006f5000000, 0x00000006f5000000, 0x00000006f5400000|  0%| F|  |TAMS 0x00000006f5000000, 0x00000006f5000000| Untracked 
| 469|0x00000006f5400000, 0x00000006f5400000, 0x00000006f5800000|  0%| F|  |TAMS 0x00000006f5400000, 0x00000006f5400000| Untracked 
| 470|0x00000006f5800000, 0x00000006f5800000, 0x00000006f5c00000|  0%| F|  |TAMS 0x00000006f5800000, 0x00000006f5800000| Untracked 
| 471|0x00000006f5c00000, 0x00000006f5c00000, 0x00000006f6000000|  0%| F|  |TAMS 0x00000006f5c00000, 0x00000006f5c00000| Untracked 
| 472|0x00000006f6000000, 0x00000006f6000000, 0x00000006f6400000|  0%| F|  |TAMS 0x00000006f6000000, 0x00000006f6000000| Untracked 
| 473|0x00000006f6400000, 0x00000006f6400000, 0x00000006f6800000|  0%| F|  |TAMS 0x00000006f6400000, 0x00000006f6400000| Untracked 
| 474|0x00000006f6800000, 0x00000006f6800000, 0x00000006f6c00000|  0%| F|  |TAMS 0x00000006f6800000, 0x00000006f6800000| Untracked 
| 475|0x00000006f6c00000, 0x00000006f6c00000, 0x00000006f7000000|  0%| F|  |TAMS 0x00000006f6c00000, 0x00000006f6c00000| Untracked 
| 476|0x00000006f7000000, 0x00000006f7000000, 0x00000006f7400000|  0%| F|  |TAMS 0x00000006f7000000, 0x00000006f7000000| Untracked 
| 477|0x00000006f7400000, 0x00000006f7400000, 0x00000006f7800000|  0%| F|  |TAMS 0x00000006f7400000, 0x00000006f7400000| Untracked 
| 478|0x00000006f7800000, 0x00000006f7800000, 0x00000006f7c00000|  0%| F|  |TAMS 0x00000006f7800000, 0x00000006f7800000| Untracked 
| 479|0x00000006f7c00000, 0x00000006f7c00000, 0x00000006f8000000|  0%| F|  |TAMS 0x00000006f7c00000, 0x00000006f7c00000| Untracked 
| 480|0x00000006f8000000, 0x00000006f8000000, 0x00000006f8400000|  0%| F|  |TAMS 0x00000006f8000000, 0x00000006f8000000| Untracked 
| 481|0x00000006f8400000, 0x00000006f8400000, 0x00000006f8800000|  0%| F|  |TAMS 0x00000006f8400000, 0x00000006f8400000| Untracked 
| 482|0x00000006f8800000, 0x00000006f8800000, 0x00000006f8c00000|  0%| F|  |TAMS 0x00000006f8800000, 0x00000006f8800000| Untracked 
| 483|0x00000006f8c00000, 0x00000006f8c00000, 0x00000006f9000000|  0%| F|  |TAMS 0x00000006f8c00000, 0x00000006f8c00000| Untracked 
| 484|0x00000006f9000000, 0x00000006f9000000, 0x00000006f9400000|  0%| F|  |TAMS 0x00000006f9000000, 0x00000006f9000000| Untracked 
| 485|0x00000006f9400000, 0x00000006f9400000, 0x00000006f9800000|  0%| F|  |TAMS 0x00000006f9400000, 0x00000006f9400000| Untracked 
| 486|0x00000006f9800000, 0x00000006f9800000, 0x00000006f9c00000|  0%| F|  |TAMS 0x00000006f9800000, 0x00000006f9800000| Untracked 
| 487|0x00000006f9c00000, 0x00000006f9c00000, 0x00000006fa000000|  0%| F|  |TAMS 0x00000006f9c00000, 0x00000006f9c00000| Untracked 
| 488|0x00000006fa000000, 0x00000006fa000000, 0x00000006fa400000|  0%| F|  |TAMS 0x00000006fa000000, 0x00000006fa000000| Untracked 
| 489|0x00000006fa400000, 0x00000006fa400000, 0x00000006fa800000|  0%| F|  |TAMS 0x00000006fa400000, 0x00000006fa400000| Untracked 
| 490|0x00000006fa800000, 0x00000006fa800000, 0x00000006fac00000|  0%| F|  |TAMS 0x00000006fa800000, 0x00000006fa800000| Untracked 
| 491|0x00000006fac00000, 0x00000006fac00000, 0x00000006fb000000|  0%| F|  |TAMS 0x00000006fac00000, 0x00000006fac00000| Untracked 
| 492|0x00000006fb000000, 0x00000006fb000000, 0x00000006fb400000|  0%| F|  |TAMS 0x00000006fb000000, 0x00000006fb000000| Untracked 
| 493|0x00000006fb400000, 0x00000006fb400000, 0x00000006fb800000|  0%| F|  |TAMS 0x00000006fb400000, 0x00000006fb400000| Untracked 
| 494|0x00000006fb800000, 0x00000006fb800000, 0x00000006fbc00000|  0%| F|  |TAMS 0x00000006fb800000, 0x00000006fb800000| Untracked 
| 495|0x00000006fbc00000, 0x00000006fbc00000, 0x00000006fc000000|  0%| F|  |TAMS 0x00000006fbc00000, 0x00000006fbc00000| Untracked 
| 496|0x00000006fc000000, 0x00000006fc000000, 0x00000006fc400000|  0%| F|  |TAMS 0x00000006fc000000, 0x00000006fc000000| Untracked 
| 497|0x00000006fc400000, 0x00000006fc400000, 0x00000006fc800000|  0%| F|  |TAMS 0x00000006fc400000, 0x00000006fc400000| Untracked 
| 498|0x00000006fc800000, 0x00000006fc800000, 0x00000006fcc00000|  0%| F|  |TAMS 0x00000006fc800000, 0x00000006fc800000| Untracked 
| 499|0x00000006fcc00000, 0x00000006fcc00000, 0x00000006fd000000|  0%| F|  |TAMS 0x00000006fcc00000, 0x00000006fcc00000| Untracked 
| 500|0x00000006fd000000, 0x00000006fd000000, 0x00000006fd400000|  0%| F|  |TAMS 0x00000006fd000000, 0x00000006fd000000| Untracked 
| 501|0x00000006fd400000, 0x00000006fd400000, 0x00000006fd800000|  0%| F|  |TAMS 0x00000006fd400000, 0x00000006fd400000| Untracked 
| 502|0x00000006fd800000, 0x00000006fd800000, 0x00000006fdc00000|  0%| F|  |TAMS 0x00000006fd800000, 0x00000006fd800000| Untracked 
| 503|0x00000006fdc00000, 0x00000006fdc00000, 0x00000006fe000000|  0%| F|  |TAMS 0x00000006fdc00000, 0x00000006fdc00000| Untracked 
| 504|0x00000006fe000000, 0x00000006fe000000, 0x00000006fe400000|  0%| F|  |TAMS 0x00000006fe000000, 0x00000006fe000000| Untracked 
| 505|0x00000006fe400000, 0x00000006fe400000, 0x00000006fe800000|  0%| F|  |TAMS 0x00000006fe400000, 0x00000006fe400000| Untracked 
| 506|0x00000006fe800000, 0x00000006fe800000, 0x00000006fec00000|  0%| F|  |TAMS 0x00000006fe800000, 0x00000006fe800000| Untracked 
| 507|0x00000006fec00000, 0x00000006fec00000, 0x00000006ff000000|  0%| F|  |TAMS 0x00000006fec00000, 0x00000006fec00000| Untracked 
| 508|0x00000006ff000000, 0x00000006ff000000, 0x00000006ff400000|  0%| F|  |TAMS 0x00000006ff000000, 0x00000006ff000000| Untracked 
| 509|0x00000006ff400000, 0x00000006ff400000, 0x00000006ff800000|  0%| F|  |TAMS 0x00000006ff400000, 0x00000006ff400000| Untracked 
| 510|0x00000006ff800000, 0x00000006ff800000, 0x00000006ffc00000|  0%| F|  |TAMS 0x00000006ff800000, 0x00000006ff800000| Untracked 
| 511|0x00000006ffc00000, 0x00000006ffc00000, 0x0000000700000000|  0%| F|  |TAMS 0x00000006ffc00000, 0x00000006ffc00000| Untracked 
| 512|0x0000000700000000, 0x0000000700000000, 0x0000000700400000|  0%| F|  |TAMS 0x0000000700000000, 0x0000000700000000| Untracked 
| 513|0x0000000700400000, 0x0000000700400000, 0x0000000700800000|  0%| F|  |TAMS 0x0000000700400000, 0x0000000700400000| Untracked 
| 514|0x0000000700800000, 0x0000000700800000, 0x0000000700c00000|  0%| F|  |TAMS 0x0000000700800000, 0x0000000700800000| Untracked 
| 515|0x0000000700c00000, 0x0000000700c00000, 0x0000000701000000|  0%| F|  |TAMS 0x0000000700c00000, 0x0000000700c00000| Untracked 
| 516|0x0000000701000000, 0x0000000701000000, 0x0000000701400000|  0%| F|  |TAMS 0x0000000701000000, 0x0000000701000000| Untracked 
| 517|0x0000000701400000, 0x0000000701400000, 0x0000000701800000|  0%| F|  |TAMS 0x0000000701400000, 0x0000000701400000| Untracked 
| 518|0x0000000701800000, 0x0000000701800000, 0x0000000701c00000|  0%| F|  |TAMS 0x0000000701800000, 0x0000000701800000| Untracked 
| 519|0x0000000701c00000, 0x0000000701c00000, 0x0000000702000000|  0%| F|  |TAMS 0x0000000701c00000, 0x0000000701c00000| Untracked 
| 520|0x0000000702000000, 0x0000000702000000, 0x0000000702400000|  0%| F|  |TAMS 0x0000000702000000, 0x0000000702000000| Untracked 
| 521|0x0000000702400000, 0x0000000702400000, 0x0000000702800000|  0%| F|  |TAMS 0x0000000702400000, 0x0000000702400000| Untracked 
| 522|0x0000000702800000, 0x0000000702800000, 0x0000000702c00000|  0%| F|  |TAMS 0x0000000702800000, 0x0000000702800000| Untracked 
| 523|0x0000000702c00000, 0x0000000702c00000, 0x0000000703000000|  0%| F|  |TAMS 0x0000000702c00000, 0x0000000702c00000| Untracked 
| 524|0x0000000703000000, 0x0000000703000000, 0x0000000703400000|  0%| F|  |TAMS 0x0000000703000000, 0x0000000703000000| Untracked 
| 525|0x0000000703400000, 0x0000000703400000, 0x0000000703800000|  0%| F|  |TAMS 0x0000000703400000, 0x0000000703400000| Untracked 
| 526|0x0000000703800000, 0x0000000703800000, 0x0000000703c00000|  0%| F|  |TAMS 0x0000000703800000, 0x0000000703800000| Untracked 
| 527|0x0000000703c00000, 0x0000000703c00000, 0x0000000704000000|  0%| F|  |TAMS 0x0000000703c00000, 0x0000000703c00000| Untracked 
| 528|0x0000000704000000, 0x0000000704000000, 0x0000000704400000|  0%| F|  |TAMS 0x0000000704000000, 0x0000000704000000| Untracked 
| 529|0x0000000704400000, 0x0000000704400000, 0x0000000704800000|  0%| F|  |TAMS 0x0000000704400000, 0x0000000704400000| Untracked 
| 530|0x0000000704800000, 0x0000000704800000, 0x0000000704c00000|  0%| F|  |TAMS 0x0000000704800000, 0x0000000704800000| Untracked 
| 531|0x0000000704c00000, 0x0000000704c00000, 0x0000000705000000|  0%| F|  |TAMS 0x0000000704c00000, 0x0000000704c00000| Untracked 
| 532|0x0000000705000000, 0x0000000705000000, 0x0000000705400000|  0%| F|  |TAMS 0x0000000705000000, 0x0000000705000000| Untracked 
| 533|0x0000000705400000, 0x0000000705400000, 0x0000000705800000|  0%| F|  |TAMS 0x0000000705400000, 0x0000000705400000| Untracked 
| 534|0x0000000705800000, 0x0000000705800000, 0x0000000705c00000|  0%| F|  |TAMS 0x0000000705800000, 0x0000000705800000| Untracked 
| 535|0x0000000705c00000, 0x0000000705c00000, 0x0000000706000000|  0%| F|  |TAMS 0x0000000705c00000, 0x0000000705c00000| Untracked 
| 536|0x0000000706000000, 0x0000000706000000, 0x0000000706400000|  0%| F|  |TAMS 0x0000000706000000, 0x0000000706000000| Untracked 
| 537|0x0000000706400000, 0x0000000706400000, 0x0000000706800000|  0%| F|  |TAMS 0x0000000706400000, 0x0000000706400000| Untracked 
| 538|0x0000000706800000, 0x0000000706800000, 0x0000000706c00000|  0%| F|  |TAMS 0x0000000706800000, 0x0000000706800000| Untracked 
| 539|0x0000000706c00000, 0x0000000706c00000, 0x0000000707000000|  0%| F|  |TAMS 0x0000000706c00000, 0x0000000706c00000| Untracked 
| 540|0x0000000707000000, 0x0000000707000000, 0x0000000707400000|  0%| F|  |TAMS 0x0000000707000000, 0x0000000707000000| Untracked 
| 541|0x0000000707400000, 0x0000000707400000, 0x0000000707800000|  0%| F|  |TAMS 0x0000000707400000, 0x0000000707400000| Untracked 
| 542|0x0000000707800000, 0x0000000707800000, 0x0000000707c00000|  0%| F|  |TAMS 0x0000000707800000, 0x0000000707800000| Untracked 
| 543|0x0000000707c00000, 0x0000000707c00000, 0x0000000708000000|  0%| F|  |TAMS 0x0000000707c00000, 0x0000000707c00000| Untracked 
| 544|0x0000000708000000, 0x0000000708000000, 0x0000000708400000|  0%| F|  |TAMS 0x0000000708000000, 0x0000000708000000| Untracked 
| 545|0x0000000708400000, 0x0000000708400000, 0x0000000708800000|  0%| F|  |TAMS 0x0000000708400000, 0x0000000708400000| Untracked 
| 546|0x0000000708800000, 0x0000000708800000, 0x0000000708c00000|  0%| F|  |TAMS 0x0000000708800000, 0x0000000708800000| Untracked 
| 547|0x0000000708c00000, 0x0000000708c00000, 0x0000000709000000|  0%| F|  |TAMS 0x0000000708c00000, 0x0000000708c00000| Untracked 
| 548|0x0000000709000000, 0x0000000709000000, 0x0000000709400000|  0%| F|  |TAMS 0x0000000709000000, 0x0000000709000000| Untracked 
| 549|0x0000000709400000, 0x0000000709400000, 0x0000000709800000|  0%| F|  |TAMS 0x0000000709400000, 0x0000000709400000| Untracked 
| 550|0x0000000709800000, 0x0000000709800000, 0x0000000709c00000|  0%| F|  |TAMS 0x0000000709800000, 0x0000000709800000| Untracked 
| 551|0x0000000709c00000, 0x0000000709c00000, 0x000000070a000000|  0%| F|  |TAMS 0x0000000709c00000, 0x0000000709c00000| Untracked 
| 552|0x000000070a000000, 0x000000070a000000, 0x000000070a400000|  0%| F|  |TAMS 0x000000070a000000, 0x000000070a000000| Untracked 
| 553|0x000000070a400000, 0x000000070a400000, 0x000000070a800000|  0%| F|  |TAMS 0x000000070a400000, 0x000000070a400000| Untracked 
| 554|0x000000070a800000, 0x000000070a800000, 0x000000070ac00000|  0%| F|  |TAMS 0x000000070a800000, 0x000000070a800000| Untracked 
| 555|0x000000070ac00000, 0x000000070ac00000, 0x000000070b000000|  0%| F|  |TAMS 0x000000070ac00000, 0x000000070ac00000| Untracked 
| 556|0x000000070b000000, 0x000000070b000000, 0x000000070b400000|  0%| F|  |TAMS 0x000000070b000000, 0x000000070b000000| Untracked 
| 557|0x000000070b400000, 0x000000070b400000, 0x000000070b800000|  0%| F|  |TAMS 0x000000070b400000, 0x000000070b400000| Untracked 
| 558|0x000000070b800000, 0x000000070b800000, 0x000000070bc00000|  0%| F|  |TAMS 0x000000070b800000, 0x000000070b800000| Untracked 
| 559|0x000000070bc00000, 0x000000070bc00000, 0x000000070c000000|  0%| F|  |TAMS 0x000000070bc00000, 0x000000070bc00000| Untracked 
| 560|0x000000070c000000, 0x000000070c000000, 0x000000070c400000|  0%| F|  |TAMS 0x000000070c000000, 0x000000070c000000| Untracked 
| 561|0x000000070c400000, 0x000000070c400000, 0x000000070c800000|  0%| F|  |TAMS 0x000000070c400000, 0x000000070c400000| Untracked 
| 562|0x000000070c800000, 0x000000070c800000, 0x000000070cc00000|  0%| F|  |TAMS 0x000000070c800000, 0x000000070c800000| Untracked 
| 563|0x000000070cc00000, 0x000000070cc00000, 0x000000070d000000|  0%| F|  |TAMS 0x000000070cc00000, 0x000000070cc00000| Untracked 
| 564|0x000000070d000000, 0x000000070d000000, 0x000000070d400000|  0%| F|  |TAMS 0x000000070d000000, 0x000000070d000000| Untracked 
| 565|0x000000070d400000, 0x000000070d400000, 0x000000070d800000|  0%| F|  |TAMS 0x000000070d400000, 0x000000070d400000| Untracked 
| 566|0x000000070d800000, 0x000000070d800000, 0x000000070dc00000|  0%| F|  |TAMS 0x000000070d800000, 0x000000070d800000| Untracked 
| 567|0x000000070dc00000, 0x000000070dc00000, 0x000000070e000000|  0%| F|  |TAMS 0x000000070dc00000, 0x000000070dc00000| Untracked 
| 568|0x000000070e000000, 0x000000070e000000, 0x000000070e400000|  0%| F|  |TAMS 0x000000070e000000, 0x000000070e000000| Untracked 
| 569|0x000000070e400000, 0x000000070e400000, 0x000000070e800000|  0%| F|  |TAMS 0x000000070e400000, 0x000000070e400000| Untracked 
| 570|0x000000070e800000, 0x000000070e800000, 0x000000070ec00000|  0%| F|  |TAMS 0x000000070e800000, 0x000000070e800000| Untracked 
| 571|0x000000070ec00000, 0x000000070ec00000, 0x000000070f000000|  0%| F|  |TAMS 0x000000070ec00000, 0x000000070ec00000| Untracked 
| 572|0x000000070f000000, 0x000000070f000000, 0x000000070f400000|  0%| F|  |TAMS 0x000000070f000000, 0x000000070f000000| Untracked 
| 573|0x000000070f400000, 0x000000070f400000, 0x000000070f800000|  0%| F|  |TAMS 0x000000070f400000, 0x000000070f400000| Untracked 
| 574|0x000000070f800000, 0x000000070f800000, 0x000000070fc00000|  0%| F|  |TAMS 0x000000070f800000, 0x000000070f800000| Untracked 
| 575|0x000000070fc00000, 0x000000070fc00000, 0x0000000710000000|  0%| F|  |TAMS 0x000000070fc00000, 0x000000070fc00000| Untracked 
| 576|0x0000000710000000, 0x0000000710000000, 0x0000000710400000|  0%| F|  |TAMS 0x0000000710000000, 0x0000000710000000| Untracked 
| 577|0x0000000710400000, 0x0000000710400000, 0x0000000710800000|  0%| F|  |TAMS 0x0000000710400000, 0x0000000710400000| Untracked 
| 578|0x0000000710800000, 0x0000000710800000, 0x0000000710c00000|  0%| F|  |TAMS 0x0000000710800000, 0x0000000710800000| Untracked 
| 579|0x0000000710c00000, 0x0000000710c00000, 0x0000000711000000|  0%| F|  |TAMS 0x0000000710c00000, 0x0000000710c00000| Untracked 
| 580|0x0000000711000000, 0x0000000711000000, 0x0000000711400000|  0%| F|  |TAMS 0x0000000711000000, 0x0000000711000000| Untracked 
| 581|0x0000000711400000, 0x0000000711400000, 0x0000000711800000|  0%| F|  |TAMS 0x0000000711400000, 0x0000000711400000| Untracked 
| 582|0x0000000711800000, 0x0000000711800000, 0x0000000711c00000|  0%| F|  |TAMS 0x0000000711800000, 0x0000000711800000| Untracked 
| 583|0x0000000711c00000, 0x0000000711c00000, 0x0000000712000000|  0%| F|  |TAMS 0x0000000711c00000, 0x0000000711c00000| Untracked 
| 584|0x0000000712000000, 0x0000000712000000, 0x0000000712400000|  0%| F|  |TAMS 0x0000000712000000, 0x0000000712000000| Untracked 
| 585|0x0000000712400000, 0x0000000712400000, 0x0000000712800000|  0%| F|  |TAMS 0x0000000712400000, 0x0000000712400000| Untracked 
| 586|0x0000000712800000, 0x0000000712800000, 0x0000000712c00000|  0%| F|  |TAMS 0x0000000712800000, 0x0000000712800000| Untracked 
| 587|0x0000000712c00000, 0x0000000712c00000, 0x0000000713000000|  0%| F|  |TAMS 0x0000000712c00000, 0x0000000712c00000| Untracked 
| 588|0x0000000713000000, 0x0000000713000000, 0x0000000713400000|  0%| F|  |TAMS 0x0000000713000000, 0x0000000713000000| Untracked 
| 589|0x0000000713400000, 0x0000000713400000, 0x0000000713800000|  0%| F|  |TAMS 0x0000000713400000, 0x0000000713400000| Untracked 
| 590|0x0000000713800000, 0x0000000713800000, 0x0000000713c00000|  0%| F|  |TAMS 0x0000000713800000, 0x0000000713800000| Untracked 
| 591|0x0000000713c00000, 0x0000000713c00000, 0x0000000714000000|  0%| F|  |TAMS 0x0000000713c00000, 0x0000000713c00000| Untracked 
| 592|0x0000000714000000, 0x0000000714000000, 0x0000000714400000|  0%| F|  |TAMS 0x0000000714000000, 0x0000000714000000| Untracked 
| 593|0x0000000714400000, 0x0000000714400000, 0x0000000714800000|  0%| F|  |TAMS 0x0000000714400000, 0x0000000714400000| Untracked 
| 594|0x0000000714800000, 0x0000000714800000, 0x0000000714c00000|  0%| F|  |TAMS 0x0000000714800000, 0x0000000714800000| Untracked 
| 595|0x0000000714c00000, 0x0000000714c00000, 0x0000000715000000|  0%| F|  |TAMS 0x0000000714c00000, 0x0000000714c00000| Untracked 
| 596|0x0000000715000000, 0x0000000715000000, 0x0000000715400000|  0%| F|  |TAMS 0x0000000715000000, 0x0000000715000000| Untracked 
| 597|0x0000000715400000, 0x0000000715400000, 0x0000000715800000|  0%| F|  |TAMS 0x0000000715400000, 0x0000000715400000| Untracked 
| 598|0x0000000715800000, 0x0000000715800000, 0x0000000715c00000|  0%| F|  |TAMS 0x0000000715800000, 0x0000000715800000| Untracked 
| 599|0x0000000715c00000, 0x0000000715c00000, 0x0000000716000000|  0%| F|  |TAMS 0x0000000715c00000, 0x0000000715c00000| Untracked 
| 600|0x0000000716000000, 0x0000000716000000, 0x0000000716400000|  0%| F|  |TAMS 0x0000000716000000, 0x0000000716000000| Untracked 
| 601|0x0000000716400000, 0x0000000716400000, 0x0000000716800000|  0%| F|  |TAMS 0x0000000716400000, 0x0000000716400000| Untracked 
| 602|0x0000000716800000, 0x0000000716800000, 0x0000000716c00000|  0%| F|  |TAMS 0x0000000716800000, 0x0000000716800000| Untracked 
| 603|0x0000000716c00000, 0x0000000716c00000, 0x0000000717000000|  0%| F|  |TAMS 0x0000000716c00000, 0x0000000716c00000| Untracked 
| 604|0x0000000717000000, 0x0000000717000000, 0x0000000717400000|  0%| F|  |TAMS 0x0000000717000000, 0x0000000717000000| Untracked 
| 605|0x0000000717400000, 0x0000000717400000, 0x0000000717800000|  0%| F|  |TAMS 0x0000000717400000, 0x0000000717400000| Untracked 
| 606|0x0000000717800000, 0x0000000717800000, 0x0000000717c00000|  0%| F|  |TAMS 0x0000000717800000, 0x0000000717800000| Untracked 
| 607|0x0000000717c00000, 0x0000000717c00000, 0x0000000718000000|  0%| F|  |TAMS 0x0000000717c00000, 0x0000000717c00000| Untracked 
| 608|0x0000000718000000, 0x0000000718000000, 0x0000000718400000|  0%| F|  |TAMS 0x0000000718000000, 0x0000000718000000| Untracked 
| 609|0x0000000718400000, 0x0000000718400000, 0x0000000718800000|  0%| F|  |TAMS 0x0000000718400000, 0x0000000718400000| Untracked 
| 610|0x0000000718800000, 0x0000000718800000, 0x0000000718c00000|  0%| F|  |TAMS 0x0000000718800000, 0x0000000718800000| Untracked 
| 611|0x0000000718c00000, 0x0000000718c00000, 0x0000000719000000|  0%| F|  |TAMS 0x0000000718c00000, 0x0000000718c00000| Untracked 
| 612|0x0000000719000000, 0x0000000719000000, 0x0000000719400000|  0%| F|  |TAMS 0x0000000719000000, 0x0000000719000000| Untracked 
| 613|0x0000000719400000, 0x0000000719400000, 0x0000000719800000|  0%| F|  |TAMS 0x0000000719400000, 0x0000000719400000| Untracked 
| 614|0x0000000719800000, 0x0000000719800000, 0x0000000719c00000|  0%| F|  |TAMS 0x0000000719800000, 0x0000000719800000| Untracked 
| 615|0x0000000719c00000, 0x0000000719c00000, 0x000000071a000000|  0%| F|  |TAMS 0x0000000719c00000, 0x0000000719c00000| Untracked 
| 616|0x000000071a000000, 0x000000071a000000, 0x000000071a400000|  0%| F|  |TAMS 0x000000071a000000, 0x000000071a000000| Untracked 
| 617|0x000000071a400000, 0x000000071a400000, 0x000000071a800000|  0%| F|  |TAMS 0x000000071a400000, 0x000000071a400000| Untracked 
| 618|0x000000071a800000, 0x000000071a800000, 0x000000071ac00000|  0%| F|  |TAMS 0x000000071a800000, 0x000000071a800000| Untracked 
| 619|0x000000071ac00000, 0x000000071ac00000, 0x000000071b000000|  0%| F|  |TAMS 0x000000071ac00000, 0x000000071ac00000| Untracked 
| 620|0x000000071b000000, 0x000000071b000000, 0x000000071b400000|  0%| F|  |TAMS 0x000000071b000000, 0x000000071b000000| Untracked 
| 621|0x000000071b400000, 0x000000071b400000, 0x000000071b800000|  0%| F|  |TAMS 0x000000071b400000, 0x000000071b400000| Untracked 
| 622|0x000000071b800000, 0x000000071b800000, 0x000000071bc00000|  0%| F|  |TAMS 0x000000071b800000, 0x000000071b800000| Untracked 
| 623|0x000000071bc00000, 0x000000071bc00000, 0x000000071c000000|  0%| F|  |TAMS 0x000000071bc00000, 0x000000071bc00000| Untracked 
| 624|0x000000071c000000, 0x000000071c000000, 0x000000071c400000|  0%| F|  |TAMS 0x000000071c000000, 0x000000071c000000| Untracked 
| 625|0x000000071c400000, 0x000000071c400000, 0x000000071c800000|  0%| F|  |TAMS 0x000000071c400000, 0x000000071c400000| Untracked 
| 626|0x000000071c800000, 0x000000071c800000, 0x000000071cc00000|  0%| F|  |TAMS 0x000000071c800000, 0x000000071c800000| Untracked 
| 627|0x000000071cc00000, 0x000000071cc00000, 0x000000071d000000|  0%| F|  |TAMS 0x000000071cc00000, 0x000000071cc00000| Untracked 
| 628|0x000000071d000000, 0x000000071d000000, 0x000000071d400000|  0%| F|  |TAMS 0x000000071d000000, 0x000000071d000000| Untracked 
| 629|0x000000071d400000, 0x000000071d400000, 0x000000071d800000|  0%| F|  |TAMS 0x000000071d400000, 0x000000071d400000| Untracked 
| 630|0x000000071d800000, 0x000000071d800000, 0x000000071dc00000|  0%| F|  |TAMS 0x000000071d800000, 0x000000071d800000| Untracked 
| 631|0x000000071dc00000, 0x000000071dc00000, 0x000000071e000000|  0%| F|  |TAMS 0x000000071dc00000, 0x000000071dc00000| Untracked 
| 632|0x000000071e000000, 0x000000071e000000, 0x000000071e400000|  0%| F|  |TAMS 0x000000071e000000, 0x000000071e000000| Untracked 
| 633|0x000000071e400000, 0x000000071e400000, 0x000000071e800000|  0%| F|  |TAMS 0x000000071e400000, 0x000000071e400000| Untracked 
| 634|0x000000071e800000, 0x000000071e800000, 0x000000071ec00000|  0%| F|  |TAMS 0x000000071e800000, 0x000000071e800000| Untracked 
| 635|0x000000071ec00000, 0x000000071ec00000, 0x000000071f000000|  0%| F|  |TAMS 0x000000071ec00000, 0x000000071ec00000| Untracked 
| 636|0x000000071f000000, 0x000000071f000000, 0x000000071f400000|  0%| F|  |TAMS 0x000000071f000000, 0x000000071f000000| Untracked 
| 637|0x000000071f400000, 0x000000071f400000, 0x000000071f800000|  0%| F|  |TAMS 0x000000071f400000, 0x000000071f400000| Untracked 
| 638|0x000000071f800000, 0x000000071f800000, 0x000000071fc00000|  0%| F|  |TAMS 0x000000071f800000, 0x000000071f800000| Untracked 
| 639|0x000000071fc00000, 0x000000071fc00000, 0x0000000720000000|  0%| F|  |TAMS 0x000000071fc00000, 0x000000071fc00000| Untracked 
| 640|0x0000000720000000, 0x0000000720000000, 0x0000000720400000|  0%| F|  |TAMS 0x0000000720000000, 0x0000000720000000| Untracked 
| 641|0x0000000720400000, 0x0000000720400000, 0x0000000720800000|  0%| F|  |TAMS 0x0000000720400000, 0x0000000720400000| Untracked 
| 642|0x0000000720800000, 0x0000000720800000, 0x0000000720c00000|  0%| F|  |TAMS 0x0000000720800000, 0x0000000720800000| Untracked 
| 643|0x0000000720c00000, 0x0000000720c00000, 0x0000000721000000|  0%| F|  |TAMS 0x0000000720c00000, 0x0000000720c00000| Untracked 
| 644|0x0000000721000000, 0x0000000721000000, 0x0000000721400000|  0%| F|  |TAMS 0x0000000721000000, 0x0000000721000000| Untracked 
| 645|0x0000000721400000, 0x0000000721400000, 0x0000000721800000|  0%| F|  |TAMS 0x0000000721400000, 0x0000000721400000| Untracked 
| 646|0x0000000721800000, 0x0000000721800000, 0x0000000721c00000|  0%| F|  |TAMS 0x0000000721800000, 0x0000000721800000| Untracked 
| 647|0x0000000721c00000, 0x0000000721c00000, 0x0000000722000000|  0%| F|  |TAMS 0x0000000721c00000, 0x0000000721c00000| Untracked 
| 648|0x0000000722000000, 0x0000000722000000, 0x0000000722400000|  0%| F|  |TAMS 0x0000000722000000, 0x0000000722000000| Untracked 
| 649|0x0000000722400000, 0x0000000722400000, 0x0000000722800000|  0%| F|  |TAMS 0x0000000722400000, 0x0000000722400000| Untracked 
| 650|0x0000000722800000, 0x0000000722800000, 0x0000000722c00000|  0%| F|  |TAMS 0x0000000722800000, 0x0000000722800000| Untracked 
| 651|0x0000000722c00000, 0x0000000722c00000, 0x0000000723000000|  0%| F|  |TAMS 0x0000000722c00000, 0x0000000722c00000| Untracked 
| 652|0x0000000723000000, 0x0000000723000000, 0x0000000723400000|  0%| F|  |TAMS 0x0000000723000000, 0x0000000723000000| Untracked 
| 653|0x0000000723400000, 0x0000000723400000, 0x0000000723800000|  0%| F|  |TAMS 0x0000000723400000, 0x0000000723400000| Untracked 
| 654|0x0000000723800000, 0x0000000723800000, 0x0000000723c00000|  0%| F|  |TAMS 0x0000000723800000, 0x0000000723800000| Untracked 
| 655|0x0000000723c00000, 0x0000000723c00000, 0x0000000724000000|  0%| F|  |TAMS 0x0000000723c00000, 0x0000000723c00000| Untracked 
| 656|0x0000000724000000, 0x0000000724000000, 0x0000000724400000|  0%| F|  |TAMS 0x0000000724000000, 0x0000000724000000| Untracked 
| 657|0x0000000724400000, 0x0000000724400000, 0x0000000724800000|  0%| F|  |TAMS 0x0000000724400000, 0x0000000724400000| Untracked 
| 658|0x0000000724800000, 0x0000000724800000, 0x0000000724c00000|  0%| F|  |TAMS 0x0000000724800000, 0x0000000724800000| Untracked 
| 659|0x0000000724c00000, 0x0000000724c00000, 0x0000000725000000|  0%| F|  |TAMS 0x0000000724c00000, 0x0000000724c00000| Untracked 
| 660|0x0000000725000000, 0x0000000725000000, 0x0000000725400000|  0%| F|  |TAMS 0x0000000725000000, 0x0000000725000000| Untracked 
| 661|0x0000000725400000, 0x0000000725400000, 0x0000000725800000|  0%| F|  |TAMS 0x0000000725400000, 0x0000000725400000| Untracked 
| 662|0x0000000725800000, 0x0000000725800000, 0x0000000725c00000|  0%| F|  |TAMS 0x0000000725800000, 0x0000000725800000| Untracked 
| 663|0x0000000725c00000, 0x0000000725c00000, 0x0000000726000000|  0%| F|  |TAMS 0x0000000725c00000, 0x0000000725c00000| Untracked 
| 664|0x0000000726000000, 0x0000000726000000, 0x0000000726400000|  0%| F|  |TAMS 0x0000000726000000, 0x0000000726000000| Untracked 
| 665|0x0000000726400000, 0x0000000726400000, 0x0000000726800000|  0%| F|  |TAMS 0x0000000726400000, 0x0000000726400000| Untracked 
| 666|0x0000000726800000, 0x0000000726800000, 0x0000000726c00000|  0%| F|  |TAMS 0x0000000726800000, 0x0000000726800000| Untracked 
| 667|0x0000000726c00000, 0x0000000726c00000, 0x0000000727000000|  0%| F|  |TAMS 0x0000000726c00000, 0x0000000726c00000| Untracked 
| 668|0x0000000727000000, 0x0000000727000000, 0x0000000727400000|  0%| F|  |TAMS 0x0000000727000000, 0x0000000727000000| Untracked 
| 669|0x0000000727400000, 0x0000000727400000, 0x0000000727800000|  0%| F|  |TAMS 0x0000000727400000, 0x0000000727400000| Untracked 
| 670|0x0000000727800000, 0x0000000727800000, 0x0000000727c00000|  0%| F|  |TAMS 0x0000000727800000, 0x0000000727800000| Untracked 
| 671|0x0000000727c00000, 0x0000000727c00000, 0x0000000728000000|  0%| F|  |TAMS 0x0000000727c00000, 0x0000000727c00000| Untracked 
| 672|0x0000000728000000, 0x0000000728000000, 0x0000000728400000|  0%| F|  |TAMS 0x0000000728000000, 0x0000000728000000| Untracked 
| 673|0x0000000728400000, 0x0000000728400000, 0x0000000728800000|  0%| F|  |TAMS 0x0000000728400000, 0x0000000728400000| Untracked 
| 674|0x0000000728800000, 0x0000000728800000, 0x0000000728c00000|  0%| F|  |TAMS 0x0000000728800000, 0x0000000728800000| Untracked 
| 675|0x0000000728c00000, 0x0000000728c00000, 0x0000000729000000|  0%| F|  |TAMS 0x0000000728c00000, 0x0000000728c00000| Untracked 
| 676|0x0000000729000000, 0x0000000729000000, 0x0000000729400000|  0%| F|  |TAMS 0x0000000729000000, 0x0000000729000000| Untracked 
| 677|0x0000000729400000, 0x0000000729400000, 0x0000000729800000|  0%| F|  |TAMS 0x0000000729400000, 0x0000000729400000| Untracked 
| 678|0x0000000729800000, 0x0000000729800000, 0x0000000729c00000|  0%| F|  |TAMS 0x0000000729800000, 0x0000000729800000| Untracked 
| 679|0x0000000729c00000, 0x0000000729c00000, 0x000000072a000000|  0%| F|  |TAMS 0x0000000729c00000, 0x0000000729c00000| Untracked 
| 680|0x000000072a000000, 0x000000072a000000, 0x000000072a400000|  0%| F|  |TAMS 0x000000072a000000, 0x000000072a000000| Untracked 
| 681|0x000000072a400000, 0x000000072a400000, 0x000000072a800000|  0%| F|  |TAMS 0x000000072a400000, 0x000000072a400000| Untracked 
| 682|0x000000072a800000, 0x000000072a800000, 0x000000072ac00000|  0%| F|  |TAMS 0x000000072a800000, 0x000000072a800000| Untracked 
| 683|0x000000072ac00000, 0x000000072ac00000, 0x000000072b000000|  0%| F|  |TAMS 0x000000072ac00000, 0x000000072ac00000| Untracked 
| 684|0x000000072b000000, 0x000000072b000000, 0x000000072b400000|  0%| F|  |TAMS 0x000000072b000000, 0x000000072b000000| Untracked 
| 685|0x000000072b400000, 0x000000072b400000, 0x000000072b800000|  0%| F|  |TAMS 0x000000072b400000, 0x000000072b400000| Untracked 
| 686|0x000000072b800000, 0x000000072b800000, 0x000000072bc00000|  0%| F|  |TAMS 0x000000072b800000, 0x000000072b800000| Untracked 
| 687|0x000000072bc00000, 0x000000072bc00000, 0x000000072c000000|  0%| F|  |TAMS 0x000000072bc00000, 0x000000072bc00000| Untracked 
| 688|0x000000072c000000, 0x000000072c000000, 0x000000072c400000|  0%| F|  |TAMS 0x000000072c000000, 0x000000072c000000| Untracked 
| 689|0x000000072c400000, 0x000000072c400000, 0x000000072c800000|  0%| F|  |TAMS 0x000000072c400000, 0x000000072c400000| Untracked 
| 690|0x000000072c800000, 0x000000072c800000, 0x000000072cc00000|  0%| F|  |TAMS 0x000000072c800000, 0x000000072c800000| Untracked 
| 691|0x000000072cc00000, 0x000000072cc00000, 0x000000072d000000|  0%| F|  |TAMS 0x000000072cc00000, 0x000000072cc00000| Untracked 
| 692|0x000000072d000000, 0x000000072d000000, 0x000000072d400000|  0%| F|  |TAMS 0x000000072d000000, 0x000000072d000000| Untracked 
| 693|0x000000072d400000, 0x000000072d400000, 0x000000072d800000|  0%| F|  |TAMS 0x000000072d400000, 0x000000072d400000| Untracked 
| 694|0x000000072d800000, 0x000000072d800000, 0x000000072dc00000|  0%| F|  |TAMS 0x000000072d800000, 0x000000072d800000| Untracked 
| 695|0x000000072dc00000, 0x000000072dc00000, 0x000000072e000000|  0%| F|  |TAMS 0x000000072dc00000, 0x000000072dc00000| Untracked 
| 696|0x000000072e000000, 0x000000072e000000, 0x000000072e400000|  0%| F|  |TAMS 0x000000072e000000, 0x000000072e000000| Untracked 
| 697|0x000000072e400000, 0x000000072e400000, 0x000000072e800000|  0%| F|  |TAMS 0x000000072e400000, 0x000000072e400000| Untracked 
| 698|0x000000072e800000, 0x000000072e800000, 0x000000072ec00000|  0%| F|  |TAMS 0x000000072e800000, 0x000000072e800000| Untracked 
| 699|0x000000072ec00000, 0x000000072ec00000, 0x000000072f000000|  0%| F|  |TAMS 0x000000072ec00000, 0x000000072ec00000| Untracked 
| 700|0x000000072f000000, 0x000000072f000000, 0x000000072f400000|  0%| F|  |TAMS 0x000000072f000000, 0x000000072f000000| Untracked 
| 701|0x000000072f400000, 0x000000072f400000, 0x000000072f800000|  0%| F|  |TAMS 0x000000072f400000, 0x000000072f400000| Untracked 
| 702|0x000000072f800000, 0x000000072f800000, 0x000000072fc00000|  0%| F|  |TAMS 0x000000072f800000, 0x000000072f800000| Untracked 
| 703|0x000000072fc00000, 0x000000072fc00000, 0x0000000730000000|  0%| F|  |TAMS 0x000000072fc00000, 0x000000072fc00000| Untracked 
| 704|0x0000000730000000, 0x0000000730000000, 0x0000000730400000|  0%| F|  |TAMS 0x0000000730000000, 0x0000000730000000| Untracked 
| 705|0x0000000730400000, 0x0000000730400000, 0x0000000730800000|  0%| F|  |TAMS 0x0000000730400000, 0x0000000730400000| Untracked 
| 706|0x0000000730800000, 0x0000000730800000, 0x0000000730c00000|  0%| F|  |TAMS 0x0000000730800000, 0x0000000730800000| Untracked 
| 707|0x0000000730c00000, 0x0000000730c00000, 0x0000000731000000|  0%| F|  |TAMS 0x0000000730c00000, 0x0000000730c00000| Untracked 
| 708|0x0000000731000000, 0x0000000731000000, 0x0000000731400000|  0%| F|  |TAMS 0x0000000731000000, 0x0000000731000000| Untracked 
| 709|0x0000000731400000, 0x0000000731400000, 0x0000000731800000|  0%| F|  |TAMS 0x0000000731400000, 0x0000000731400000| Untracked 
| 710|0x0000000731800000, 0x0000000731800000, 0x0000000731c00000|  0%| F|  |TAMS 0x0000000731800000, 0x0000000731800000| Untracked 
| 711|0x0000000731c00000, 0x0000000731c00000, 0x0000000732000000|  0%| F|  |TAMS 0x0000000731c00000, 0x0000000731c00000| Untracked 
| 712|0x0000000732000000, 0x0000000732000000, 0x0000000732400000|  0%| F|  |TAMS 0x0000000732000000, 0x0000000732000000| Untracked 
| 713|0x0000000732400000, 0x0000000732400000, 0x0000000732800000|  0%| F|  |TAMS 0x0000000732400000, 0x0000000732400000| Untracked 
| 714|0x0000000732800000, 0x0000000732800000, 0x0000000732c00000|  0%| F|  |TAMS 0x0000000732800000, 0x0000000732800000| Untracked 
| 715|0x0000000732c00000, 0x0000000732c00000, 0x0000000733000000|  0%| F|  |TAMS 0x0000000732c00000, 0x0000000732c00000| Untracked 
| 716|0x0000000733000000, 0x0000000733000000, 0x0000000733400000|  0%| F|  |TAMS 0x0000000733000000, 0x0000000733000000| Untracked 
| 717|0x0000000733400000, 0x0000000733400000, 0x0000000733800000|  0%| F|  |TAMS 0x0000000733400000, 0x0000000733400000| Untracked 
| 718|0x0000000733800000, 0x0000000733800000, 0x0000000733c00000|  0%| F|  |TAMS 0x0000000733800000, 0x0000000733800000| Untracked 
| 719|0x0000000733c00000, 0x0000000733c00000, 0x0000000734000000|  0%| F|  |TAMS 0x0000000733c00000, 0x0000000733c00000| Untracked 
| 720|0x0000000734000000, 0x0000000734000000, 0x0000000734400000|  0%| F|  |TAMS 0x0000000734000000, 0x0000000734000000| Untracked 
| 721|0x0000000734400000, 0x0000000734400000, 0x0000000734800000|  0%| F|  |TAMS 0x0000000734400000, 0x0000000734400000| Untracked 
| 722|0x0000000734800000, 0x0000000734800000, 0x0000000734c00000|  0%| F|  |TAMS 0x0000000734800000, 0x0000000734800000| Untracked 
| 723|0x0000000734c00000, 0x0000000734c00000, 0x0000000735000000|  0%| F|  |TAMS 0x0000000734c00000, 0x0000000734c00000| Untracked 
| 724|0x0000000735000000, 0x0000000735000000, 0x0000000735400000|  0%| F|  |TAMS 0x0000000735000000, 0x0000000735000000| Untracked 
| 725|0x0000000735400000, 0x0000000735400000, 0x0000000735800000|  0%| F|  |TAMS 0x0000000735400000, 0x0000000735400000| Untracked 
| 726|0x0000000735800000, 0x0000000735800000, 0x0000000735c00000|  0%| F|  |TAMS 0x0000000735800000, 0x0000000735800000| Untracked 
| 727|0x0000000735c00000, 0x0000000735c00000, 0x0000000736000000|  0%| F|  |TAMS 0x0000000735c00000, 0x0000000735c00000| Untracked 
| 728|0x0000000736000000, 0x0000000736000000, 0x0000000736400000|  0%| F|  |TAMS 0x0000000736000000, 0x0000000736000000| Untracked 
| 729|0x0000000736400000, 0x0000000736400000, 0x0000000736800000|  0%| F|  |TAMS 0x0000000736400000, 0x0000000736400000| Untracked 
| 730|0x0000000736800000, 0x0000000736800000, 0x0000000736c00000|  0%| F|  |TAMS 0x0000000736800000, 0x0000000736800000| Untracked 
| 731|0x0000000736c00000, 0x0000000736c00000, 0x0000000737000000|  0%| F|  |TAMS 0x0000000736c00000, 0x0000000736c00000| Untracked 
| 732|0x0000000737000000, 0x0000000737000000, 0x0000000737400000|  0%| F|  |TAMS 0x0000000737000000, 0x0000000737000000| Untracked 
| 733|0x0000000737400000, 0x0000000737400000, 0x0000000737800000|  0%| F|  |TAMS 0x0000000737400000, 0x0000000737400000| Untracked 
| 734|0x0000000737800000, 0x0000000737800000, 0x0000000737c00000|  0%| F|  |TAMS 0x0000000737800000, 0x0000000737800000| Untracked 
| 735|0x0000000737c00000, 0x0000000737c00000, 0x0000000738000000|  0%| F|  |TAMS 0x0000000737c00000, 0x0000000737c00000| Untracked 
| 736|0x0000000738000000, 0x0000000738000000, 0x0000000738400000|  0%| F|  |TAMS 0x0000000738000000, 0x0000000738000000| Untracked 
| 737|0x0000000738400000, 0x0000000738400000, 0x0000000738800000|  0%| F|  |TAMS 0x0000000738400000, 0x0000000738400000| Untracked 
| 738|0x0000000738800000, 0x0000000738800000, 0x0000000738c00000|  0%| F|  |TAMS 0x0000000738800000, 0x0000000738800000| Untracked 
| 739|0x0000000738c00000, 0x0000000738c00000, 0x0000000739000000|  0%| F|  |TAMS 0x0000000738c00000, 0x0000000738c00000| Untracked 
| 740|0x0000000739000000, 0x0000000739000000, 0x0000000739400000|  0%| F|  |TAMS 0x0000000739000000, 0x0000000739000000| Untracked 
| 741|0x0000000739400000, 0x0000000739400000, 0x0000000739800000|  0%| F|  |TAMS 0x0000000739400000, 0x0000000739400000| Untracked 
| 742|0x0000000739800000, 0x0000000739800000, 0x0000000739c00000|  0%| F|  |TAMS 0x0000000739800000, 0x0000000739800000| Untracked 
| 743|0x0000000739c00000, 0x0000000739c00000, 0x000000073a000000|  0%| F|  |TAMS 0x0000000739c00000, 0x0000000739c00000| Untracked 
| 744|0x000000073a000000, 0x000000073a000000, 0x000000073a400000|  0%| F|  |TAMS 0x000000073a000000, 0x000000073a000000| Untracked 
| 745|0x000000073a400000, 0x000000073a400000, 0x000000073a800000|  0%| F|  |TAMS 0x000000073a400000, 0x000000073a400000| Untracked 
| 746|0x000000073a800000, 0x000000073a800000, 0x000000073ac00000|  0%| F|  |TAMS 0x000000073a800000, 0x000000073a800000| Untracked 
| 747|0x000000073ac00000, 0x000000073ac00000, 0x000000073b000000|  0%| F|  |TAMS 0x000000073ac00000, 0x000000073ac00000| Untracked 
| 748|0x000000073b000000, 0x000000073b000000, 0x000000073b400000|  0%| F|  |TAMS 0x000000073b000000, 0x000000073b000000| Untracked 
| 749|0x000000073b400000, 0x000000073b400000, 0x000000073b800000|  0%| F|  |TAMS 0x000000073b400000, 0x000000073b400000| Untracked 
| 750|0x000000073b800000, 0x000000073b800000, 0x000000073bc00000|  0%| F|  |TAMS 0x000000073b800000, 0x000000073b800000| Untracked 
| 751|0x000000073bc00000, 0x000000073bc00000, 0x000000073c000000|  0%| F|  |TAMS 0x000000073bc00000, 0x000000073bc00000| Untracked 
| 752|0x000000073c000000, 0x000000073c000000, 0x000000073c400000|  0%| F|  |TAMS 0x000000073c000000, 0x000000073c000000| Untracked 
| 753|0x000000073c400000, 0x000000073c400000, 0x000000073c800000|  0%| F|  |TAMS 0x000000073c400000, 0x000000073c400000| Untracked 
| 754|0x000000073c800000, 0x000000073c800000, 0x000000073cc00000|  0%| F|  |TAMS 0x000000073c800000, 0x000000073c800000| Untracked 
| 755|0x000000073cc00000, 0x000000073cc00000, 0x000000073d000000|  0%| F|  |TAMS 0x000000073cc00000, 0x000000073cc00000| Untracked 
| 756|0x000000073d000000, 0x000000073d000000, 0x000000073d400000|  0%| F|  |TAMS 0x000000073d000000, 0x000000073d000000| Untracked 
| 757|0x000000073d400000, 0x000000073d400000, 0x000000073d800000|  0%| F|  |TAMS 0x000000073d400000, 0x000000073d400000| Untracked 
| 758|0x000000073d800000, 0x000000073d800000, 0x000000073dc00000|  0%| F|  |TAMS 0x000000073d800000, 0x000000073d800000| Untracked 
| 759|0x000000073dc00000, 0x000000073dc00000, 0x000000073e000000|  0%| F|  |TAMS 0x000000073dc00000, 0x000000073dc00000| Untracked 
| 760|0x000000073e000000, 0x000000073e000000, 0x000000073e400000|  0%| F|  |TAMS 0x000000073e000000, 0x000000073e000000| Untracked 
| 761|0x000000073e400000, 0x000000073e400000, 0x000000073e800000|  0%| F|  |TAMS 0x000000073e400000, 0x000000073e400000| Untracked 
| 762|0x000000073e800000, 0x000000073e800000, 0x000000073ec00000|  0%| F|  |TAMS 0x000000073e800000, 0x000000073e800000| Untracked 
| 763|0x000000073ec00000, 0x000000073ec00000, 0x000000073f000000|  0%| F|  |TAMS 0x000000073ec00000, 0x000000073ec00000| Untracked 
| 764|0x000000073f000000, 0x000000073f000000, 0x000000073f400000|  0%| F|  |TAMS 0x000000073f000000, 0x000000073f000000| Untracked 
| 765|0x000000073f400000, 0x000000073f400000, 0x000000073f800000|  0%| F|  |TAMS 0x000000073f400000, 0x000000073f400000| Untracked 
| 766|0x000000073f800000, 0x000000073f800000, 0x000000073fc00000|  0%| F|  |TAMS 0x000000073f800000, 0x000000073f800000| Untracked 
| 767|0x000000073fc00000, 0x000000073fc00000, 0x0000000740000000|  0%| F|  |TAMS 0x000000073fc00000, 0x000000073fc00000| Untracked 
| 768|0x0000000740000000, 0x0000000740000000, 0x0000000740400000|  0%| F|  |TAMS 0x0000000740000000, 0x0000000740000000| Untracked 
| 769|0x0000000740400000, 0x0000000740400000, 0x0000000740800000|  0%| F|  |TAMS 0x0000000740400000, 0x0000000740400000| Untracked 
| 770|0x0000000740800000, 0x0000000740800000, 0x0000000740c00000|  0%| F|  |TAMS 0x0000000740800000, 0x0000000740800000| Untracked 
| 771|0x0000000740c00000, 0x0000000740c00000, 0x0000000741000000|  0%| F|  |TAMS 0x0000000740c00000, 0x0000000740c00000| Untracked 
| 772|0x0000000741000000, 0x0000000741000000, 0x0000000741400000|  0%| F|  |TAMS 0x0000000741000000, 0x0000000741000000| Untracked 
| 773|0x0000000741400000, 0x0000000741400000, 0x0000000741800000|  0%| F|  |TAMS 0x0000000741400000, 0x0000000741400000| Untracked 
| 774|0x0000000741800000, 0x0000000741800000, 0x0000000741c00000|  0%| F|  |TAMS 0x0000000741800000, 0x0000000741800000| Untracked 
| 775|0x0000000741c00000, 0x0000000741c00000, 0x0000000742000000|  0%| F|  |TAMS 0x0000000741c00000, 0x0000000741c00000| Untracked 
| 776|0x0000000742000000, 0x0000000742000000, 0x0000000742400000|  0%| F|  |TAMS 0x0000000742000000, 0x0000000742000000| Untracked 
| 777|0x0000000742400000, 0x0000000742400000, 0x0000000742800000|  0%| F|  |TAMS 0x0000000742400000, 0x0000000742400000| Untracked 
| 778|0x0000000742800000, 0x0000000742800000, 0x0000000742c00000|  0%| F|  |TAMS 0x0000000742800000, 0x0000000742800000| Untracked 
| 779|0x0000000742c00000, 0x0000000742c00000, 0x0000000743000000|  0%| F|  |TAMS 0x0000000742c00000, 0x0000000742c00000| Untracked 
| 780|0x0000000743000000, 0x0000000743000000, 0x0000000743400000|  0%| F|  |TAMS 0x0000000743000000, 0x0000000743000000| Untracked 
| 781|0x0000000743400000, 0x0000000743400000, 0x0000000743800000|  0%| F|  |TAMS 0x0000000743400000, 0x0000000743400000| Untracked 
| 782|0x0000000743800000, 0x0000000743800000, 0x0000000743c00000|  0%| F|  |TAMS 0x0000000743800000, 0x0000000743800000| Untracked 
| 783|0x0000000743c00000, 0x0000000743c00000, 0x0000000744000000|  0%| F|  |TAMS 0x0000000743c00000, 0x0000000743c00000| Untracked 
| 784|0x0000000744000000, 0x0000000744000000, 0x0000000744400000|  0%| F|  |TAMS 0x0000000744000000, 0x0000000744000000| Untracked 
| 785|0x0000000744400000, 0x0000000744400000, 0x0000000744800000|  0%| F|  |TAMS 0x0000000744400000, 0x0000000744400000| Untracked 
| 786|0x0000000744800000, 0x0000000744800000, 0x0000000744c00000|  0%| F|  |TAMS 0x0000000744800000, 0x0000000744800000| Untracked 
| 787|0x0000000744c00000, 0x0000000744c00000, 0x0000000745000000|  0%| F|  |TAMS 0x0000000744c00000, 0x0000000744c00000| Untracked 
| 788|0x0000000745000000, 0x0000000745000000, 0x0000000745400000|  0%| F|  |TAMS 0x0000000745000000, 0x0000000745000000| Untracked 
| 789|0x0000000745400000, 0x0000000745400000, 0x0000000745800000|  0%| F|  |TAMS 0x0000000745400000, 0x0000000745400000| Untracked 
| 790|0x0000000745800000, 0x0000000745800000, 0x0000000745c00000|  0%| F|  |TAMS 0x0000000745800000, 0x0000000745800000| Untracked 
| 791|0x0000000745c00000, 0x0000000745c00000, 0x0000000746000000|  0%| F|  |TAMS 0x0000000745c00000, 0x0000000745c00000| Untracked 
| 792|0x0000000746000000, 0x0000000746000000, 0x0000000746400000|  0%| F|  |TAMS 0x0000000746000000, 0x0000000746000000| Untracked 
| 793|0x0000000746400000, 0x0000000746400000, 0x0000000746800000|  0%| F|  |TAMS 0x0000000746400000, 0x0000000746400000| Untracked 
| 794|0x0000000746800000, 0x0000000746800000, 0x0000000746c00000|  0%| F|  |TAMS 0x0000000746800000, 0x0000000746800000| Untracked 
| 795|0x0000000746c00000, 0x0000000746c00000, 0x0000000747000000|  0%| F|  |TAMS 0x0000000746c00000, 0x0000000746c00000| Untracked 
| 796|0x0000000747000000, 0x0000000747000000, 0x0000000747400000|  0%| F|  |TAMS 0x0000000747000000, 0x0000000747000000| Untracked 
| 797|0x0000000747400000, 0x0000000747400000, 0x0000000747800000|  0%| F|  |TAMS 0x0000000747400000, 0x0000000747400000| Untracked 
| 798|0x0000000747800000, 0x0000000747800000, 0x0000000747c00000|  0%| F|  |TAMS 0x0000000747800000, 0x0000000747800000| Untracked 
| 799|0x0000000747c00000, 0x0000000747c00000, 0x0000000748000000|  0%| F|  |TAMS 0x0000000747c00000, 0x0000000747c00000| Untracked 
| 800|0x0000000748000000, 0x0000000748000000, 0x0000000748400000|  0%| F|  |TAMS 0x0000000748000000, 0x0000000748000000| Untracked 
| 801|0x0000000748400000, 0x0000000748400000, 0x0000000748800000|  0%| F|  |TAMS 0x0000000748400000, 0x0000000748400000| Untracked 
| 802|0x0000000748800000, 0x0000000748800000, 0x0000000748c00000|  0%| F|  |TAMS 0x0000000748800000, 0x0000000748800000| Untracked 
| 803|0x0000000748c00000, 0x0000000748c00000, 0x0000000749000000|  0%| F|  |TAMS 0x0000000748c00000, 0x0000000748c00000| Untracked 
| 804|0x0000000749000000, 0x0000000749000000, 0x0000000749400000|  0%| F|  |TAMS 0x0000000749000000, 0x0000000749000000| Untracked 
| 805|0x0000000749400000, 0x0000000749400000, 0x0000000749800000|  0%| F|  |TAMS 0x0000000749400000, 0x0000000749400000| Untracked 
| 806|0x0000000749800000, 0x0000000749800000, 0x0000000749c00000|  0%| F|  |TAMS 0x0000000749800000, 0x0000000749800000| Untracked 
| 807|0x0000000749c00000, 0x0000000749c00000, 0x000000074a000000|  0%| F|  |TAMS 0x0000000749c00000, 0x0000000749c00000| Untracked 
| 808|0x000000074a000000, 0x000000074a000000, 0x000000074a400000|  0%| F|  |TAMS 0x000000074a000000, 0x000000074a000000| Untracked 
| 809|0x000000074a400000, 0x000000074a400000, 0x000000074a800000|  0%| F|  |TAMS 0x000000074a400000, 0x000000074a400000| Untracked 
| 810|0x000000074a800000, 0x000000074a800000, 0x000000074ac00000|  0%| F|  |TAMS 0x000000074a800000, 0x000000074a800000| Untracked 
| 811|0x000000074ac00000, 0x000000074ac00000, 0x000000074b000000|  0%| F|  |TAMS 0x000000074ac00000, 0x000000074ac00000| Untracked 
| 812|0x000000074b000000, 0x000000074b000000, 0x000000074b400000|  0%| F|  |TAMS 0x000000074b000000, 0x000000074b000000| Untracked 
| 813|0x000000074b400000, 0x000000074b400000, 0x000000074b800000|  0%| F|  |TAMS 0x000000074b400000, 0x000000074b400000| Untracked 
| 814|0x000000074b800000, 0x000000074b800000, 0x000000074bc00000|  0%| F|  |TAMS 0x000000074b800000, 0x000000074b800000| Untracked 
| 815|0x000000074bc00000, 0x000000074bc00000, 0x000000074c000000|  0%| F|  |TAMS 0x000000074bc00000, 0x000000074bc00000| Untracked 
| 816|0x000000074c000000, 0x000000074c000000, 0x000000074c400000|  0%| F|  |TAMS 0x000000074c000000, 0x000000074c000000| Untracked 
| 817|0x000000074c400000, 0x000000074c400000, 0x000000074c800000|  0%| F|  |TAMS 0x000000074c400000, 0x000000074c400000| Untracked 
| 818|0x000000074c800000, 0x000000074c800000, 0x000000074cc00000|  0%| F|  |TAMS 0x000000074c800000, 0x000000074c800000| Untracked 
| 819|0x000000074cc00000, 0x000000074cc00000, 0x000000074d000000|  0%| F|  |TAMS 0x000000074cc00000, 0x000000074cc00000| Untracked 
| 820|0x000000074d000000, 0x000000074d000000, 0x000000074d400000|  0%| F|  |TAMS 0x000000074d000000, 0x000000074d000000| Untracked 
| 821|0x000000074d400000, 0x000000074d400000, 0x000000074d800000|  0%| F|  |TAMS 0x000000074d400000, 0x000000074d400000| Untracked 
| 822|0x000000074d800000, 0x000000074d800000, 0x000000074dc00000|  0%| F|  |TAMS 0x000000074d800000, 0x000000074d800000| Untracked 
| 823|0x000000074dc00000, 0x000000074dc00000, 0x000000074e000000|  0%| F|  |TAMS 0x000000074dc00000, 0x000000074dc00000| Untracked 
| 824|0x000000074e000000, 0x000000074e000000, 0x000000074e400000|  0%| F|  |TAMS 0x000000074e000000, 0x000000074e000000| Untracked 
| 825|0x000000074e400000, 0x000000074e400000, 0x000000074e800000|  0%| F|  |TAMS 0x000000074e400000, 0x000000074e400000| Untracked 
| 826|0x000000074e800000, 0x000000074e800000, 0x000000074ec00000|  0%| F|  |TAMS 0x000000074e800000, 0x000000074e800000| Untracked 
| 827|0x000000074ec00000, 0x000000074ec00000, 0x000000074f000000|  0%| F|  |TAMS 0x000000074ec00000, 0x000000074ec00000| Untracked 
| 828|0x000000074f000000, 0x000000074f000000, 0x000000074f400000|  0%| F|  |TAMS 0x000000074f000000, 0x000000074f000000| Untracked 
| 829|0x000000074f400000, 0x000000074f400000, 0x000000074f800000|  0%| F|  |TAMS 0x000000074f400000, 0x000000074f400000| Untracked 
| 830|0x000000074f800000, 0x000000074f800000, 0x000000074fc00000|  0%| F|  |TAMS 0x000000074f800000, 0x000000074f800000| Untracked 
| 831|0x000000074fc00000, 0x000000074fc00000, 0x0000000750000000|  0%| F|  |TAMS 0x000000074fc00000, 0x000000074fc00000| Untracked 
| 832|0x0000000750000000, 0x0000000750000000, 0x0000000750400000|  0%| F|  |TAMS 0x0000000750000000, 0x0000000750000000| Untracked 
| 833|0x0000000750400000, 0x0000000750400000, 0x0000000750800000|  0%| F|  |TAMS 0x0000000750400000, 0x0000000750400000| Untracked 
| 834|0x0000000750800000, 0x0000000750800000, 0x0000000750c00000|  0%| F|  |TAMS 0x0000000750800000, 0x0000000750800000| Untracked 
| 835|0x0000000750c00000, 0x0000000750c00000, 0x0000000751000000|  0%| F|  |TAMS 0x0000000750c00000, 0x0000000750c00000| Untracked 
| 836|0x0000000751000000, 0x0000000751000000, 0x0000000751400000|  0%| F|  |TAMS 0x0000000751000000, 0x0000000751000000| Untracked 
| 837|0x0000000751400000, 0x0000000751400000, 0x0000000751800000|  0%| F|  |TAMS 0x0000000751400000, 0x0000000751400000| Untracked 
| 838|0x0000000751800000, 0x0000000751800000, 0x0000000751c00000|  0%| F|  |TAMS 0x0000000751800000, 0x0000000751800000| Untracked 
| 839|0x0000000751c00000, 0x0000000751c00000, 0x0000000752000000|  0%| F|  |TAMS 0x0000000751c00000, 0x0000000751c00000| Untracked 
| 840|0x0000000752000000, 0x0000000752000000, 0x0000000752400000|  0%| F|  |TAMS 0x0000000752000000, 0x0000000752000000| Untracked 
| 841|0x0000000752400000, 0x0000000752400000, 0x0000000752800000|  0%| F|  |TAMS 0x0000000752400000, 0x0000000752400000| Untracked 
| 842|0x0000000752800000, 0x0000000752800000, 0x0000000752c00000|  0%| F|  |TAMS 0x0000000752800000, 0x0000000752800000| Untracked 
| 843|0x0000000752c00000, 0x0000000752c00000, 0x0000000753000000|  0%| F|  |TAMS 0x0000000752c00000, 0x0000000752c00000| Untracked 
| 844|0x0000000753000000, 0x0000000753000000, 0x0000000753400000|  0%| F|  |TAMS 0x0000000753000000, 0x0000000753000000| Untracked 
| 845|0x0000000753400000, 0x0000000753400000, 0x0000000753800000|  0%| F|  |TAMS 0x0000000753400000, 0x0000000753400000| Untracked 
| 846|0x0000000753800000, 0x0000000753800000, 0x0000000753c00000|  0%| F|  |TAMS 0x0000000753800000, 0x0000000753800000| Untracked 
| 847|0x0000000753c00000, 0x0000000753c00000, 0x0000000754000000|  0%| F|  |TAMS 0x0000000753c00000, 0x0000000753c00000| Untracked 
| 848|0x0000000754000000, 0x0000000754000000, 0x0000000754400000|  0%| F|  |TAMS 0x0000000754000000, 0x0000000754000000| Untracked 
| 849|0x0000000754400000, 0x0000000754400000, 0x0000000754800000|  0%| F|  |TAMS 0x0000000754400000, 0x0000000754400000| Untracked 
| 850|0x0000000754800000, 0x0000000754800000, 0x0000000754c00000|  0%| F|  |TAMS 0x0000000754800000, 0x0000000754800000| Untracked 
| 851|0x0000000754c00000, 0x0000000754c00000, 0x0000000755000000|  0%| F|  |TAMS 0x0000000754c00000, 0x0000000754c00000| Untracked 
| 852|0x0000000755000000, 0x0000000755000000, 0x0000000755400000|  0%| F|  |TAMS 0x0000000755000000, 0x0000000755000000| Untracked 
| 853|0x0000000755400000, 0x0000000755400000, 0x0000000755800000|  0%| F|  |TAMS 0x0000000755400000, 0x0000000755400000| Untracked 
| 854|0x0000000755800000, 0x0000000755800000, 0x0000000755c00000|  0%| F|  |TAMS 0x0000000755800000, 0x0000000755800000| Untracked 
| 855|0x0000000755c00000, 0x0000000755c00000, 0x0000000756000000|  0%| F|  |TAMS 0x0000000755c00000, 0x0000000755c00000| Untracked 
| 856|0x0000000756000000, 0x0000000756000000, 0x0000000756400000|  0%| F|  |TAMS 0x0000000756000000, 0x0000000756000000| Untracked 
| 857|0x0000000756400000, 0x0000000756400000, 0x0000000756800000|  0%| F|  |TAMS 0x0000000756400000, 0x0000000756400000| Untracked 
| 858|0x0000000756800000, 0x0000000756800000, 0x0000000756c00000|  0%| F|  |TAMS 0x0000000756800000, 0x0000000756800000| Untracked 
| 859|0x0000000756c00000, 0x0000000756c00000, 0x0000000757000000|  0%| F|  |TAMS 0x0000000756c00000, 0x0000000756c00000| Untracked 
| 860|0x0000000757000000, 0x0000000757000000, 0x0000000757400000|  0%| F|  |TAMS 0x0000000757000000, 0x0000000757000000| Untracked 
| 861|0x0000000757400000, 0x0000000757400000, 0x0000000757800000|  0%| F|  |TAMS 0x0000000757400000, 0x0000000757400000| Untracked 
| 862|0x0000000757800000, 0x0000000757800000, 0x0000000757c00000|  0%| F|  |TAMS 0x0000000757800000, 0x0000000757800000| Untracked 
| 863|0x0000000757c00000, 0x0000000757c00000, 0x0000000758000000|  0%| F|  |TAMS 0x0000000757c00000, 0x0000000757c00000| Untracked 
| 864|0x0000000758000000, 0x0000000758000000, 0x0000000758400000|  0%| F|  |TAMS 0x0000000758000000, 0x0000000758000000| Untracked 
| 865|0x0000000758400000, 0x0000000758400000, 0x0000000758800000|  0%| F|  |TAMS 0x0000000758400000, 0x0000000758400000| Untracked 
| 866|0x0000000758800000, 0x0000000758800000, 0x0000000758c00000|  0%| F|  |TAMS 0x0000000758800000, 0x0000000758800000| Untracked 
| 867|0x0000000758c00000, 0x0000000758c00000, 0x0000000759000000|  0%| F|  |TAMS 0x0000000758c00000, 0x0000000758c00000| Untracked 
| 868|0x0000000759000000, 0x0000000759000000, 0x0000000759400000|  0%| F|  |TAMS 0x0000000759000000, 0x0000000759000000| Untracked 
| 869|0x0000000759400000, 0x0000000759400000, 0x0000000759800000|  0%| F|  |TAMS 0x0000000759400000, 0x0000000759400000| Untracked 
| 870|0x0000000759800000, 0x0000000759800000, 0x0000000759c00000|  0%| F|  |TAMS 0x0000000759800000, 0x0000000759800000| Untracked 
| 871|0x0000000759c00000, 0x0000000759c00000, 0x000000075a000000|  0%| F|  |TAMS 0x0000000759c00000, 0x0000000759c00000| Untracked 
| 872|0x000000075a000000, 0x000000075a000000, 0x000000075a400000|  0%| F|  |TAMS 0x000000075a000000, 0x000000075a000000| Untracked 
| 873|0x000000075a400000, 0x000000075a400000, 0x000000075a800000|  0%| F|  |TAMS 0x000000075a400000, 0x000000075a400000| Untracked 
| 874|0x000000075a800000, 0x000000075a800000, 0x000000075ac00000|  0%| F|  |TAMS 0x000000075a800000, 0x000000075a800000| Untracked 
| 875|0x000000075ac00000, 0x000000075ac00000, 0x000000075b000000|  0%| F|  |TAMS 0x000000075ac00000, 0x000000075ac00000| Untracked 
| 876|0x000000075b000000, 0x000000075b000000, 0x000000075b400000|  0%| F|  |TAMS 0x000000075b000000, 0x000000075b000000| Untracked 
| 877|0x000000075b400000, 0x000000075b400000, 0x000000075b800000|  0%| F|  |TAMS 0x000000075b400000, 0x000000075b400000| Untracked 
| 878|0x000000075b800000, 0x000000075b800000, 0x000000075bc00000|  0%| F|  |TAMS 0x000000075b800000, 0x000000075b800000| Untracked 
| 879|0x000000075bc00000, 0x000000075bc00000, 0x000000075c000000|  0%| F|  |TAMS 0x000000075bc00000, 0x000000075bc00000| Untracked 
| 880|0x000000075c000000, 0x000000075c000000, 0x000000075c400000|  0%| F|  |TAMS 0x000000075c000000, 0x000000075c000000| Untracked 
| 881|0x000000075c400000, 0x000000075c400000, 0x000000075c800000|  0%| F|  |TAMS 0x000000075c400000, 0x000000075c400000| Untracked 
| 882|0x000000075c800000, 0x000000075c800000, 0x000000075cc00000|  0%| F|  |TAMS 0x000000075c800000, 0x000000075c800000| Untracked 
| 883|0x000000075cc00000, 0x000000075cc00000, 0x000000075d000000|  0%| F|  |TAMS 0x000000075cc00000, 0x000000075cc00000| Untracked 
| 884|0x000000075d000000, 0x000000075d000000, 0x000000075d400000|  0%| F|  |TAMS 0x000000075d000000, 0x000000075d000000| Untracked 
| 885|0x000000075d400000, 0x000000075d400000, 0x000000075d800000|  0%| F|  |TAMS 0x000000075d400000, 0x000000075d400000| Untracked 
| 886|0x000000075d800000, 0x000000075d800000, 0x000000075dc00000|  0%| F|  |TAMS 0x000000075d800000, 0x000000075d800000| Untracked 
| 887|0x000000075dc00000, 0x000000075dc00000, 0x000000075e000000|  0%| F|  |TAMS 0x000000075dc00000, 0x000000075dc00000| Untracked 
| 888|0x000000075e000000, 0x000000075e000000, 0x000000075e400000|  0%| F|  |TAMS 0x000000075e000000, 0x000000075e000000| Untracked 
| 889|0x000000075e400000, 0x000000075e400000, 0x000000075e800000|  0%| F|  |TAMS 0x000000075e400000, 0x000000075e400000| Untracked 
| 890|0x000000075e800000, 0x000000075e800000, 0x000000075ec00000|  0%| F|  |TAMS 0x000000075e800000, 0x000000075e800000| Untracked 
| 891|0x000000075ec00000, 0x000000075ec00000, 0x000000075f000000|  0%| F|  |TAMS 0x000000075ec00000, 0x000000075ec00000| Untracked 
| 892|0x000000075f000000, 0x000000075f000000, 0x000000075f400000|  0%| F|  |TAMS 0x000000075f000000, 0x000000075f000000| Untracked 
| 893|0x000000075f400000, 0x000000075f400000, 0x000000075f800000|  0%| F|  |TAMS 0x000000075f400000, 0x000000075f400000| Untracked 
| 894|0x000000075f800000, 0x000000075f800000, 0x000000075fc00000|  0%| F|  |TAMS 0x000000075f800000, 0x000000075f800000| Untracked 
| 895|0x000000075fc00000, 0x000000075fc00000, 0x0000000760000000|  0%| F|  |TAMS 0x000000075fc00000, 0x000000075fc00000| Untracked 
| 896|0x0000000760000000, 0x0000000760000000, 0x0000000760400000|  0%| F|  |TAMS 0x0000000760000000, 0x0000000760000000| Untracked 
| 897|0x0000000760400000, 0x0000000760400000, 0x0000000760800000|  0%| F|  |TAMS 0x0000000760400000, 0x0000000760400000| Untracked 
| 898|0x0000000760800000, 0x0000000760800000, 0x0000000760c00000|  0%| F|  |TAMS 0x0000000760800000, 0x0000000760800000| Untracked 
| 899|0x0000000760c00000, 0x0000000760c00000, 0x0000000761000000|  0%| F|  |TAMS 0x0000000760c00000, 0x0000000760c00000| Untracked 
| 900|0x0000000761000000, 0x0000000761000000, 0x0000000761400000|  0%| F|  |TAMS 0x0000000761000000, 0x0000000761000000| Untracked 
| 901|0x0000000761400000, 0x0000000761400000, 0x0000000761800000|  0%| F|  |TAMS 0x0000000761400000, 0x0000000761400000| Untracked 
| 902|0x0000000761800000, 0x0000000761800000, 0x0000000761c00000|  0%| F|  |TAMS 0x0000000761800000, 0x0000000761800000| Untracked 
| 903|0x0000000761c00000, 0x0000000761c00000, 0x0000000762000000|  0%| F|  |TAMS 0x0000000761c00000, 0x0000000761c00000| Untracked 
| 904|0x0000000762000000, 0x0000000762000000, 0x0000000762400000|  0%| F|  |TAMS 0x0000000762000000, 0x0000000762000000| Untracked 
| 905|0x0000000762400000, 0x0000000762400000, 0x0000000762800000|  0%| F|  |TAMS 0x0000000762400000, 0x0000000762400000| Untracked 
| 906|0x0000000762800000, 0x0000000762800000, 0x0000000762c00000|  0%| F|  |TAMS 0x0000000762800000, 0x0000000762800000| Untracked 
| 907|0x0000000762c00000, 0x0000000762c00000, 0x0000000763000000|  0%| F|  |TAMS 0x0000000762c00000, 0x0000000762c00000| Untracked 
| 908|0x0000000763000000, 0x0000000763000000, 0x0000000763400000|  0%| F|  |TAMS 0x0000000763000000, 0x0000000763000000| Untracked 
| 909|0x0000000763400000, 0x0000000763400000, 0x0000000763800000|  0%| F|  |TAMS 0x0000000763400000, 0x0000000763400000| Untracked 
| 910|0x0000000763800000, 0x0000000763800000, 0x0000000763c00000|  0%| F|  |TAMS 0x0000000763800000, 0x0000000763800000| Untracked 
| 911|0x0000000763c00000, 0x0000000763c00000, 0x0000000764000000|  0%| F|  |TAMS 0x0000000763c00000, 0x0000000763c00000| Untracked 
| 912|0x0000000764000000, 0x0000000764000000, 0x0000000764400000|  0%| F|  |TAMS 0x0000000764000000, 0x0000000764000000| Untracked 
| 913|0x0000000764400000, 0x00000007645bfa30, 0x0000000764800000| 43%| S|CS|TAMS 0x0000000764400000, 0x0000000764400000| Complete 
| 914|0x0000000764800000, 0x0000000764c00000, 0x0000000764c00000|100%| S|CS|TAMS 0x0000000764800000, 0x0000000764800000| Complete 
| 915|0x0000000764c00000, 0x0000000765000000, 0x0000000765000000|100%| S|CS|TAMS 0x0000000764c00000, 0x0000000764c00000| Complete 
| 916|0x0000000765000000, 0x0000000765000000, 0x0000000765400000|  0%| F|  |TAMS 0x0000000765000000, 0x0000000765000000| Untracked 
| 917|0x0000000765400000, 0x0000000765400000, 0x0000000765800000|  0%| F|  |TAMS 0x0000000765400000, 0x0000000765400000| Untracked 
| 918|0x0000000765800000, 0x0000000765800000, 0x0000000765c00000|  0%| F|  |TAMS 0x0000000765800000, 0x0000000765800000| Untracked 
| 919|0x0000000765c00000, 0x0000000765c00000, 0x0000000766000000|  0%| F|  |TAMS 0x0000000765c00000, 0x0000000765c00000| Untracked 
| 920|0x0000000766000000, 0x0000000766000000, 0x0000000766400000|  0%| F|  |TAMS 0x0000000766000000, 0x0000000766000000| Untracked 
| 921|0x0000000766400000, 0x0000000766400000, 0x0000000766800000|  0%| F|  |TAMS 0x0000000766400000, 0x0000000766400000| Untracked 
| 922|0x0000000766800000, 0x0000000766800000, 0x0000000766c00000|  0%| F|  |TAMS 0x0000000766800000, 0x0000000766800000| Untracked 
| 923|0x0000000766c00000, 0x0000000766c00000, 0x0000000767000000|  0%| F|  |TAMS 0x0000000766c00000, 0x0000000766c00000| Untracked 
| 924|0x0000000767000000, 0x0000000767000000, 0x0000000767400000|  0%| F|  |TAMS 0x0000000767000000, 0x0000000767000000| Untracked 
| 925|0x0000000767400000, 0x0000000767400000, 0x0000000767800000|  0%| F|  |TAMS 0x0000000767400000, 0x0000000767400000| Untracked 
| 926|0x0000000767800000, 0x0000000767800000, 0x0000000767c00000|  0%| F|  |TAMS 0x0000000767800000, 0x0000000767800000| Untracked 
| 927|0x0000000767c00000, 0x0000000767c00000, 0x0000000768000000|  0%| F|  |TAMS 0x0000000767c00000, 0x0000000767c00000| Untracked 
| 928|0x0000000768000000, 0x0000000768000000, 0x0000000768400000|  0%| F|  |TAMS 0x0000000768000000, 0x0000000768000000| Untracked 
| 929|0x0000000768400000, 0x0000000768400000, 0x0000000768800000|  0%| F|  |TAMS 0x0000000768400000, 0x0000000768400000| Untracked 
| 930|0x0000000768800000, 0x0000000768800000, 0x0000000768c00000|  0%| F|  |TAMS 0x0000000768800000, 0x0000000768800000| Untracked 
| 931|0x0000000768c00000, 0x0000000768c00000, 0x0000000769000000|  0%| F|  |TAMS 0x0000000768c00000, 0x0000000768c00000| Untracked 
| 932|0x0000000769000000, 0x0000000769000000, 0x0000000769400000|  0%| F|  |TAMS 0x0000000769000000, 0x0000000769000000| Untracked 
| 933|0x0000000769400000, 0x0000000769400000, 0x0000000769800000|  0%| F|  |TAMS 0x0000000769400000, 0x0000000769400000| Untracked 
| 934|0x0000000769800000, 0x0000000769800000, 0x0000000769c00000|  0%| F|  |TAMS 0x0000000769800000, 0x0000000769800000| Untracked 
| 935|0x0000000769c00000, 0x0000000769c00000, 0x000000076a000000|  0%| F|  |TAMS 0x0000000769c00000, 0x0000000769c00000| Untracked 
| 936|0x000000076a000000, 0x000000076a000000, 0x000000076a400000|  0%| F|  |TAMS 0x000000076a000000, 0x000000076a000000| Untracked 
| 937|0x000000076a400000, 0x000000076a400000, 0x000000076a800000|  0%| F|  |TAMS 0x000000076a400000, 0x000000076a400000| Untracked 
| 938|0x000000076a800000, 0x000000076a800000, 0x000000076ac00000|  0%| F|  |TAMS 0x000000076a800000, 0x000000076a800000| Untracked 
| 939|0x000000076ac00000, 0x000000076ac00000, 0x000000076b000000|  0%| F|  |TAMS 0x000000076ac00000, 0x000000076ac00000| Untracked 
| 940|0x000000076b000000, 0x000000076b000000, 0x000000076b400000|  0%| F|  |TAMS 0x000000076b000000, 0x000000076b000000| Untracked 
| 941|0x000000076b400000, 0x000000076b400000, 0x000000076b800000|  0%| F|  |TAMS 0x000000076b400000, 0x000000076b400000| Untracked 
| 942|0x000000076b800000, 0x000000076b800000, 0x000000076bc00000|  0%| F|  |TAMS 0x000000076b800000, 0x000000076b800000| Untracked 
| 943|0x000000076bc00000, 0x000000076bc00000, 0x000000076c000000|  0%| F|  |TAMS 0x000000076bc00000, 0x000000076bc00000| Untracked 
| 944|0x000000076c000000, 0x000000076c000000, 0x000000076c400000|  0%| F|  |TAMS 0x000000076c000000, 0x000000076c000000| Untracked 
| 945|0x000000076c400000, 0x000000076c400000, 0x000000076c800000|  0%| F|  |TAMS 0x000000076c400000, 0x000000076c400000| Untracked 
| 946|0x000000076c800000, 0x000000076c800000, 0x000000076cc00000|  0%| F|  |TAMS 0x000000076c800000, 0x000000076c800000| Untracked 
| 947|0x000000076cc00000, 0x000000076cc00000, 0x000000076d000000|  0%| F|  |TAMS 0x000000076cc00000, 0x000000076cc00000| Untracked 
| 948|0x000000076d000000, 0x000000076d000000, 0x000000076d400000|  0%| F|  |TAMS 0x000000076d000000, 0x000000076d000000| Untracked 
| 949|0x000000076d400000, 0x000000076d400000, 0x000000076d800000|  0%| F|  |TAMS 0x000000076d400000, 0x000000076d400000| Untracked 
| 950|0x000000076d800000, 0x000000076d800000, 0x000000076dc00000|  0%| F|  |TAMS 0x000000076d800000, 0x000000076d800000| Untracked 
| 951|0x000000076dc00000, 0x000000076dc00000, 0x000000076e000000|  0%| F|  |TAMS 0x000000076dc00000, 0x000000076dc00000| Untracked 
| 952|0x000000076e000000, 0x000000076e000000, 0x000000076e400000|  0%| F|  |TAMS 0x000000076e000000, 0x000000076e000000| Untracked 
| 953|0x000000076e400000, 0x000000076e400000, 0x000000076e800000|  0%| F|  |TAMS 0x000000076e400000, 0x000000076e400000| Untracked 
| 954|0x000000076e800000, 0x000000076e800000, 0x000000076ec00000|  0%| F|  |TAMS 0x000000076e800000, 0x000000076e800000| Untracked 
| 955|0x000000076ec00000, 0x000000076ec00000, 0x000000076f000000|  0%| F|  |TAMS 0x000000076ec00000, 0x000000076ec00000| Untracked 
| 956|0x000000076f000000, 0x000000076f000000, 0x000000076f400000|  0%| F|  |TAMS 0x000000076f000000, 0x000000076f000000| Untracked 

Card table byte_map: [0x000001b49a0b0000,0x000001b49acb0000] _byte_map_base: 0x000001b496cb0000

Marking Bits (Prev, Next): (CMBitMap*) 0x000001b4824c1950, (CMBitMap*) 0x000001b4824c1910
 Prev Bits: [0x000001b4a18b0000, 0x000001b4a78b0000)
 Next Bits: [0x000001b49b8b0000, 0x000001b4a18b0000)

Polling page: 0x000001b4803a0000

Metaspace:

Usage:
  Non-class:    161.90 MB used.
      Class:     24.88 MB used.
       Both:    186.78 MB used.

Virtual space:
  Non-class space:      192.00 MB reserved,     163.56 MB ( 85%) committed,  3 nodes.
      Class space:      832.00 MB reserved,      26.31 MB (  3%) committed,  1 nodes.
             Both:        1.00 GB reserved,     189.88 MB ( 19%) committed. 

Chunk freelists:
   Non-Class:  12.06 MB
       Class:  5.60 MB
        Both:  17.67 MB

MaxMetaspaceSize: 1.00 GB
CompressedClassSpaceSize: 832.00 MB
Initial GC threshold: 21.00 MB
Current GC threshold: 249.31 MB
CDS: on
MetaspaceReclaimPolicy: balanced
 - commit_granule_bytes: 65536.
 - commit_granule_words: 8192.
 - virtual_space_node_default_size: 8388608.
 - enlarge_chunks_in_place: 1.
 - new_chunks_are_fully_committed: 0.
 - uncommit_free_chunks: 1.
 - use_allocation_guard: 0.
 - handle_deallocations: 1.


Internal statistics:

num_allocs_failed_limit: 6.
num_arena_births: 4764.
num_arena_deaths: 454.
num_vsnodes_births: 4.
num_vsnodes_deaths: 0.
num_space_committed: 3036.
num_space_uncommitted: 0.
num_chunks_returned_to_freelist: 658.
num_chunks_taken_from_freelist: 14897.
num_chunk_merges: 277.
num_chunk_splits: 8780.
num_chunks_enlarged: 4602.
num_inconsistent_stats: 0.

CodeHeap 'non-profiled nmethods': size=120000Kb used=36724Kb max_used=36857Kb free=83275Kb
 bounds [0x000001b491a20000, 0x000001b493e20000, 0x000001b498f50000]
CodeHeap 'profiled nmethods': size=120000Kb used=74202Kb max_used=75872Kb free=45797Kb
 bounds [0x000001b489f50000, 0x000001b48e9c0000, 0x000001b491480000]
CodeHeap 'non-nmethods': size=5760Kb used=2570Kb max_used=2659Kb free=3190Kb
 bounds [0x000001b491480000, 0x000001b491740000, 0x000001b491a20000]
 total_blobs=38339 nmethods=37217 adapters=1032
 compilation: enabled
              stopped_count=0, restarted_count=0
 full_count=0

Compilation events (20 events):
Event: 1093.265 Thread 0x000001b4a9ee2980 nmethod 51419 0x000001b48d76b790 code [0x000001b48d76b960, 0x000001b48d76bd68]
Event: 1093.265 Thread 0x000001b4a9ee2980 51430       3       com.android.tools.r8.internal.Jo::a (25 bytes)
Event: 1093.266 Thread 0x000001b4a9ee2980 nmethod 51430 0x000001b48d76ae10 code [0x000001b48d76afe0, 0x000001b48d76b3e8]
Event: 1093.266 Thread 0x000001b4a9ee2980 51418       3       com.android.tools.r8.dex.y::e (25 bytes)
Event: 1093.273 Thread 0x000001b4a9ee2980 nmethod 51418 0x000001b48e7abb90 code [0x000001b48e7abd60, 0x000001b48e7ac038]
Event: 1093.273 Thread 0x000001b4a9ee2980 51440       3       com.android.tools.r8.internal.Fo::a (32 bytes)
Event: 1093.273 Thread 0x000001b4a9ee2980 nmethod 51440 0x000001b48e7ab390 code [0x000001b48e7ab560, 0x000001b48e7ab9e8]
Event: 1093.273 Thread 0x000001b4a9ee2980 51445       3       com.android.tools.r8.internal.sq::a (12 bytes)
Event: 1093.274 Thread 0x000001b4a9ee2980 nmethod 51445 0x000001b48e7aae10 code [0x000001b48e7aafc0, 0x000001b48e7ab208]
Event: 1093.275 Thread 0x000001b4a9ee2980 51452       2       com.android.tools.r8.graph.a3::a (9 bytes)
Event: 1093.275 Thread 0x000001b4a9ee2980 nmethod 51452 0x000001b48e4ea290 code [0x000001b48e4ea440, 0x000001b48e4ea5d8]
Event: 1093.287 Thread 0x000001b4a9ee2980 51453       3       com.android.tools.r8.dex.L$$Lambda$6184/0x000001b4ad905068::applyAsInt (12 bytes)
Event: 1093.289 Thread 0x000001b4a9ee2980 nmethod 51453 0x000001b48e4e9c10 code [0x000001b48e4e9dc0, 0x000001b48e4ea108]
Event: 1093.289 Thread 0x000001b4a9ee2980 51454       3       com.android.tools.r8.graph.O0$d$$Lambda$6249/0x000001b4ad90f630::a (5 bytes)
Event: 1093.295 Thread 0x000001b4a9ee2980 nmethod 51454 0x000001b48dbc4e90 code [0x000001b48dbc5180, 0x000001b48dbc6208]
Event: 1093.298 Thread 0x000001b4a9ee2980 51455       3       com.android.tools.r8.graph.P0::a (10 bytes)
Event: 1093.299 Thread 0x000001b4a9ee2980 nmethod 51455 0x000001b48e4e8e10 code [0x000001b48e4e9020, 0x000001b48e4e9888]
Event: 1093.434 Thread 0x000001b4a9ee1fc0 nmethod 51347 0x000001b49396fa10 code [0x000001b49396fce0, 0x000001b493972a48]
Event: 1093.434 Thread 0x000001b4a9ee1fc0 51345       4       com.android.tools.r8.graph.J0::a (239 bytes)
Event: 1093.548 Thread 0x000001b4a9ee2980 51458       2       org.gradle.internal.time.ExponentialBackoff::of (22 bytes)

GC Heap History (20 events):
Event: 1056.445 GC heap after
{Heap after GC invocations=135 (full 0):
 garbage-first heap   total 3325952K, used 890611K [0x0000000680000000, 0x0000000800000000)
  region size 4096K, 5 young (20480K), 5 survivors (20480K)
 Metaspace       used 190718K, committed 193920K, reserved 1048576K
  class space    used 25426K, committed 26880K, reserved 851968K
}
Event: 1057.814 GC heap before
{Heap before GC invocations=135 (full 0):
 garbage-first heap   total 3325952K, used 1046259K [0x0000000680000000, 0x0000000800000000)
  region size 4096K, 40 young (163840K), 5 survivors (20480K)
 Metaspace       used 190821K, committed 193984K, reserved 1048576K
  class space    used 25440K, committed 26880K, reserved 851968K
}
Event: 1057.965 GC heap after
{Heap after GC invocations=136 (full 0):
 garbage-first heap   total 3325952K, used 954060K [0x0000000680000000, 0x0000000800000000)
  region size 4096K, 5 young (20480K), 5 survivors (20480K)
 Metaspace       used 190821K, committed 193984K, reserved 1048576K
  class space    used 25440K, committed 26880K, reserved 851968K
}
Event: 1059.576 GC heap before
{Heap before GC invocations=136 (full 0):
 garbage-first heap   total 3325952K, used 1101516K [0x0000000680000000, 0x0000000800000000)
  region size 4096K, 40 young (163840K), 5 survivors (20480K)
 Metaspace       used 190878K, committed 194048K, reserved 1048576K
  class space    used 25444K, committed 26880K, reserved 851968K
}
Event: 1059.828 GC heap after
{Heap after GC invocations=137 (full 0):
 garbage-first heap   total 3325952K, used 1015367K [0x0000000680000000, 0x0000000800000000)
  region size 4096K, 5 young (20480K), 5 survivors (20480K)
 Metaspace       used 190878K, committed 194048K, reserved 1048576K
  class space    used 25444K, committed 26880K, reserved 851968K
}
Event: 1060.542 GC heap before
{Heap before GC invocations=137 (full 0):
 garbage-first heap   total 3325952K, used 1154631K [0x0000000680000000, 0x0000000800000000)
  region size 4096K, 40 young (163840K), 5 survivors (20480K)
 Metaspace       used 190883K, committed 194048K, reserved 1048576K
  class space    used 25444K, committed 26880K, reserved 851968K
}
Event: 1060.882 GC heap after
{Heap after GC invocations=138 (full 0):
 garbage-first heap   total 3325952K, used 1091114K [0x0000000680000000, 0x0000000800000000)
  region size 4096K, 5 young (20480K), 5 survivors (20480K)
 Metaspace       used 190883K, committed 194048K, reserved 1048576K
  class space    used 25444K, committed 26880K, reserved 851968K
}
Event: 1062.466 GC heap before
{Heap before GC invocations=138 (full 0):
 garbage-first heap   total 3325952K, used 1230378K [0x0000000680000000, 0x0000000800000000)
  region size 4096K, 40 young (163840K), 5 survivors (20480K)
 Metaspace       used 190903K, committed 194048K, reserved 1048576K
  class space    used 25444K, committed 26880K, reserved 851968K
}
Event: 1062.888 GC heap after
{Heap after GC invocations=139 (full 0):
 garbage-first heap   total 3325952K, used 1164403K [0x0000000680000000, 0x0000000800000000)
  region size 4096K, 5 young (20480K), 5 survivors (20480K)
 Metaspace       used 190903K, committed 194048K, reserved 1048576K
  class space    used 25444K, committed 26880K, reserved 851968K
}
Event: 1069.271 GC heap before
{Heap before GC invocations=139 (full 0):
 garbage-first heap   total 3325952K, used 1307763K [0x0000000680000000, 0x0000000800000000)
  region size 4096K, 40 young (163840K), 5 survivors (20480K)
 Metaspace       used 191117K, committed 194304K, reserved 1048576K
  class space    used 25467K, committed 26944K, reserved 851968K
}
Event: 1069.404 GC heap after
{Heap after GC invocations=140 (full 0):
 garbage-first heap   total 3919872K, used 1195159K [0x0000000680000000, 0x0000000800000000)
  region size 4096K, 5 young (20480K), 5 survivors (20480K)
 Metaspace       used 191117K, committed 194304K, reserved 1048576K
  class space    used 25467K, committed 26944K, reserved 851968K
}
Event: 1077.120 GC heap before
{Heap before GC invocations=140 (full 0):
 garbage-first heap   total 3919872K, used 1367191K [0x0000000680000000, 0x0000000800000000)
  region size 4096K, 47 young (192512K), 5 survivors (20480K)
 Metaspace       used 191147K, committed 194368K, reserved 1048576K
  class space    used 25467K, committed 26944K, reserved 851968K
}
Event: 1078.703 GC heap after
{Heap after GC invocations=141 (full 0):
 garbage-first heap   total 3919872K, used 1212073K [0x0000000680000000, 0x0000000800000000)
  region size 4096K, 5 young (20480K), 5 survivors (20480K)
 Metaspace       used 191147K, committed 194368K, reserved 1048576K
  class space    used 25467K, committed 26944K, reserved 851968K
}
Event: 1083.104 GC heap before
{Heap before GC invocations=141 (full 0):
 garbage-first heap   total 3919872K, used 1380009K [0x0000000680000000, 0x0000000800000000)
  region size 4096K, 47 young (192512K), 5 survivors (20480K)
 Metaspace       used 191155K, committed 194368K, reserved 1048576K
  class space    used 25467K, committed 26944K, reserved 851968K
}
Event: 1084.507 GC heap after
{Heap after GC invocations=142 (full 0):
 garbage-first heap   total 3919872K, used 1229178K [0x0000000680000000, 0x0000000800000000)
  region size 4096K, 6 young (24576K), 6 survivors (24576K)
 Metaspace       used 191155K, committed 194368K, reserved 1048576K
  class space    used 25467K, committed 26944K, reserved 851968K
}
Event: 1088.668 GC heap before
{Heap before GC invocations=142 (full 0):
 garbage-first heap   total 3919872K, used 1393018K [0x0000000680000000, 0x0000000800000000)
  region size 4096K, 47 young (192512K), 6 survivors (24576K)
 Metaspace       used 191252K, committed 194432K, reserved 1048576K
  class space    used 25473K, committed 26944K, reserved 851968K
}
Event: 1090.249 GC heap after
{Heap after GC invocations=143 (full 0):
 garbage-first heap   total 3919872K, used 1256059K [0x0000000680000000, 0x0000000800000000)
  region size 4096K, 6 young (24576K), 6 survivors (24576K)
 Metaspace       used 191252K, committed 194432K, reserved 1048576K
  class space    used 25473K, committed 26944K, reserved 851968K
}
Event: 1090.763 GC heap before
{Heap before GC invocations=143 (full 0):
 garbage-first heap   total 3919872K, used 1419899K [0x0000000680000000, 0x0000000800000000)
  region size 4096K, 47 young (192512K), 6 survivors (24576K)
 Metaspace       used 191257K, committed 194432K, reserved 1048576K
  class space    used 25473K, committed 26944K, reserved 851968K
}
Event: 1091.809 GC heap after
{Heap after GC invocations=144 (full 0):
 garbage-first heap   total 3919872K, used 1305113K [0x0000000680000000, 0x0000000800000000)
  region size 4096K, 6 young (24576K), 6 survivors (24576K)
 Metaspace       used 191257K, committed 194432K, reserved 1048576K
  class space    used 25473K, committed 26944K, reserved 851968K
}
Event: 1094.487 GC heap before
{Heap before GC invocations=144 (full 0):
 garbage-first heap   total 3919872K, used 1509913K [0x0000000680000000, 0x0000000800000000)
  region size 4096K, 47 young (192512K), 6 survivors (24576K)
 Metaspace       used 191258K, committed 194432K, reserved 1048576K
  class space    used 25473K, committed 26944K, reserved 851968K
}

Dll operation events (16 events):
Event: 0.013 Loaded shared library C:\Users\prera\AppData\Local\Programs\Eclipse Adoptium\jdk-17.0.10.7-hotspot\bin\java.dll
Event: 0.037 Loaded shared library C:\Users\prera\AppData\Local\Programs\Eclipse Adoptium\jdk-17.0.10.7-hotspot\bin\jsvml.dll
Event: 0.114 Loaded shared library C:\Users\prera\AppData\Local\Programs\Eclipse Adoptium\jdk-17.0.10.7-hotspot\bin\zip.dll
Event: 0.120 Loaded shared library C:\Users\prera\AppData\Local\Programs\Eclipse Adoptium\jdk-17.0.10.7-hotspot\bin\instrument.dll
Event: 0.127 Loaded shared library C:\Users\prera\AppData\Local\Programs\Eclipse Adoptium\jdk-17.0.10.7-hotspot\bin\net.dll
Event: 0.130 Loaded shared library C:\Users\prera\AppData\Local\Programs\Eclipse Adoptium\jdk-17.0.10.7-hotspot\bin\nio.dll
Event: 0.134 Loaded shared library C:\Users\prera\AppData\Local\Programs\Eclipse Adoptium\jdk-17.0.10.7-hotspot\bin\zip.dll
Event: 0.489 Loaded shared library C:\Users\prera\AppData\Local\Programs\Eclipse Adoptium\jdk-17.0.10.7-hotspot\bin\jimage.dll
Event: 0.749 Loaded shared library C:\Users\prera\AppData\Local\Programs\Eclipse Adoptium\jdk-17.0.10.7-hotspot\bin\verify.dll
Event: 0.907 Loaded shared library C:\Users\prera\.gradle\native\1def1411415f61bf3af743bc5b6707747c0891f09f0c88961ee8f79bc544acac\windows-amd64\native-platform.dll
Event: 0.935 Loaded shared library C:\Users\prera\.gradle\native\0.2.7\x86_64-windows-gnu\gradle-fileevents.dll
Event: 2.789 Loaded shared library C:\Users\prera\AppData\Local\Programs\Eclipse Adoptium\jdk-17.0.10.7-hotspot\bin\management.dll
Event: 2.793 Loaded shared library C:\Users\prera\AppData\Local\Programs\Eclipse Adoptium\jdk-17.0.10.7-hotspot\bin\management_ext.dll
Event: 3.181 Loaded shared library C:\Users\prera\AppData\Local\Programs\Eclipse Adoptium\jdk-17.0.10.7-hotspot\bin\extnet.dll
Event: 3.612 Loaded shared library C:\Users\prera\AppData\Local\Programs\Eclipse Adoptium\jdk-17.0.10.7-hotspot\bin\sunmscapi.dll
Event: 761.034 Loaded shared library C:\Users\prera\AppData\Local\Programs\Eclipse Adoptium\jdk-17.0.10.7-hotspot\bin\rmi.dll

Deoptimization events (20 events):
Event: 1087.603 Thread 0x000001b4e72fd4b0 Uncommon trap: trap_request=0xffffff45 fr.pc=0x000001b491c2dd6c relative=0x000000000000056c
Event: 1087.603 Thread 0x000001b4e72fd4b0 Uncommon trap: reason=unstable_if action=reinterpret pc=0x000001b491c2dd6c method=java.util.LinkedList$ListItr.remove()V @ 47 c2
Event: 1087.603 Thread 0x000001b4e72fd4b0 DEOPT PACKING pc=0x000001b491c2dd6c sp=0x00000005345fe910
Event: 1087.605 Thread 0x000001b4e72fd4b0 DEOPT UNPACKING pc=0x000001b4914d69a3 sp=0x00000005345fe8c0 mode 2
Event: 1088.269 Thread 0x000001b4e72fd4b0 DEOPT PACKING pc=0x000001b48b0692a9 sp=0x00000005345fe390
Event: 1088.269 Thread 0x000001b4e72fd4b0 DEOPT UNPACKING pc=0x000001b4914d7143 sp=0x00000005345fd8c0 mode 0
Event: 1088.276 Thread 0x000001b4f2a8bb60 DEOPT PACKING pc=0x000001b48b0692a9 sp=0x00000005344fe480
Event: 1088.276 Thread 0x000001b4f2a8bb60 DEOPT UNPACKING pc=0x000001b4914d7143 sp=0x00000005344fd9b0 mode 0
Event: 1091.859 Thread 0x000001b4f2a8bb60 Uncommon trap: trap_request=0xffffff45 fr.pc=0x000001b493c24360 relative=0x00000000000018e0
Event: 1091.861 Thread 0x000001b4f43682f0 Uncommon trap: trap_request=0xffffff45 fr.pc=0x000001b493c24360 relative=0x00000000000018e0
Event: 1091.862 Thread 0x000001b4e72fd4b0 Uncommon trap: trap_request=0xffffff45 fr.pc=0x000001b493c24360 relative=0x00000000000018e0
Event: 1091.878 Thread 0x000001b4f2a8bb60 Uncommon trap: reason=unstable_if action=reinterpret pc=0x000001b493c24360 method=java.util.TimSort.mergeLo(IIII)V @ 529 c2
Event: 1091.878 Thread 0x000001b4e72fd4b0 Uncommon trap: reason=unstable_if action=reinterpret pc=0x000001b493c24360 method=java.util.TimSort.mergeLo(IIII)V @ 529 c2
Event: 1091.878 Thread 0x000001b4f43682f0 Uncommon trap: reason=unstable_if action=reinterpret pc=0x000001b493c24360 method=java.util.TimSort.mergeLo(IIII)V @ 529 c2
Event: 1091.881 Thread 0x000001b4f2a8bb60 DEOPT PACKING pc=0x000001b493c24360 sp=0x00000005344fe260
Event: 1091.881 Thread 0x000001b4e72fd4b0 DEOPT PACKING pc=0x000001b493c24360 sp=0x00000005345fe140
Event: 1091.881 Thread 0x000001b4f43682f0 DEOPT PACKING pc=0x000001b493c24360 sp=0x0000000531dfe390
Event: 1091.886 Thread 0x000001b4f2a8bb60 DEOPT UNPACKING pc=0x000001b4914d69a3 sp=0x00000005344fe220 mode 2
Event: 1091.886 Thread 0x000001b4e72fd4b0 DEOPT UNPACKING pc=0x000001b4914d69a3 sp=0x00000005345fe100 mode 2
Event: 1091.886 Thread 0x000001b4f43682f0 DEOPT UNPACKING pc=0x000001b4914d69a3 sp=0x0000000531dfe350 mode 2

Classes unloaded (20 events):
Event: 743.928 Thread 0x000001b4a9e9f6b0 Unloading class 0x000001b4ad113c00 'java/lang/invoke/LambdaForm$DMH+0x000001b4ad113c00'
Event: 743.928 Thread 0x000001b4a9e9f6b0 Unloading class 0x000001b4ad113800 'java/lang/invoke/LambdaForm$DMH+0x000001b4ad113800'
Event: 743.928 Thread 0x000001b4a9e9f6b0 Unloading class 0x000001b4ad113000 'java/lang/invoke/LambdaForm$DMH+0x000001b4ad113000'
Event: 743.928 Thread 0x000001b4a9e9f6b0 Unloading class 0x000001b4ad113400 'java/lang/invoke/LambdaForm$DMH+0x000001b4ad113400'
Event: 743.928 Thread 0x000001b4a9e9f6b0 Unloading class 0x000001b4ad112c00 'java/lang/invoke/LambdaForm$DMH+0x000001b4ad112c00'
Event: 743.928 Thread 0x000001b4a9e9f6b0 Unloading class 0x000001b4ad112800 'java/lang/invoke/LambdaForm$DMH+0x000001b4ad112800'
Event: 743.928 Thread 0x000001b4a9e9f6b0 Unloading class 0x000001b4ad112400 'java/lang/invoke/LambdaForm$DMH+0x000001b4ad112400'
Event: 743.928 Thread 0x000001b4a9e9f6b0 Unloading class 0x000001b4ad112000 'java/lang/invoke/LambdaForm$DMH+0x000001b4ad112000'
Event: 743.928 Thread 0x000001b4a9e9f6b0 Unloading class 0x000001b4ad111c00 'java/lang/invoke/LambdaForm$DMH+0x000001b4ad111c00'
Event: 743.928 Thread 0x000001b4a9e9f6b0 Unloading class 0x000001b4ad111400 'java/lang/invoke/LambdaForm$DMH+0x000001b4ad111400'
Event: 743.928 Thread 0x000001b4a9e9f6b0 Unloading class 0x000001b4ad111000 'java/lang/invoke/LambdaForm$DMH+0x000001b4ad111000'
Event: 743.928 Thread 0x000001b4a9e9f6b0 Unloading class 0x000001b4ad110c00 'java/lang/invoke/LambdaForm$DMH+0x000001b4ad110c00'
Event: 743.928 Thread 0x000001b4a9e9f6b0 Unloading class 0x000001b4ad110800 'java/lang/invoke/LambdaForm$DMH+0x000001b4ad110800'
Event: 743.928 Thread 0x000001b4a9e9f6b0 Unloading class 0x000001b4ad110400 'java/lang/invoke/LambdaForm$DMH+0x000001b4ad110400'
Event: 743.928 Thread 0x000001b4a9e9f6b0 Unloading class 0x000001b4ad110000 'java/lang/invoke/LambdaForm$DMH+0x000001b4ad110000'
Event: 743.929 Thread 0x000001b4a9e9f6b0 Unloading class 0x000001b4ad10d800 'java/lang/invoke/LambdaForm$DMH+0x000001b4ad10d800'
Event: 743.929 Thread 0x000001b4a9e9f6b0 Unloading class 0x000001b4ad10dc00 'java/lang/invoke/LambdaForm$DMH+0x000001b4ad10dc00'
Event: 743.929 Thread 0x000001b4a9e9f6b0 Unloading class 0x000001b4ad10d400 'java/lang/invoke/LambdaForm$DMH+0x000001b4ad10d400'
Event: 743.929 Thread 0x000001b4a9e9f6b0 Unloading class 0x000001b4ad10d000 'java/lang/invoke/LambdaForm$DMH+0x000001b4ad10d000'
Event: 743.929 Thread 0x000001b4a9e9f6b0 Unloading class 0x000001b4ad10cc00 'java/lang/invoke/LambdaForm$DMH+0x000001b4ad10cc00'

Classes redefined (0 events):
No events

Internal exceptions (20 events):
Event: 1050.126 Thread 0x000001b4e72f5110 Exception <a 'sun/nio/fs/WindowsException'{0x00000007462e7e50}> (0x00000007462e7e50) 
thrown [s\src\hotspot\share\prims\jni.cpp, line 516]
Event: 1050.145 Thread 0x000001b4f4434f10 Exception <a 'sun/nio/fs/WindowsException'{0x00000007463560e0}> (0x00000007463560e0) 
thrown [s\src\hotspot\share\prims\jni.cpp, line 516]
Event: 1050.149 Thread 0x000001b4f0ed0550 Exception <a 'sun/nio/fs/WindowsException'{0x0000000746355280}> (0x0000000746355280) 
thrown [s\src\hotspot\share\prims\jni.cpp, line 516]
Event: 1050.162 Thread 0x000001b4f1421690 Exception <a 'sun/nio/fs/WindowsException'{0x0000000745c4ef70}> (0x0000000745c4ef70) 
thrown [s\src\hotspot\share\prims\jni.cpp, line 516]
Event: 1050.262 Thread 0x000001b4f4434f10 Exception <a 'sun/nio/fs/WindowsException'{0x000000074551f458}> (0x000000074551f458) 
thrown [s\src\hotspot\share\prims\jni.cpp, line 516]
Event: 1050.293 Thread 0x000001b4f1421690 Exception <a 'sun/nio/fs/WindowsException'{0x000000074566c240}> (0x000000074566c240) 
thrown [s\src\hotspot\share\prims\jni.cpp, line 516]
Event: 1050.328 Thread 0x000001b4e72fca90 Exception <a 'sun/nio/fs/WindowsException'{0x00000007456b8878}> (0x00000007456b8878) 
thrown [s\src\hotspot\share\prims\jni.cpp, line 516]
Event: 1050.501 Thread 0x000001b4e72fca90 Exception <a 'sun/nio/fs/WindowsException'{0x0000000744d8a660}> (0x0000000744d8a660) 
thrown [s\src\hotspot\share\prims\jni.cpp, line 516]
Event: 1056.248 Thread 0x000001b4f4847400 Exception <a 'sun/nio/fs/WindowsException'{0x0000000742c91bf0}> (0x0000000742c91bf0) 
thrown [s\src\hotspot\share\prims\jni.cpp, line 516]
Event: 1056.288 Thread 0x000001b4f1814cc0 Exception <a 'java/lang/NoSuchMethodError'{0x0000000743367798}: static Lcom/android/build/gradle/internal/tasks/MergeNativeLibsTask$InputFile;.<clinit>()V> (0x0000000743367798) 
thrown [s\src\hotspot\share\prims\jni.cpp, line 1107]
Event: 1057.392 Thread 0x000001b4f6ffb510 Exception <a 'sun/nio/fs/WindowsException'{0x00000007446af1e0}> (0x00000007446af1e0) 
thrown [s\src\hotspot\share\prims\jni.cpp, line 516]
Event: 1057.405 Thread 0x000001b4f6ffb510 Exception <a 'sun/nio/fs/WindowsException'{0x00000007446b07c8}> (0x00000007446b07c8) 
thrown [s\src\hotspot\share\prims\jni.cpp, line 516]
Event: 1057.414 Thread 0x000001b4f6ffb510 Exception <a 'sun/nio/fs/WindowsException'{0x00000007446b1d30}> (0x00000007446b1d30) 
thrown [s\src\hotspot\share\prims\jni.cpp, line 516]
Event: 1057.420 Thread 0x000001b4f6ffb510 Exception <a 'sun/nio/fs/WindowsException'{0x00000007446b3280}> (0x00000007446b3280) 
thrown [s\src\hotspot\share\prims\jni.cpp, line 516]
Event: 1067.054 Thread 0x000001b4f1426ca0 Exception <a 'sun/nio/fs/WindowsException'{0x00000007483aa948}> (0x00000007483aa948) 
thrown [s\src\hotspot\share\prims\jni.cpp, line 516]
Event: 1067.056 Thread 0x000001b4f1426ca0 Exception <a 'sun/nio/fs/WindowsException'{0x00000007483aaa08}> (0x00000007483aaa08) 
thrown [s\src\hotspot\share\prims\jni.cpp, line 516]
Event: 1067.058 Thread 0x000001b4f1426ca0 Exception <a 'sun/nio/fs/WindowsException'{0x00000007483aae58}> (0x00000007483aae58) 
thrown [s\src\hotspot\share\prims\jni.cpp, line 516]
Event: 1067.174 Thread 0x000001b4f4847400 Exception <a 'java/lang/NoSuchMethodError'{0x000000074877cb90}: 'long java.lang.invoke.DirectMethodHandle$Holder.invokeStatic(java.lang.Object, java.lang.Object)'> (0x000000074877cb90) 
thrown [s\src\hotspot\share\interpreter\linkResolver.cpp, line 759]
Event: 1068.248 Thread 0x000001b4f1426ca0 Exception <a 'java/lang/NoSuchMethodError'{0x00000007449df418}: static Ljava/lang/Object;.<clinit>()V> (0x00000007449df418) 
thrown [s\src\hotspot\share\prims\jni.cpp, line 1107]
Event: 1093.428 Thread 0x000001b4f4786060 Exception <a 'sun/nio/fs/WindowsException'{0x00000007696be318}> (0x00000007696be318) 
thrown [s\src\hotspot\share\prims\jni.cpp, line 516]

VM Operations (20 events):
Event: 1080.731 Executing VM operation: Cleanup done
Event: 1082.731 Executing VM operation: Cleanup
Event: 1082.819 Executing VM operation: Cleanup done
Event: 1082.937 Executing VM operation: G1CollectForAllocation
Event: 1084.508 Executing VM operation: G1CollectForAllocation done
Event: 1084.528 Executing VM operation: HandshakeAllThreads
Event: 1084.529 Executing VM operation: HandshakeAllThreads done
Event: 1085.530 Executing VM operation: Cleanup
Event: 1085.766 Executing VM operation: Cleanup done
Event: 1087.766 Executing VM operation: Cleanup
Event: 1087.786 Executing VM operation: Cleanup done
Event: 1088.658 Executing VM operation: G1CollectForAllocation
Event: 1090.249 Executing VM operation: G1CollectForAllocation done
Event: 1090.754 Executing VM operation: G1CollectForAllocation
Event: 1091.810 Executing VM operation: G1CollectForAllocation done
Event: 1092.810 Executing VM operation: Cleanup
Event: 1093.239 Executing VM operation: Cleanup done
Event: 1094.239 Executing VM operation: Cleanup
Event: 1094.455 Executing VM operation: Cleanup done
Event: 1094.484 Executing VM operation: G1CollectForAllocation

Events (20 events):
Event: 1070.375 Thread 0x000001b4a9ee7ac0 flushing nmethod 0x000001b48adf9a10
Event: 1070.965 Thread 0x000001b4a9ee7ac0 flushing nmethod 0x000001b48af0d410
Event: 1071.453 Thread 0x000001b4a9ee7ac0 flushing nmethod 0x000001b48afa0710
Event: 1073.147 Thread 0x000001b4a9ee7ac0 flushing nmethod 0x000001b48b074610
Event: 1073.176 Thread 0x000001b4a9ee7ac0 flushing nmethod 0x000001b48b09a890
Event: 1073.178 Thread 0x000001b4a9ee7ac0 flushing nmethod 0x000001b48b0a2b90
Event: 1073.179 Thread 0x000001b4a9ee7ac0 flushing nmethod 0x000001b48b0a4610
Event: 1073.180 Thread 0x000001b4a9ee7ac0 flushing nmethod 0x000001b48b0a5c10
Event: 1073.197 Thread 0x000001b4a9ee7ac0 flushing nmethod 0x000001b48b0c1890
Event: 1073.942 Thread 0x000001b4a9ee7ac0 flushing nmethod 0x000001b48b0dc490
Event: 1074.017 Thread 0x000001b4a9ee7ac0 flushing nmethod 0x000001b48b0e8110
Event: 1076.060 Thread 0x000001b4a9ee7ac0 flushing nmethod 0x000001b48b215b90
Event: 1076.142 Thread 0x000001b4a9ee7ac0 flushing nmethod 0x000001b48b316790
Event: 1081.759 Thread 0x000001b4a9ee7ac0 flushing nmethod 0x000001b48b6da510
Event: 1081.760 Thread 0x000001b4a9ee7ac0 flushing nmethod 0x000001b48b6dae90
Event: 1081.764 Thread 0x000001b4a9ee7ac0 flushing nmethod 0x000001b48b6e9c10
Event: 1081.976 Thread 0x000001b4a9ee7ac0 flushing nmethod 0x000001b48b795990
Event: 1087.493 Thread 0x000001b4a9ee7ac0 flushing nmethod 0x000001b48bbde090
Event: 1093.406 Thread 0x000001b4a9ee7ac0 flushing nmethod 0x000001b48bf82510
Event: 1094.473 Thread 0x000001b4a9ee7ac0 flushing nmethod 0x000001b48c017d90


Dynamic libraries:
0x00007ff62cdb0000 - 0x00007ff62cdbe000 	C:\Users\prera\AppData\Local\Programs\Eclipse Adoptium\jdk-17.0.10.7-hotspot\bin\java.exe
0x00007ffca78e0000 - 0x00007ffca7b47000 	C:\WINDOWS\SYSTEM32\ntdll.dll
0x00007ffca6c30000 - 0x00007ffca6cf9000 	C:\WINDOWS\System32\KERNEL32.DLL
0x00007ffca43a0000 - 0x00007ffca4797000 	C:\WINDOWS\System32\KERNELBASE.dll
0x00007ffca49f0000 - 0x00007ffca4b3b000 	C:\WINDOWS\System32\ucrtbase.dll
0x00007ffc73690000 - 0x00007ffc736a7000 	C:\Users\prera\AppData\Local\Programs\Eclipse Adoptium\jdk-17.0.10.7-hotspot\bin\jli.dll
0x00007ffc737a0000 - 0x00007ffc737bb000 	C:\Users\prera\AppData\Local\Programs\Eclipse Adoptium\jdk-17.0.10.7-hotspot\bin\VCRUNTIME140.dll
0x00007ffca6520000 - 0x00007ffca66e6000 	C:\WINDOWS\System32\USER32.dll
0x00007ffca49c0000 - 0x00007ffca49e7000 	C:\WINDOWS\System32\win32u.dll
0x00007ffc7e2a0000 - 0x00007ffc7e532000 	C:\WINDOWS\WinSxS\amd64_microsoft.windows.common-controls_6595b64144ccf1df_6.0.26100.8457_none_3e0b2faee331e92d\COMCTL32.dll
0x00007ffca64f0000 - 0x00007ffca651b000 	C:\WINDOWS\System32\GDI32.dll
0x00007ffca5a10000 - 0x00007ffca5ab9000 	C:\WINDOWS\System32\msvcrt.dll
0x00007ffca53b0000 - 0x00007ffca54dc000 	C:\WINDOWS\System32\gdi32full.dll
0x00007ffca4860000 - 0x00007ffca4903000 	C:\WINDOWS\System32\msvcp_win.dll
0x00007ffca58d0000 - 0x00007ffca5902000 	C:\WINDOWS\System32\IMM32.DLL
0x00007ffc9f520000 - 0x00007ffc9f52c000 	C:\Users\prera\AppData\Local\Programs\Eclipse Adoptium\jdk-17.0.10.7-hotspot\bin\vcruntime140_1.dll
0x00007ffc2caa0000 - 0x00007ffc2cb2d000 	C:\Users\prera\AppData\Local\Programs\Eclipse Adoptium\jdk-17.0.10.7-hotspot\bin\msvcp140.dll
0x00007ffbc1e90000 - 0x00007ffbc2af2000 	C:\Users\prera\AppData\Local\Programs\Eclipse Adoptium\jdk-17.0.10.7-hotspot\bin\server\jvm.dll
0x00007ffca6f50000 - 0x00007ffca7006000 	C:\WINDOWS\System32\ADVAPI32.dll
0x00007ffca6ea0000 - 0x00007ffca6f47000 	C:\WINDOWS\System32\sechost.dll
0x00007ffca6240000 - 0x00007ffca6358000 	C:\WINDOWS\System32\RPCRT4.dll
0x00007ffc97890000 - 0x00007ffc978c6000 	C:\WINDOWS\SYSTEM32\WINMM.dll
0x00007ffca1450000 - 0x00007ffca145a000 	C:\WINDOWS\SYSTEM32\WSOCK32.dll
0x00007ffca4190000 - 0x00007ffca41ee000 	C:\WINDOWS\SYSTEM32\POWRPROF.dll
0x00007ffca7100000 - 0x00007ffca7180000 	C:\WINDOWS\System32\WS2_32.dll
0x00007ffc8fed0000 - 0x00007ffc8fedb000 	C:\WINDOWS\SYSTEM32\VERSION.dll
0x00007ffca4170000 - 0x00007ffca4184000 	C:\WINDOWS\SYSTEM32\UMPDC.dll
0x00007ffca30a0000 - 0x00007ffca30bb000 	C:\WINDOWS\SYSTEM32\kernel.appcore.dll
0x00007ffc73610000 - 0x00007ffc7361a000 	C:\Users\prera\AppData\Local\Programs\Eclipse Adoptium\jdk-17.0.10.7-hotspot\bin\jimage.dll
0x00007ffca2210000 - 0x00007ffca2452000 	C:\WINDOWS\SYSTEM32\DBGHELP.DLL
0x00007ffca7200000 - 0x00007ffca7583000 	C:\WINDOWS\System32\combase.dll
0x00007ffca57f0000 - 0x00007ffca58c9000 	C:\WINDOWS\System32\OLEAUT32.dll
0x00007ffc7ae20000 - 0x00007ffc7ae5b000 	C:\WINDOWS\SYSTEM32\dbgcore.DLL
0x00007ffca4910000 - 0x00007ffca49b8000 	C:\WINDOWS\System32\bcryptPrimitives.dll
0x00007ffc51020000 - 0x00007ffc5102e000 	C:\Users\prera\AppData\Local\Programs\Eclipse Adoptium\jdk-17.0.10.7-hotspot\bin\instrument.dll
0x00007ffc51a40000 - 0x00007ffc51a65000 	C:\Users\prera\AppData\Local\Programs\Eclipse Adoptium\jdk-17.0.10.7-hotspot\bin\java.dll
0x00007ffc1d3e0000 - 0x00007ffc1d4b7000 	C:\Users\prera\AppData\Local\Programs\Eclipse Adoptium\jdk-17.0.10.7-hotspot\bin\jsvml.dll
0x00007ffca5ac0000 - 0x00007ffca622e000 	C:\WINDOWS\System32\SHELL32.dll
0x00007ffca4b40000 - 0x00007ffca53ac000 	C:\WINDOWS\System32\windows.storage.dll
0x00007ffca5910000 - 0x00007ffca5a06000 	C:\WINDOWS\System32\SHCORE.dll
0x00007ffca7190000 - 0x00007ffca71f6000 	C:\WINDOWS\System32\shlwapi.dll
0x00007ffca4230000 - 0x00007ffca4259000 	C:\WINDOWS\SYSTEM32\profapi.dll
0x00007ffc4f220000 - 0x00007ffc4f238000 	C:\Users\prera\AppData\Local\Programs\Eclipse Adoptium\jdk-17.0.10.7-hotspot\bin\zip.dll
0x00007ffc5ea40000 - 0x00007ffc5ea59000 	C:\Users\prera\AppData\Local\Programs\Eclipse Adoptium\jdk-17.0.10.7-hotspot\bin\net.dll
0x00007ffc9af20000 - 0x00007ffc9b049000 	C:\WINDOWS\SYSTEM32\WINHTTP.dll
0x00007ffca3610000 - 0x00007ffca367c000 	C:\WINDOWS\system32\mswsock.dll
0x00007ffc4f240000 - 0x00007ffc4f256000 	C:\Users\prera\AppData\Local\Programs\Eclipse Adoptium\jdk-17.0.10.7-hotspot\bin\nio.dll
0x00007ffc73600000 - 0x00007ffc73610000 	C:\Users\prera\AppData\Local\Programs\Eclipse Adoptium\jdk-17.0.10.7-hotspot\bin\verify.dll
0x00007ffc73270000 - 0x00007ffc73297000 	C:\Users\prera\.gradle\native\1def1411415f61bf3af743bc5b6707747c0891f09f0c88961ee8f79bc544acac\windows-amd64\native-platform.dll
0x00007ffc2a0f0000 - 0x00007ffc2a168000 	C:\Users\prera\.gradle\native\0.2.7\x86_64-windows-gnu\gradle-fileevents.dll
0x00007ffc73450000 - 0x00007ffc73459000 	C:\Users\prera\AppData\Local\Programs\Eclipse Adoptium\jdk-17.0.10.7-hotspot\bin\management.dll
0x00007ffc73260000 - 0x00007ffc7326b000 	C:\Users\prera\AppData\Local\Programs\Eclipse Adoptium\jdk-17.0.10.7-hotspot\bin\management_ext.dll
0x00007ffca66f0000 - 0x00007ffca66f8000 	C:\WINDOWS\System32\PSAPI.DLL
0x00007ffca2a50000 - 0x00007ffca2a82000 	C:\WINDOWS\SYSTEM32\IPHLPAPI.DLL
0x00007ffca7590000 - 0x00007ffca759a000 	C:\WINDOWS\System32\NSI.dll
0x00007ffc9b460000 - 0x00007ffc9b47d000 	C:\WINDOWS\SYSTEM32\dhcpcsvc6.DLL
0x00007ffc9b1c0000 - 0x00007ffc9b1e5000 	C:\WINDOWS\SYSTEM32\dhcpcsvc.DLL
0x00007ffca2a90000 - 0x00007ffca2bc2000 	C:\WINDOWS\SYSTEM32\DNSAPI.dll
0x00007ffc51cd0000 - 0x00007ffc51cd9000 	C:\Users\prera\AppData\Local\Programs\Eclipse Adoptium\jdk-17.0.10.7-hotspot\bin\extnet.dll
0x00007ffca3900000 - 0x00007ffca391b000 	C:\WINDOWS\SYSTEM32\CRYPTSP.dll
0x00007ffca3000000 - 0x00007ffca3039000 	C:\WINDOWS\system32\rsaenh.dll
0x00007ffca36c0000 - 0x00007ffca36f3000 	C:\WINDOWS\SYSTEM32\USERENV.dll
0x00007ffca4200000 - 0x00007ffca422a000 	C:\WINDOWS\SYSTEM32\bcrypt.dll
0x00007ffca38f0000 - 0x00007ffca38fc000 	C:\WINDOWS\SYSTEM32\CRYPTBASE.dll
0x00007ffc50fc0000 - 0x00007ffc50fce000 	C:\Users\prera\AppData\Local\Programs\Eclipse Adoptium\jdk-17.0.10.7-hotspot\bin\sunmscapi.dll
0x00007ffca54e0000 - 0x00007ffca5658000 	C:\WINDOWS\System32\CRYPT32.dll
0x00007ffca3b10000 - 0x00007ffca3b40000 	C:\WINDOWS\SYSTEM32\ncrypt.dll
0x00007ffca3ac0000 - 0x00007ffca3aff000 	C:\WINDOWS\SYSTEM32\NTASN1.dll
0x00007ffc67de0000 - 0x00007ffc67de8000 	C:\WINDOWS\system32\wshunix.dll
0x00007ffca31c0000 - 0x00007ffca31f6000 	C:\WINDOWS\SYSTEM32\ntmarta.dll
0x00007ffc72540000 - 0x00007ffc72547000 	C:\Users\prera\AppData\Local\Programs\Eclipse Adoptium\jdk-17.0.10.7-hotspot\bin\rmi.dll

dbghelp: loaded successfully - version: 4.0.5 - missing functions: none
symbol engine: initialized successfully - sym options: 0x614 - pdb path: .;C:\Users\prera\AppData\Local\Programs\Eclipse Adoptium\jdk-17.0.10.7-hotspot\bin;C:\WINDOWS\SYSTEM32;C:\WINDOWS\WinSxS\amd64_microsoft.windows.common-controls_6595b64144ccf1df_6.0.26100.8457_none_3e0b2faee331e92d;C:\Users\prera\AppData\Local\Programs\Eclipse Adoptium\jdk-17.0.10.7-hotspot\bin\server;C:\Users\prera\.gradle\native\1def1411415f61bf3af743bc5b6707747c0891f09f0c88961ee8f79bc544acac\windows-amd64;C:\Users\prera\.gradle\native\0.2.7\x86_64-windows-gnu

VM Arguments:
jvm_args: --add-opens=java.base/java.lang=ALL-UNNAMED --add-opens=java.base/java.lang.invoke=ALL-UNNAMED --add-opens=java.base/java.util=ALL-UNNAMED --add-opens=java.prefs/java.util.prefs=ALL-UNNAMED --add-exports=jdk.compiler/com.sun.tools.javac.api=ALL-UNNAMED --add-exports=jdk.compiler/com.sun.tools.javac.util=ALL-UNNAMED --add-opens=java.base/java.util=ALL-UNNAMED --add-opens=java.prefs/java.util.prefs=ALL-UNNAMED --add-opens=java.base/java.nio.charset=ALL-UNNAMED --add-opens=java.base/java.net=ALL-UNNAMED --add-opens=java.base/java.util.concurrent.atomic=ALL-UNNAMED --add-opens=java.xml/javax.xml.namespace=ALL-UNNAMED -XX:MaxMetaspaceSize=1024m -Xmx6144m -Dfile.encoding=UTF-8 -Duser.country=IN -Duser.language=en -Duser.variant -javaagent:C:\Users\prera\.gradle\wrapper\dists\gradle-8.14.1-bin\baw1sv0jfoi8rxs14qo3h49cs\gradle-8.14.1\lib\agents\gradle-instrumentation-agent-8.14.1.jar 
java_command: org.gradle.launcher.daemon.bootstrap.GradleDaemon 8.14.1
java_class_path (initial): C:\Users\prera\.gradle\wrapper\dists\gradle-8.14.1-bin\baw1sv0jfoi8rxs14qo3h49cs\gradle-8.14.1\lib\gradle-daemon-main-8.14.1.jar
Launcher Type: SUN_STANDARD

[Global flags]
     intx CICompilerCount                          = 4                                         {product} {ergonomic}
   size_t CompressedClassSpaceSize                 = 872415232                                 {product} {ergonomic}
     uint ConcGCThreads                            = 3                                         {product} {ergonomic}
     uint G1ConcRefinementThreads                  = 10                                        {product} {ergonomic}
   size_t G1HeapRegionSize                         = 4194304                                   {product} {ergonomic}
    uintx GCDrainStackTargetSize                   = 64                                        {product} {ergonomic}
   size_t InitialHeapSize                          = 130023424                                 {product} {ergonomic}
   size_t MarkStackSize                            = 4194304                                   {product} {ergonomic}
   size_t MaxHeapSize                              = 6442450944                                {product} {command line}
   size_t MaxMetaspaceSize                         = 1073741824                                {product} {command line}
   size_t MaxNewSize                               = 3862953984                                {product} {ergonomic}
   size_t MinHeapDeltaBytes                        = 4194304                                   {product} {ergonomic}
   size_t MinHeapSize                              = 8388608                                   {product} {ergonomic}
    uintx NonNMethodCodeHeapSize                   = 5839372                                {pd product} {ergonomic}
    uintx NonProfiledCodeHeapSize                  = 122909434                              {pd product} {ergonomic}
    uintx ProfiledCodeHeapSize                     = 122909434                              {pd product} {ergonomic}
    uintx ReservedCodeCacheSize                    = 251658240                              {pd product} {ergonomic}
     bool SegmentedCodeCache                       = true                                      {product} {ergonomic}
   size_t SoftMaxHeapSize                          = 6442450944                             {manageable} {ergonomic}
     bool UseCompressedClassPointers               = true                           {product lp64_product} {ergonomic}
     bool UseCompressedOops                        = true                           {product lp64_product} {ergonomic}
     bool UseG1GC                                  = true                                      {product} {ergonomic}
     bool UseLargePagesIndividualAllocation        = false                                  {pd product} {ergonomic}

Logging:
Log output configuration:
 #0: stdout all=warning uptime,level,tags
 #1: stderr all=off uptime,level,tags

Environment Variables:
JAVA_HOME=C:\Users\prera\AppData\Local\Programs\Eclipse Adoptium\jdk-17.0.10.7-hotspot\
PATH=C:\Python314\Scripts\;C:\Python314\;C:\Program Files\Microsoft\jdk-17.0.11.9-hotspot\bin;C:\windows\system32;C:\windows;C:\windows\System32\Wbem;C:\windows\System32\WindowsPowerShell\v1.0\;C:\windows\System32\OpenSSH\;C:\ProgramData\chocolatey\bin;C:\Users\prera\AppData\Local\Android\Sdk\platform-tools;C:\Program Files\Git\cmd;C:\WINDOWS\system32;C:\WINDOWS;C:\WINDOWS\System32\Wbem;C:\WINDOWS\System32\WindowsPowerShell\v1.0\;C:\WINDOWS\System32\OpenSSH\;C:\Users\prera\AppData\Local\nvm;C:\nvm4w\nodejs;C:\Program Files\MongoDB\mongosh-2.5.6-win32-x64\bin;C:\Program Files\nodejs\;C:\Program Files\Docker\Docker\resources\bin;C:\Program Files\MongoDB\Tools\100\bin;C:\Users\prera\AppData\Local\Android\Sdk\tools;C:\Users\prera\AppData\Local\Programs\Eclipse Adoptium\jdk-17.0.10.7-hotspot\bin;C:\Users\prera\AppData\Local\Microsoft\WindowsApps;C:\Users\prera\AppData\Local\JetBrains\IntelliJ IDEA Community Edition 2023.2.5\bin;;C:\Users\prera\AppData\Local\Programs\Microsoft VS Code\bin;C:\Users\prera\AppData\Local\nvm;C:\nvm4w\nodejs;C:\Users\prera\AppData\Roaming\npm
USERNAME=prera
OS=Windows_NT
PROCESSOR_IDENTIFIER=Intel64 Family 6 Model 154 Stepping 4, GenuineIntel
TMP=C:\Users\prera\AppData\Local\Temp
TEMP=C:\Users\prera\AppData\Local\Temp



Periodic native trim disabled


---------------  S Y S T E M  ---------------

OS:
 Windows 11 , 64 bit Build 26100 (10.0.26100.8328)
OS uptime: 1 days 3:59 hours
Hyper-V role detected

CPU: total 12 (initial active 12) (6 cores per cpu, 2 threads per core) family 6 model 154 stepping 4 microcode 0x42c, cx8, cmov, fxsr, ht, mmx, 3dnowpref, sse, sse2, sse3, ssse3, sse4.1, sse4.2, popcnt, lzcnt, tsc, tscinvbit, avx, avx2, aes, erms, clmul, bmi1, bmi2, adx, sha, fma, vzeroupper, clflush, clflushopt, clwb, hv
Processor Information for processor 0
  Max Mhz: 1300, Current Mhz: 1300, Mhz Limit: 1300
Processor Information for processor 1
  Max Mhz: 1300, Current Mhz: 1300, Mhz Limit: 1300
Processor Information for processor 2
  Max Mhz: 1300, Current Mhz: 1300, Mhz Limit: 1300
Processor Information for processor 3
  Max Mhz: 1300, Current Mhz: 1300, Mhz Limit: 1300
Processor Information for processor 4
  Max Mhz: 1300, Current Mhz: 900, Mhz Limit: 897
Processor Information for processor 5
  Max Mhz: 1300, Current Mhz: 900, Mhz Limit: 897
Processor Information for processor 6
  Max Mhz: 1300, Current Mhz: 900, Mhz Limit: 897
Processor Information for processor 7
  Max Mhz: 1300, Current Mhz: 900, Mhz Limit: 897
Processor Information for processor 8
  Max Mhz: 1300, Current Mhz: 900, Mhz Limit: 897
Processor Information for processor 9
  Max Mhz: 1300, Current Mhz: 900, Mhz Limit: 897
Processor Information for processor 10
  Max Mhz: 1300, Current Mhz: 900, Mhz Limit: 897
Processor Information for processor 11
  Max Mhz: 1300, Current Mhz: 900, Mhz Limit: 897

Memory: 4k page, system-wide physical 7863M (9M free)
TotalPageFile size 32439M (AvailPageFile size 0M)
current process WorkingSet (physical memory assigned to process): 48M, peak: 1071M
current process commit charge ("private bytes"): 4611M, peak: 5507M

vm_info: OpenJDK 64-Bit Server VM (17.0.10+7) for windows-amd64 JRE (17.0.10+7), built on Jan 16 2024 23:25:11 by "admin" with MS VC++ 16.10 / 16.11 (VS2019)

END.
