#
# There is insufficient memory for the Java Runtime Environment to continue.
# Native memory allocation (mmap) failed to map 624951296 bytes for G1 virtual space
# Possible reasons:
#   The system is out of physical RAM or swap space
#   The process is running with CompressedOops enabled, and the Java Heap may be blocking the growth of the native heap
# Possible solutions:
#   Reduce memory load on the system
#   Increase physical memory or swap space
#   Check if swap backing store is full
#   Decrease Java heap size (-Xmx/-Xms)
#   Decrease number of Java threads
#   Decrease Java thread stack sizes (-Xss)
#   Set larger code cache with -XX:ReservedCodeCacheSize=
#   JVM is running with Zero Based Compressed Oops mode in which the Java heap is
#     placed in the first 32GB address space. The Java Heap base address is the
#     maximum limit for the native heap growth. Please use -XX:HeapBaseMinAddress
#     to set the Java Heap base and to place the Java Heap above 32GB virtual address.
# This output file may be truncated or incomplete.
#
#  Out of Memory Error (os_windows.cpp:3613), pid=21356, tid=13276
#
# JRE version: OpenJDK Runtime Environment Temurin-17.0.10+7 (17.0.10+7) (build 17.0.10+7)
# Java VM: OpenJDK 64-Bit Server VM Temurin-17.0.10+7 (17.0.10+7, mixed mode, sharing, tiered, compressed oops, compressed class ptrs, g1 gc, windows-amd64)
# No core dump will be written. Minidumps are not enabled by default on client versions of Windows
#

---------------  S U M M A R Y ------------

Command Line: --add-opens=java.base/java.lang=ALL-UNNAMED --add-opens=java.base/java.lang.invoke=ALL-UNNAMED --add-opens=java.base/java.util=ALL-UNNAMED --add-opens=java.prefs/java.util.prefs=ALL-UNNAMED --add-exports=jdk.compiler/com.sun.tools.javac.api=ALL-UNNAMED --add-exports=jdk.compiler/com.sun.tools.javac.util=ALL-UNNAMED --add-opens=java.base/java.util=ALL-UNNAMED --add-opens=java.prefs/java.util.prefs=ALL-UNNAMED --add-opens=java.base/java.nio.charset=ALL-UNNAMED --add-opens=java.base/java.net=ALL-UNNAMED --add-opens=java.base/java.util.concurrent.atomic=ALL-UNNAMED --add-opens=java.xml/javax.xml.namespace=ALL-UNNAMED -XX:MaxMetaspaceSize=1024m -Xmx6144m -Dfile.encoding=UTF-8 -Duser.country=IN -Duser.language=en -Duser.variant -javaagent:C:\Users\prera\.gradle\wrapper\dists\gradle-8.14.1-bin\baw1sv0jfoi8rxs14qo3h49cs\gradle-8.14.1\lib\agents\gradle-instrumentation-agent-8.14.1.jar org.gradle.launcher.daemon.bootstrap.GradleDaemon 8.14.1

Host: 12th Gen Intel(R) Core(TM) i5-1235U, 12 cores, 7G,  Windows 11 , 64 bit Build 26100 (10.0.26100.8328)
Time: Fri Jun 26 18:22:38 2026 India Standard Time elapsed time: 901.722062 seconds (0d 0h 15m 1s)

---------------  T H R E A D  ---------------

Current thread (0x00000216e310e620):  VMThread "VM Thread" [stack: 0x000000ecade00000,0x000000ecadf00000] [id=13276]

Stack: [0x000000ecade00000,0x000000ecadf00000]
Native frames: (J=compiled Java code, j=interpreted, Vv=VM code, C=native code)
V  [jvm.dll+0x67d2c9]
V  [jvm.dll+0x834afa]
V  [jvm.dll+0x8365be]
V  [jvm.dll+0x836c23]
V  [jvm.dll+0x2477ff]
V  [jvm.dll+0x67a109]
V  [jvm.dll+0x66eb7a]
V  [jvm.dll+0x30764b]
V  [jvm.dll+0x30eaf6]
V  [jvm.dll+0x35e83e]
V  [jvm.dll+0x35ea6f]
V  [jvm.dll+0x2de248]
V  [jvm.dll+0x2dc424]
V  [jvm.dll+0x2dba2c]
V  [jvm.dll+0x31faeb]
V  [jvm.dll+0x83b11b]
V  [jvm.dll+0x83be61]
V  [jvm.dll+0x83c37d]
V  [jvm.dll+0x83c754]
V  [jvm.dll+0x83c820]
V  [jvm.dll+0x7e3fba]
V  [jvm.dll+0x67c1b5]
C  [ucrtbase.dll+0x37b0]
C  [KERNEL32.DLL+0x2e957]
C  [ntdll.dll+0x427c]

VM_Operation (0x000000ecb30f95a0): G1CollectForAllocation, mode: safepoint, requested by thread 0x00000216ea545600


---------------  P R O C E S S  ---------------

Threads class SMR info:
_java_thread_list=0x00000216f7da7140, length=231, elements={
0x00000216bb9c0090, 0x00000216e3113b90, 0x00000216e3116670, 0x00000216e312ae30,
0x00000216e312b700, 0x00000216e312dfe0, 0x00000216e312e8b0, 0x00000216e312f4b0,
0x00000216e312fdc0, 0x00000216e3af00a0, 0x00000216e3c14c90, 0x00000216e3ceed70,
0x00000216e93b4330, 0x00000216e93b3400, 0x00000216e93b4840, 0x00000216e9926f20,
0x00000216e9927e50, 0x00000216e9928360, 0x00000216e992a6d0, 0x00000216e9929290,
0x00000216e992a1c0, 0x00000216e992ca40, 0x00000216ea469030, 0x00000216ea546020,
0x00000216ea546530, 0x00000216ea5488a0, 0x00000216ea548db0, 0x00000216ea5497d0,
0x00000216eeb63170, 0x00000216eeb61820, 0x00000216eeb66410, 0x00000216eeb64ac0,
0x00000216eeb66920, 0x00000216eeb65f00, 0x00000216eccb8c70, 0x00000216eccb9ba0,
0x00000216eccb7d40, 0x00000216eccb6e10, 0x00000216eccb7830, 0x00000216eccb63f0,
0x00000216eccb8250, 0x00000216eccb6900, 0x00000216eccba0b0, 0x00000216eccbafe0,
0x00000216eccbbf10, 0x00000216eccbaad0, 0x00000216eccb8760, 0x00000216eccbc420,
0x00000216eccba5c0, 0x00000216eccbc930, 0x00000216eccb9180, 0x00000216eccb9690,
0x00000216eccbb4f0, 0x00000216eccbba00, 0x00000216eccbce40, 0x00000216eccbd350,
0x00000216eccbd860, 0x00000216eccbdd70, 0x00000216ea465d90, 0x00000216ea4625e0,
0x00000216ea465880, 0x00000216ea464e60, 0x00000216ea4662a0, 0x00000216ea465370,
0x00000216ea462af0, 0x00000216ea4667b0, 0x00000216ea463a20, 0x00000216ea463000,
0x00000216ea464440, 0x00000216ea466cc0, 0x00000216ea463510, 0x00000216ea4676e0,
0x00000216ea4671d0, 0x00000216ea463f30, 0x00000216ea464950, 0x00000216ea546f50,
0x00000216ea5437a0, 0x00000216ea543cb0, 0x00000216ea547970, 0x00000216ea5446d0,
0x00000216ea545600, 0x00000216ea545b10, 0x00000216ea5441c0, 0x00000216ea54b120,
0x00000216ea547e80, 0x00000216ea54a1f0, 0x00000216ea5492c0, 0x00000216e9928870,
0x00000216e99250c0, 0x00000216e9927430, 0x00000216e9927940, 0x00000216e99255d0,
0x00000216e9926a10, 0x00000216e9925ae0, 0x00000216e9925ff0, 0x00000216e992abe0,
0x00000216e992b0f0, 0x00000216e992b600, 0x00000216e992bb10, 0x00000216e992c020,
0x00000216e992c530, 0x00000216eccaa380, 0x00000216eccaada0, 0x00000216eccab2b0,
0x00000216eccab7c0, 0x00000216ecca9450, 0x00000216ecca9960, 0x00000216ecca9e70,
0x00000216eeb61310, 0x00000216eeb659f0, 0x00000216eeb62c60, 0x00000216eeb67850,
0x00000216eeb67340, 0x00000216e93b4d50, 0x00000216e93b3e20, 0x00000216e8e34090,
0x00000216e8e359e0, 0x00000216e8e354d0, 0x00000216e8e33670, 0x00000216e8e33b80,
0x00000216e8e34ab0, 0x00000216e8e34fc0, 0x00000216e8e32230, 0x00000216e8e35ef0,
0x00000216e8e345a0, 0x00000216e8e32740, 0x00000216e8e36400, 0x00000216e8e32c50,
0x00000216e8e36910, 0x00000216e8e33160, 0x00000216e8e36e20, 0x00000216e8e37330,
0x00000216e8e37840, 0x00000216e8e39bb0, 0x00000216e8e38770, 0x00000216e8e38c80,
0x00000216e8e396a0, 0x00000216e8e37d50, 0x00000216e8e38260, 0x00000216e8e39190,
0x00000216ea548390, 0x00000216ec24dcb0, 0x00000216ec24d290, 0x00000216ec24e1c0,
0x00000216ec24f600, 0x00000216ec250a40, 0x00000216ec24e6d0, 0x00000216ec24d7a0,
0x00000216ec250530, 0x00000216ec24ebe0, 0x00000216ec24f0f0, 0x00000216ec24fb10,
0x00000216e3e5d8e0, 0x00000216e3e5ddf0, 0x00000216e3e5bf90, 0x00000216e3e5c4a0,
0x00000216e3e5e300, 0x00000216e3e5e810, 0x00000216e3e5b060, 0x00000216e3e5c9b0,
0x00000216e3e5cec0, 0x00000216e3e5d3d0, 0x00000216e3e5ed20, 0x00000216e3e5b570,
0x00000216e3e5f230, 0x00000216e3e5ba80, 0x00000216e3e61ab0, 0x00000216e3e629e0,
0x00000216e3e615a0, 0x00000216e3e5f740, 0x00000216e3e5fc50, 0x00000216e3e61090,
0x00000216e3e61fc0, 0x00000216e3e60160, 0x00000216e3e60670, 0x00000216e3e60b80,
0x00000216e3e624d0, 0x00000216ec250020, 0x00000216f52b0f00, 0x00000216f52b04e0,
0x00000216f52b1410, 0x00000216f52b1920, 0x00000216f52aeb90, 0x00000216f52b09f0,
0x00000216f52b5af0, 0x00000216eeb640a0, 0x00000216f531b450, 0x00000216f531cda0,
0x00000216f53195f0, 0x00000216f531d2b0, 0x00000216f531be70, 0x00000216f5325140,
0x00000216f5321990, 0x00000216f5325650, 0x00000216f53237f0, 0x00000216f5325b60,
0x00000216f53223b0, 0x00000216f5327ed0, 0x00000216f53279c0, 0x00000216f53288f0,
0x00000216f5326580, 0x00000216f53283e0, 0x00000216f5326a90, 0x00000216f52afac0,
0x00000216f5324720, 0x00000216f49a1550, 0x00000216f49a1f70, 0x00000216f41f27b0,
0x00000216f5746b80, 0x00000216f65ae940, 0x00000216f5747090, 0x00000216f94438a0,
0x00000216f41f31d0, 0x00000216f41f1880, 0x00000216f8109280, 0x00000216f4968c20,
0x00000216f65ad500, 0x00000216f6fa6ad0, 0x00000216f4967cf0, 0x00000216f7c03010,
0x00000216f7c03a30, 0x00000216f6fa4760, 0x00000216f7c02b00, 0x00000216f7c020e0,
0x00000216f6fa5180, 0x00000216f6fa3d40, 0x00000216f44f7fb0, 0x00000216f44f89d0,
0x00000216f44f7590, 0x00000216f6fa3320, 0x00000216f58d11e0
}

Java Threads: ( => current thread )
  0x00000216bb9c0090 JavaThread "main" [_thread_blocked, id=25612, stack(0x000000ecad800000,0x000000ecad900000)]
  0x00000216e3113b90 JavaThread "Reference Handler" daemon [_thread_blocked, id=23504, stack(0x000000ecadf00000,0x000000ecae000000)]
  0x00000216e3116670 JavaThread "Finalizer" daemon [_thread_blocked, id=28824, stack(0x000000ecae000000,0x000000ecae100000)]
  0x00000216e312ae30 JavaThread "Signal Dispatcher" daemon [_thread_blocked, id=27900, stack(0x000000ecae100000,0x000000ecae200000)]
  0x00000216e312b700 JavaThread "Attach Listener" daemon [_thread_blocked, id=7172, stack(0x000000ecae200000,0x000000ecae300000)]
  0x00000216e312dfe0 JavaThread "Service Thread" daemon [_thread_blocked, id=8060, stack(0x000000ecae300000,0x000000ecae400000)]
  0x00000216e312e8b0 JavaThread "Monitor Deflation Thread" daemon [_thread_blocked, id=28804, stack(0x000000ecae400000,0x000000ecae500000)]
  0x00000216e312f4b0 JavaThread "C2 CompilerThread0" daemon [_thread_blocked, id=25752, stack(0x000000ecae500000,0x000000ecae600000)]
  0x00000216e312fdc0 JavaThread "C1 CompilerThread0" daemon [_thread_blocked, id=10172, stack(0x000000ecae600000,0x000000ecae700000)]
  0x00000216e3af00a0 JavaThread "Sweeper thread" daemon [_thread_blocked, id=28080, stack(0x000000ecae700000,0x000000ecae800000)]
  0x00000216e3c14c90 JavaThread "Common-Cleaner" daemon [_thread_blocked, id=12852, stack(0x000000ecae800000,0x000000ecae900000)]
  0x00000216e3ceed70 JavaThread "Notification Thread" daemon [_thread_blocked, id=25312, stack(0x000000ecaea00000,0x000000ecaeb00000)]
  0x00000216e93b4330 JavaThread "Daemon health stats" [_thread_blocked, id=12316, stack(0x000000ecaf100000,0x000000ecaf200000)]
  0x00000216e93b3400 JavaThread "Incoming local TCP Connector on port 58950" [_thread_in_native, id=6456, stack(0x000000ecaee00000,0x000000ecaef00000)]
  0x00000216e93b4840 JavaThread "Daemon periodic checks" [_thread_blocked, id=29568, stack(0x000000ecaf200000,0x000000ecaf300000)]
  0x00000216e9926f20 JavaThread "Cache worker for journal cache (C:\Users\prera\.gradle\caches\journal-1)" [_thread_blocked, id=29520, stack(0x000000ecae900000,0x000000ecaea00000)]
  0x00000216e9927e50 JavaThread "File lock request listener" [_thread_in_native, id=17432, stack(0x000000ecafa00000,0x000000ecafb00000)]
  0x00000216e9928360 JavaThread "Cache worker for file hash cache (C:\Users\prera\.gradle\caches\8.14.1\fileHashes)" [_thread_blocked, id=7744, stack(0x000000ecafb00000,0x000000ecafc00000)]
  0x00000216e992a6d0 JavaThread "File watcher server" daemon [_thread_blocked, id=7864, stack(0x000000ecb0600000,0x000000ecb0700000)]
  0x00000216e9929290 JavaThread "File watcher consumer" daemon [_thread_blocked, id=15920, stack(0x000000ecb0700000,0x000000ecb0800000)]
  0x00000216e992a1c0 JavaThread "jar transforms" [_thread_blocked, id=15852, stack(0x000000ecb0900000,0x000000ecb0a00000)]
  0x00000216e992ca40 JavaThread "Cache worker for file content cache (C:\Users\prera\.gradle\caches\8.14.1\fileContent)" [_thread_blocked, id=14316, stack(0x000000ecb0a00000,0x000000ecb0b00000)]
  0x00000216ea469030 JavaThread "Memory manager" [_thread_blocked, id=10464, stack(0x000000ecb3700000,0x000000ecb3800000)]
  0x00000216ea546020 JavaThread "jar transforms Thread 2" [_thread_blocked, id=5788, stack(0x000000ecb9d00000,0x000000ecb9e00000)]
  0x00000216ea546530 JavaThread "jar transforms Thread 3" [_thread_blocked, id=22284, stack(0x000000ecb9f00000,0x000000ecba000000)]
  0x00000216ea5488a0 JavaThread "jar transforms Thread 4" [_thread_blocked, id=27916, stack(0x000000ecb9e00000,0x000000ecb9f00000)]
  0x00000216ea548db0 JavaThread "jar transforms Thread 5" [_thread_blocked, id=17844, stack(0x000000ecba800000,0x000000ecba900000)]
  0x00000216ea5497d0 JavaThread "jar transforms Thread 6" [_thread_blocked, id=14904, stack(0x000000ecba900000,0x000000ecbaa00000)]
  0x00000216eeb63170 JavaThread "jar transforms Thread 7" [_thread_blocked, id=27288, stack(0x000000ecbad00000,0x000000ecbae00000)]
  0x00000216eeb61820 JavaThread "jar transforms Thread 8" [_thread_blocked, id=17980, stack(0x000000ecbae00000,0x000000ecbaf00000)]
  0x00000216eeb66410 JavaThread "jar transforms Thread 9" [_thread_blocked, id=2916, stack(0x000000ecbaf00000,0x000000ecbb000000)]
  0x00000216eeb64ac0 JavaThread "jar transforms Thread 10" [_thread_blocked, id=24328, stack(0x000000ecbb000000,0x000000ecbb100000)]
  0x00000216eeb66920 JavaThread "jar transforms Thread 11" [_thread_blocked, id=8180, stack(0x000000ecbb100000,0x000000ecbb200000)]
  0x00000216eeb65f00 JavaThread "jar transforms Thread 12" [_thread_blocked, id=29244, stack(0x000000ecbb200000,0x000000ecbb300000)]
  0x00000216eccb8c70 JavaThread "Daemon Thread 2" [_thread_blocked, id=12492, stack(0x000000ecaf300000,0x000000ecaf400000)]
  0x00000216eccb9ba0 JavaThread "Handler for socket connection from /127.0.0.1:58950 to /127.0.0.1:53023" [_thread_in_native, id=22500, stack(0x000000ecaf400000,0x000000ecaf500000)]
  0x00000216eccb7d40 JavaThread "Cancel handler" [_thread_blocked, id=15260, stack(0x000000ecaf500000,0x000000ecaf600000)]
  0x00000216eccb6e10 JavaThread "Daemon worker Thread 2" [_thread_blocked, id=17936, stack(0x000000ecaf600000,0x000000ecaf700000)]
  0x00000216eccb7830 JavaThread "Asynchronous log dispatcher for DefaultDaemonConnection: socket connection from /127.0.0.1:58950 to /127.0.0.1:53023" [_thread_blocked, id=26944, stack(0x000000ecaf700000,0x000000ecaf800000)]
  0x00000216eccb63f0 JavaThread "Stdin handler" [_thread_blocked, id=6656, stack(0x000000ecaf800000,0x000000ecaf900000)]
  0x00000216eccb8250 JavaThread "Daemon client event forwarder" [_thread_blocked, id=15344, stack(0x000000ecaf900000,0x000000ecafa00000)]
  0x00000216eccb6900 JavaThread "Cache worker for file hash cache (C:\Users\prera\BJPApp\android\.gradle\8.14.1\fileHashes)" [_thread_blocked, id=28176, stack(0x000000ecb0100000,0x000000ecb0200000)]
  0x00000216eccba0b0 JavaThread "Cache worker for Build Output Cleanup Cache (C:\Users\prera\BJPApp\android\.gradle\buildOutputCleanup)" [_thread_blocked, id=6424, stack(0x000000ecb0200000,0x000000ecb0300000)]
  0x00000216eccbafe0 JavaThread "Cache worker for checksums cache (C:\Users\prera\BJPApp\android\.gradle\8.14.1\checksums)" [_thread_blocked, id=26436, stack(0x000000ecb0300000,0x000000ecb0400000)]
  0x00000216eccbbf10 JavaThread "Cache worker for cache directory md-supplier (C:\Users\prera\.gradle\caches\8.14.1\md-supplier)" [_thread_blocked, id=29552, stack(0x000000ecb0800000,0x000000ecb0900000)]
  0x00000216eccbaad0 JavaThread "Cache worker for cache directory md-rule (C:\Users\prera\.gradle\caches\8.14.1\md-rule)" [_thread_blocked, id=19764, stack(0x000000ecb0b00000,0x000000ecb0c00000)]
  0x00000216eccb8760 JavaThread "Cache worker for Build Output Cleanup Cache (C:\Users\prera\BJPApp\node_modules\@react-native\gradle-plugin\.gradle\buildOutputCleanup)" [_thread_blocked, id=27416, stack(0x000000ecb0c00000,0x000000ecb0d00000)]
  0x00000216eccbc420 JavaThread "Unconstrained build operations" [_thread_blocked, id=9616, stack(0x000000ecb0d00000,0x000000ecb0e00000)]
  0x00000216eccba5c0 JavaThread "Unconstrained build operations Thread 2" [_thread_blocked, id=25892, stack(0x000000ecb0e00000,0x000000ecb0f00000)]
  0x00000216eccbc930 JavaThread "Unconstrained build operations Thread 3" [_thread_blocked, id=28496, stack(0x000000ecb0f00000,0x000000ecb1000000)]
  0x00000216eccb9180 JavaThread "Unconstrained build operations Thread 4" [_thread_blocked, id=21892, stack(0x000000ecb1000000,0x000000ecb1100000)]
  0x00000216eccb9690 JavaThread "Unconstrained build operations Thread 5" [_thread_blocked, id=29236, stack(0x000000ecb1100000,0x000000ecb1200000)]
  0x00000216eccbb4f0 JavaThread "Unconstrained build operations Thread 6" [_thread_blocked, id=11956, stack(0x000000ecb1200000,0x000000ecb1300000)]
  0x00000216eccbba00 JavaThread "Unconstrained build operations Thread 7" [_thread_blocked, id=1104, stack(0x000000ecb1300000,0x000000ecb1400000)]
  0x00000216eccbce40 JavaThread "Unconstrained build operations Thread 8" [_thread_blocked, id=27772, stack(0x000000ecb1400000,0x000000ecb1500000)]
  0x00000216eccbd350 JavaThread "Unconstrained build operations Thread 9" [_thread_blocked, id=9192, stack(0x000000ecb1500000,0x000000ecb1600000)]
  0x00000216eccbd860 JavaThread "Unconstrained build operations Thread 10" [_thread_blocked, id=16716, stack(0x000000ecb1600000,0x000000ecb1700000)]
  0x00000216eccbdd70 JavaThread "Unconstrained build operations Thread 11" [_thread_blocked, id=4500, stack(0x000000ecb1700000,0x000000ecb1800000)]
  0x00000216ea465d90 JavaThread "Unconstrained build operations Thread 12" [_thread_blocked, id=16080, stack(0x000000ecb1800000,0x000000ecb1900000)]
  0x00000216ea4625e0 JavaThread "Unconstrained build operations Thread 13" [_thread_blocked, id=20820, stack(0x000000ecb1900000,0x000000ecb1a00000)]
  0x00000216ea465880 JavaThread "Unconstrained build operations Thread 14" [_thread_blocked, id=26560, stack(0x000000ecb1a00000,0x000000ecb1b00000)]
  0x00000216ea464e60 JavaThread "Unconstrained build operations Thread 15" [_thread_blocked, id=15348, stack(0x000000ecb1b00000,0x000000ecb1c00000)]
  0x00000216ea4662a0 JavaThread "Unconstrained build operations Thread 16" [_thread_blocked, id=22932, stack(0x000000ecb1c00000,0x000000ecb1d00000)]
  0x00000216ea465370 JavaThread "Unconstrained build operations Thread 17" [_thread_blocked, id=5368, stack(0x000000ecb1d00000,0x000000ecb1e00000)]
  0x00000216ea462af0 JavaThread "Unconstrained build operations Thread 18" [_thread_blocked, id=15240, stack(0x000000ecb1e00000,0x000000ecb1f00000)]
  0x00000216ea4667b0 JavaThread "Unconstrained build operations Thread 19" [_thread_blocked, id=23208, stack(0x000000ecb1f00000,0x000000ecb2000000)]
  0x00000216ea463a20 JavaThread "Unconstrained build operations Thread 20" [_thread_blocked, id=4748, stack(0x000000ecb2000000,0x000000ecb2100000)]
  0x00000216ea463000 JavaThread "Unconstrained build operations Thread 21" [_thread_blocked, id=12532, stack(0x000000ecb2100000,0x000000ecb2200000)]
  0x00000216ea464440 JavaThread "Unconstrained build operations Thread 22" [_thread_blocked, id=26448, stack(0x000000ecb2200000,0x000000ecb2300000)]
  0x00000216ea466cc0 JavaThread "Unconstrained build operations Thread 23" [_thread_blocked, id=14996, stack(0x000000ecb2300000,0x000000ecb2400000)]
  0x00000216ea463510 JavaThread "Unconstrained build operations Thread 24" [_thread_blocked, id=4524, stack(0x000000ecb2400000,0x000000ecb2500000)]
  0x00000216ea4676e0 JavaThread "Unconstrained build operations Thread 25" [_thread_blocked, id=23036, stack(0x000000ecb2500000,0x000000ecb2600000)]
  0x00000216ea4671d0 JavaThread "Unconstrained build operations Thread 26" [_thread_blocked, id=23004, stack(0x000000ecb2600000,0x000000ecb2700000)]
  0x00000216ea463f30 JavaThread "build event listener" [_thread_blocked, id=11600, stack(0x000000ecb2700000,0x000000ecb2800000)]
  0x00000216ea464950 JavaThread "ForkJoinPool.commonPool-worker-12" daemon [_thread_blocked, id=19884, stack(0x000000ecb2800000,0x000000ecb2900000)]
  0x00000216ea546f50 JavaThread "ForkJoinPool.commonPool-worker-13" daemon [_thread_blocked, id=4440, stack(0x000000ecb2900000,0x000000ecb2a00000)]
  0x00000216ea5437a0 JavaThread "Execution worker" [_thread_blocked, id=10860, stack(0x000000ecb2c00000,0x000000ecb2d00000)]
  0x00000216ea543cb0 JavaThread "Execution worker Thread 2" [_thread_blocked, id=25552, stack(0x000000ecb2d00000,0x000000ecb2e00000)]
  0x00000216ea547970 JavaThread "Execution worker Thread 3" [_thread_blocked, id=28596, stack(0x000000ecb2e00000,0x000000ecb2f00000)]
  0x00000216ea5446d0 JavaThread "Execution worker Thread 4" [_thread_blocked, id=12224, stack(0x000000ecb2f00000,0x000000ecb3000000)]
  0x00000216ea545600 JavaThread "Execution worker Thread 5" [_thread_blocked, id=10444, stack(0x000000ecb3000000,0x000000ecb3100000)]
  0x00000216ea545b10 JavaThread "Execution worker Thread 6" [_thread_blocked, id=28708, stack(0x000000ecb3100000,0x000000ecb3200000)]
  0x00000216ea5441c0 JavaThread "Execution worker Thread 7" [_thread_blocked, id=18920, stack(0x000000ecb3200000,0x000000ecb3300000)]
  0x00000216ea54b120 JavaThread "Execution worker Thread 8" [_thread_blocked, id=13996, stack(0x000000ecb3300000,0x000000ecb3400000)]
  0x00000216ea547e80 JavaThread "Execution worker Thread 9" [_thread_blocked, id=25448, stack(0x000000ecb3500000,0x000000ecb3600000)]
  0x00000216ea54a1f0 JavaThread "Execution worker Thread 10" [_thread_blocked, id=9420, stack(0x000000ecb3600000,0x000000ecb3700000)]
  0x00000216ea5492c0 JavaThread "Execution worker Thread 11" [_thread_blocked, id=13780, stack(0x000000ecb3800000,0x000000ecb3900000)]
  0x00000216e9928870 JavaThread "Cache worker for execution history cache (C:\Users\prera\BJPApp\node_modules\@react-native\gradle-plugin\.gradle\8.14.1\executionHistory)" [_thread_blocked, id=7288, stack(0x000000ecb3b00000,0x000000ecb3c00000)]
  0x00000216e99250c0 JavaThread "Unconstrained build operations Thread 27" [_thread_blocked, id=26172, stack(0x000000ecb4000000,0x000000ecb4100000)]
  0x00000216e9927430 JavaThread "Unconstrained build operations Thread 28" [_thread_blocked, id=27948, stack(0x000000ecb4100000,0x000000ecb4200000)]
  0x00000216e9927940 JavaThread "Unconstrained build operations Thread 29" [_thread_blocked, id=29112, stack(0x000000ecb4300000,0x000000ecb4400000)]
  0x00000216e99255d0 JavaThread "Unconstrained build operations Thread 30" [_thread_blocked, id=12712, stack(0x000000ecb4400000,0x000000ecb4500000)]
  0x00000216e9926a10 JavaThread "Unconstrained build operations Thread 31" [_thread_blocked, id=28800, stack(0x000000ecb4500000,0x000000ecb4600000)]
  0x00000216e9925ae0 JavaThread "Unconstrained build operations Thread 32" [_thread_blocked, id=24912, stack(0x000000ecb4600000,0x000000ecb4700000)]
  0x00000216e9925ff0 JavaThread "Unconstrained build operations Thread 33" [_thread_blocked, id=5320, stack(0x000000ecb4700000,0x000000ecb4800000)]
  0x00000216e992abe0 JavaThread "Unconstrained build operations Thread 34" [_thread_blocked, id=5696, stack(0x000000ecb4800000,0x000000ecb4900000)]
  0x00000216e992b0f0 JavaThread "Unconstrained build operations Thread 35" [_thread_blocked, id=18640, stack(0x000000ecb4900000,0x000000ecb4a00000)]
  0x00000216e992b600 JavaThread "Unconstrained build operations Thread 36" [_thread_blocked, id=20932, stack(0x000000ecb4a00000,0x000000ecb4b00000)]
  0x00000216e992bb10 JavaThread "Unconstrained build operations Thread 37" [_thread_blocked, id=29108, stack(0x000000ecb3d00000,0x000000ecb3e00000)]
  0x00000216e992c020 JavaThread "Unconstrained build operations Thread 38" [_thread_blocked, id=9612, stack(0x000000ecb4b00000,0x000000ecb4c00000)]
  0x00000216e992c530 JavaThread "Unconstrained build operations Thread 39" [_thread_blocked, id=9084, stack(0x000000ecb4c00000,0x000000ecb4d00000)]
  0x00000216eccaa380 JavaThread "Unconstrained build operations Thread 40" [_thread_blocked, id=6024, stack(0x000000ecb4d00000,0x000000ecb4e00000)]
  0x00000216eccaada0 JavaThread "Unconstrained build operations Thread 41" [_thread_blocked, id=3876, stack(0x000000ecb4e00000,0x000000ecb4f00000)]
  0x00000216eccab2b0 JavaThread "Unconstrained build operations Thread 42" [_thread_blocked, id=9884, stack(0x000000ecb4f00000,0x000000ecb5000000)]
  0x00000216eccab7c0 JavaThread "Unconstrained build operations Thread 43" [_thread_blocked, id=7508, stack(0x000000ecb5000000,0x000000ecb5100000)]
  0x00000216ecca9450 JavaThread "Unconstrained build operations Thread 44" [_thread_blocked, id=18780, stack(0x000000ecb5100000,0x000000ecb5200000)]
  0x00000216ecca9960 JavaThread "Unconstrained build operations Thread 45" [_thread_blocked, id=19620, stack(0x000000ecb5200000,0x000000ecb5300000)]
  0x00000216ecca9e70 JavaThread "Unconstrained build operations Thread 46" [_thread_blocked, id=18544, stack(0x000000ecb5300000,0x000000ecb5400000)]
  0x00000216eeb61310 JavaThread "Unconstrained build operations Thread 47" [_thread_blocked, id=14912, stack(0x000000ecb5400000,0x000000ecb5500000)]
  0x00000216eeb659f0 JavaThread "Unconstrained build operations Thread 48" [_thread_blocked, id=24352, stack(0x000000ecb5600000,0x000000ecb5700000)]
  0x00000216eeb62c60 JavaThread "Unconstrained build operations Thread 49" [_thread_blocked, id=21932, stack(0x000000ecb5700000,0x000000ecb5800000)]
  0x00000216eeb67850 JavaThread "Unconstrained build operations Thread 50" [_thread_blocked, id=26392, stack(0x000000ecb5800000,0x000000ecb5900000)]
  0x00000216eeb67340 JavaThread "Unconstrained build operations Thread 51" [_thread_blocked, id=13156, stack(0x000000ecb5900000,0x000000ecb5a00000)]
  0x00000216e93b4d50 JavaThread "Unconstrained build operations Thread 52" [_thread_blocked, id=19912, stack(0x000000ecb5a00000,0x000000ecb5b00000)]
  0x00000216e93b3e20 JavaThread "Unconstrained build operations Thread 53" [_thread_blocked, id=15308, stack(0x000000ecb5b00000,0x000000ecb5c00000)]
  0x00000216e8e34090 JavaThread "Unconstrained build operations Thread 54" [_thread_blocked, id=3164, stack(0x000000ecb5c00000,0x000000ecb5d00000)]
  0x00000216e8e359e0 JavaThread "Unconstrained build operations Thread 55" [_thread_blocked, id=23992, stack(0x000000ecb5d00000,0x000000ecb5e00000)]
  0x00000216e8e354d0 JavaThread "Unconstrained build operations Thread 56" [_thread_blocked, id=26840, stack(0x000000ecb5e00000,0x000000ecb5f00000)]
  0x00000216e8e33670 JavaThread "Unconstrained build operations Thread 57" [_thread_blocked, id=11116, stack(0x000000ecb5f00000,0x000000ecb6000000)]
  0x00000216e8e33b80 JavaThread "Unconstrained build operations Thread 58" [_thread_blocked, id=29256, stack(0x000000ecb6000000,0x000000ecb6100000)]
  0x00000216e8e34ab0 JavaThread "Unconstrained build operations Thread 59" [_thread_blocked, id=15628, stack(0x000000ecb6100000,0x000000ecb6200000)]
  0x00000216e8e34fc0 JavaThread "Unconstrained build operations Thread 60" [_thread_blocked, id=17752, stack(0x000000ecb6200000,0x000000ecb6300000)]
  0x00000216e8e32230 JavaThread "Unconstrained build operations Thread 61" [_thread_blocked, id=19596, stack(0x000000ecb6300000,0x000000ecb6400000)]
  0x00000216e8e35ef0 JavaThread "Unconstrained build operations Thread 62" [_thread_blocked, id=2200, stack(0x000000ecb6400000,0x000000ecb6500000)]
  0x00000216e8e345a0 JavaThread "Unconstrained build operations Thread 63" [_thread_blocked, id=13640, stack(0x000000ecb6500000,0x000000ecb6600000)]
  0x00000216e8e32740 JavaThread "Unconstrained build operations Thread 64" [_thread_blocked, id=28292, stack(0x000000ecb6600000,0x000000ecb6700000)]
  0x00000216e8e36400 JavaThread "Unconstrained build operations Thread 65" [_thread_blocked, id=23908, stack(0x000000ecb6700000,0x000000ecb6800000)]
  0x00000216e8e32c50 JavaThread "Unconstrained build operations Thread 66" [_thread_blocked, id=29592, stack(0x000000ecb6800000,0x000000ecb6900000)]
  0x00000216e8e36910 JavaThread "Unconstrained build operations Thread 67" [_thread_blocked, id=9944, stack(0x000000ecb6900000,0x000000ecb6a00000)]
  0x00000216e8e33160 JavaThread "Unconstrained build operations Thread 68" [_thread_blocked, id=3948, stack(0x000000ecb6a00000,0x000000ecb6b00000)]
  0x00000216e8e36e20 JavaThread "Unconstrained build operations Thread 69" [_thread_blocked, id=10476, stack(0x000000ecb6b00000,0x000000ecb6c00000)]
  0x00000216e8e37330 JavaThread "Unconstrained build operations Thread 70" [_thread_blocked, id=15004, stack(0x000000ecb5500000,0x000000ecb5600000)]
  0x00000216e8e37840 JavaThread "Unconstrained build operations Thread 71" [_thread_blocked, id=25288, stack(0x000000ecb6c00000,0x000000ecb6d00000)]
  0x00000216e8e39bb0 JavaThread "Unconstrained build operations Thread 72" [_thread_blocked, id=1712, stack(0x000000ecb6d00000,0x000000ecb6e00000)]
  0x00000216e8e38770 JavaThread "Unconstrained build operations Thread 73" [_thread_blocked, id=27976, stack(0x000000ecb6e00000,0x000000ecb6f00000)]
  0x00000216e8e38c80 JavaThread "Unconstrained build operations Thread 74" [_thread_blocked, id=24988, stack(0x000000ecb6f00000,0x000000ecb7000000)]
  0x00000216e8e396a0 JavaThread "Unconstrained build operations Thread 75" [_thread_blocked, id=9308, stack(0x000000ecb7000000,0x000000ecb7100000)]
  0x00000216e8e37d50 JavaThread "Unconstrained build operations Thread 76" [_thread_blocked, id=13004, stack(0x000000ecb7100000,0x000000ecb7200000)]
  0x00000216e8e38260 JavaThread "Unconstrained build operations Thread 77" [_thread_blocked, id=8132, stack(0x000000ecb7200000,0x000000ecb7300000)]
  0x00000216e8e39190 JavaThread "Unconstrained build operations Thread 78" [_thread_blocked, id=21668, stack(0x000000ecb7300000,0x000000ecb7400000)]
  0x00000216ea548390 JavaThread "Unconstrained build operations Thread 79" [_thread_blocked, id=10368, stack(0x000000ecb7400000,0x000000ecb7500000)]
  0x00000216ec24dcb0 JavaThread "Unconstrained build operations Thread 80" [_thread_blocked, id=3348, stack(0x000000ecb7500000,0x000000ecb7600000)]
  0x00000216ec24d290 JavaThread "Unconstrained build operations Thread 81" [_thread_blocked, id=28392, stack(0x000000ecb7600000,0x000000ecb7700000)]
  0x00000216ec24e1c0 JavaThread "Unconstrained build operations Thread 82" [_thread_blocked, id=13608, stack(0x000000ecb7700000,0x000000ecb7800000)]
  0x00000216ec24f600 JavaThread "Unconstrained build operations Thread 83" [_thread_blocked, id=22624, stack(0x000000ecb7800000,0x000000ecb7900000)]
  0x00000216ec250a40 JavaThread "Unconstrained build operations Thread 84" [_thread_blocked, id=20076, stack(0x000000ecb7900000,0x000000ecb7a00000)]
  0x00000216ec24e6d0 JavaThread "Unconstrained build operations Thread 85" [_thread_blocked, id=26068, stack(0x000000ecb7a00000,0x000000ecb7b00000)]
  0x00000216ec24d7a0 JavaThread "Unconstrained build operations Thread 86" [_thread_blocked, id=13596, stack(0x000000ecb7b00000,0x000000ecb7c00000)]
  0x00000216ec250530 JavaThread "Unconstrained build operations Thread 87" [_thread_blocked, id=29196, stack(0x000000ecb7c00000,0x000000ecb7d00000)]
  0x00000216ec24ebe0 JavaThread "Unconstrained build operations Thread 88" [_thread_blocked, id=3068, stack(0x000000ecb7d00000,0x000000ecb7e00000)]
  0x00000216ec24f0f0 JavaThread "Unconstrained build operations Thread 89" [_thread_blocked, id=13296, stack(0x000000ecb7e00000,0x000000ecb7f00000)]
  0x00000216ec24fb10 JavaThread "Unconstrained build operations Thread 90" [_thread_blocked, id=12872, stack(0x000000ecb7f00000,0x000000ecb8000000)]
  0x00000216e3e5d8e0 JavaThread "Unconstrained build operations Thread 91" [_thread_blocked, id=19056, stack(0x000000ecb8000000,0x000000ecb8100000)]
  0x00000216e3e5ddf0 JavaThread "Unconstrained build operations Thread 92" [_thread_blocked, id=16988, stack(0x000000ecb8100000,0x000000ecb8200000)]
  0x00000216e3e5bf90 JavaThread "Unconstrained build operations Thread 93" [_thread_blocked, id=13472, stack(0x000000ecb8200000,0x000000ecb8300000)]
  0x00000216e3e5c4a0 JavaThread "Unconstrained build operations Thread 94" [_thread_blocked, id=1248, stack(0x000000ecb8300000,0x000000ecb8400000)]
  0x00000216e3e5e300 JavaThread "Unconstrained build operations Thread 95" [_thread_blocked, id=17940, stack(0x000000ecb8400000,0x000000ecb8500000)]
  0x00000216e3e5e810 JavaThread "Unconstrained build operations Thread 96" [_thread_blocked, id=9604, stack(0x000000ecb8500000,0x000000ecb8600000)]
  0x00000216e3e5b060 JavaThread "Unconstrained build operations Thread 97" [_thread_blocked, id=20348, stack(0x000000ecb8600000,0x000000ecb8700000)]
  0x00000216e3e5c9b0 JavaThread "Unconstrained build operations Thread 98" [_thread_blocked, id=14456, stack(0x000000ecb8700000,0x000000ecb8800000)]
  0x00000216e3e5cec0 JavaThread "Unconstrained build operations Thread 99" [_thread_blocked, id=23752, stack(0x000000ecb8800000,0x000000ecb8900000)]
  0x00000216e3e5d3d0 JavaThread "Unconstrained build operations Thread 100" [_thread_blocked, id=29164, stack(0x000000ecb8900000,0x000000ecb8a00000)]
  0x00000216e3e5ed20 JavaThread "Unconstrained build operations Thread 101" [_thread_blocked, id=16336, stack(0x000000ecb8a00000,0x000000ecb8b00000)]
  0x00000216e3e5b570 JavaThread "build event listener" [_thread_blocked, id=22744, stack(0x000000ecb8b00000,0x000000ecb8c00000)]
  0x00000216e3e5f230 JavaThread "Problems report writer" [_thread_blocked, id=25252, stack(0x000000ecb8c00000,0x000000ecb8d00000)]
  0x00000216e3e5ba80 JavaThread "Unconstrained build operations Thread 102" [_thread_blocked, id=17460, stack(0x000000ecb8e00000,0x000000ecb8f00000)]
  0x00000216e3e61ab0 JavaThread "Unconstrained build operations Thread 103" [_thread_blocked, id=25340, stack(0x000000ecb8f00000,0x000000ecb9000000)]
  0x00000216e3e629e0 JavaThread "Unconstrained build operations Thread 104" [_thread_blocked, id=11748, stack(0x000000ecb9000000,0x000000ecb9100000)]
  0x00000216e3e615a0 JavaThread "Unconstrained build operations Thread 105" [_thread_blocked, id=5208, stack(0x000000ecb9100000,0x000000ecb9200000)]
  0x00000216e3e5f740 JavaThread "Unconstrained build operations Thread 106" [_thread_blocked, id=6660, stack(0x000000ecb9200000,0x000000ecb9300000)]
  0x00000216e3e5fc50 JavaThread "Unconstrained build operations Thread 107" [_thread_blocked, id=10256, stack(0x000000ecb9300000,0x000000ecb9400000)]
  0x00000216e3e61090 JavaThread "Unconstrained build operations Thread 108" [_thread_blocked, id=2176, stack(0x000000ecb9400000,0x000000ecb9500000)]
  0x00000216e3e61fc0 JavaThread "Unconstrained build operations Thread 109" [_thread_blocked, id=9328, stack(0x000000ecb9500000,0x000000ecb9600000)]
  0x00000216e3e60160 JavaThread "Unconstrained build operations Thread 110" [_thread_blocked, id=21200, stack(0x000000ecb9600000,0x000000ecb9700000)]
  0x00000216e3e60670 JavaThread "Unconstrained build operations Thread 111" [_thread_blocked, id=15356, stack(0x000000ecb9700000,0x000000ecb9800000)]
  0x00000216e3e60b80 JavaThread "Unconstrained build operations Thread 112" [_thread_blocked, id=22256, stack(0x000000ecb9800000,0x000000ecb9900000)]
  0x00000216e3e624d0 JavaThread "Unconstrained build operations Thread 113" [_thread_blocked, id=14936, stack(0x000000ecb9900000,0x000000ecb9a00000)]
  0x00000216ec250020 JavaThread "Unconstrained build operations Thread 114" [_thread_blocked, id=27228, stack(0x000000ecb9a00000,0x000000ecb9b00000)]
  0x00000216f52b0f00 JavaThread "Unconstrained build operations Thread 115" [_thread_blocked, id=10588, stack(0x000000ecb9b00000,0x000000ecb9c00000)]
  0x00000216f52b04e0 JavaThread "Unconstrained build operations Thread 116" [_thread_blocked, id=28900, stack(0x000000ecb9c00000,0x000000ecb9d00000)]
  0x00000216f52b1410 JavaThread "Unconstrained build operations Thread 117" [_thread_blocked, id=10080, stack(0x000000ecba000000,0x000000ecba100000)]
  0x00000216f52b1920 JavaThread "Unconstrained build operations Thread 118" [_thread_blocked, id=23972, stack(0x000000ecba100000,0x000000ecba200000)]
  0x00000216f52aeb90 JavaThread "Unconstrained build operations Thread 119" [_thread_blocked, id=16700, stack(0x000000ecba200000,0x000000ecba300000)]
  0x00000216f52b09f0 JavaThread "Unconstrained build operations Thread 120" [_thread_blocked, id=2168, stack(0x000000ecba300000,0x000000ecba400000)]
  0x00000216f52b5af0 JavaThread "included builds Thread 2" [_thread_blocked, id=12592, stack(0x000000ecba600000,0x000000ecba700000)]
  0x00000216eeb640a0 JavaThread "Cache worker for execution history cache (C:\Users\prera\BJPApp\android\.gradle\8.14.1\executionHistory)" [_thread_blocked, id=10160, stack(0x000000ecba700000,0x000000ecba800000)]
  0x00000216f531b450 JavaThread "WorkerExecutor Queue Thread 3" [_thread_blocked, id=29636, stack(0x000000ecbac00000,0x000000ecbad00000)]
  0x00000216f531cda0 JavaThread "WorkerExecutor Queue Thread 8" [_thread_blocked, id=17748, stack(0x000000ecbba00000,0x000000ecbbb00000)]
  0x00000216f53195f0 JavaThread "WorkerExecutor Queue Thread 9" [_thread_blocked, id=27688, stack(0x000000ecbbb00000,0x000000ecbbc00000)]
  0x00000216f531d2b0 JavaThread "WorkerExecutor Queue Thread 10" [_thread_blocked, id=16676, stack(0x000000ecbbc00000,0x000000ecbbd00000)]
  0x00000216f531be70 JavaThread "Cache worker for Java compile cache (C:\Users\prera\.gradle\caches\8.14.1\javaCompile)" [_thread_blocked, id=27520, stack(0x000000ecad700000,0x000000ecad800000)]
  0x00000216f5325140 JavaThread "Build operations" [_thread_blocked, id=29460, stack(0x000000ecad600000,0x000000ecad700000)]
  0x00000216f5321990 JavaThread "Build operations Thread 2" [_thread_blocked, id=17664, stack(0x000000ecb3a00000,0x000000ecb3b00000)]
  0x00000216f5325650 JavaThread "Build operations Thread 3" [_thread_blocked, id=11696, stack(0x000000ecb4200000,0x000000ecb4300000)]
  0x00000216f53237f0 JavaThread "Build operations Thread 4" [_thread_blocked, id=25664, stack(0x000000ecb8d00000,0x000000ecb8e00000)]
  0x00000216f5325b60 JavaThread "Build operations Thread 5" [_thread_blocked, id=12596, stack(0x000000ecbb700000,0x000000ecbb800000)]
  0x00000216f53223b0 JavaThread "Build operations Thread 6" [_thread_blocked, id=17988, stack(0x000000ecbbf00000,0x000000ecbc000000)]
  0x00000216f5327ed0 JavaThread "Build operations Thread 7" [_thread_blocked, id=15136, stack(0x000000ecbc000000,0x000000ecbc100000)]
  0x00000216f53279c0 JavaThread "Build operations Thread 9" [_thread_blocked, id=10076, stack(0x000000ecbc100000,0x000000ecbc200000)]
  0x00000216f53288f0 JavaThread "Build operations Thread 8" [_thread_blocked, id=13944, stack(0x000000ecbc200000,0x000000ecbc300000)]
  0x00000216f5326580 JavaThread "Build operations Thread 10" [_thread_blocked, id=12460, stack(0x000000ecbc300000,0x000000ecbc400000)]
  0x00000216f53283e0 JavaThread "Build operations Thread 11" [_thread_blocked, id=6212, stack(0x000000ecbc400000,0x000000ecbc500000)]
  0x00000216f5326a90 JavaThread "Build operations Thread 12" [_thread_blocked, id=3944, stack(0x000000ecbc500000,0x000000ecbc600000)]
  0x00000216f52afac0 JavaThread "WorkerExecutor Queue Thread 14" [_thread_blocked, id=15244, stack(0x000000ecbc900000,0x000000ecbca00000)]
  0x00000216f5324720 JavaThread "WorkerExecutor Queue Thread 15" [_thread_blocked, id=25276, stack(0x000000ecb2b00000,0x000000ecb2c00000)]
  0x00000216f49a1550 JavaThread "RMI Scheduler(0)" daemon [_thread_blocked, id=28324, stack(0x000000ecbab00000,0x000000ecbac00000)]
  0x00000216f49a1f70 JavaThread "RMI RenewClean-[127.0.0.1:17135,org.jetbrains.kotlin.daemon.common.LoopbackNetworkInterface$ClientLoopbackSocketFactory@19ef3d26]" daemon [_thread_blocked, id=11172, stack(0x000000ecbc600000,0x000000ecbc700000)]
  0x00000216f41f27b0 JavaThread "RMI GC Daemon" daemon [_thread_blocked, id=9876, stack(0x000000ecbca00000,0x000000ecbcb00000)]
  0x00000216f5746b80 JavaThread "RMI RenewClean-[127.0.0.1:17135,org.jetbrains.kotlin.daemon.common.LoopbackNetworkInterface$ClientLoopbackSocketFactory@7221c3b2]" daemon [_thread_blocked, id=29464, stack(0x000000ecbcb00000,0x000000ecbcc00000)]
  0x00000216f65ae940 JavaThread "RMI RenewClean-[127.0.0.1:17135,org.jetbrains.kotlin.daemon.common.LoopbackNetworkInterface$ClientLoopbackSocketFactory@7c4fbff2]" daemon [_thread_blocked, id=2936, stack(0x000000ecbcc00000,0x000000ecbcd00000)]
  0x00000216f5747090 JavaThread "RMI RenewClean-[127.0.0.1:17135,org.jetbrains.kotlin.daemon.common.LoopbackNetworkInterface$ClientLoopbackSocketFactory@c71a3dc]" daemon [_thread_blocked, id=14880, stack(0x000000ecbcd00000,0x000000ecbce00000)]
  0x00000216f94438a0 JavaThread "RMI RenewClean-[127.0.0.1:17135,org.jetbrains.kotlin.daemon.common.LoopbackNetworkInterface$ClientLoopbackSocketFactory@4503d5f]" daemon [_thread_blocked, id=18804, stack(0x000000ecbce00000,0x000000ecbcf00000)]
  0x00000216f41f31d0 JavaThread "RMI TCP Accept-0" daemon [_thread_in_native, id=5860, stack(0x000000ecbcf00000,0x000000ecbd000000)]
  0x00000216f41f1880 JavaThread "RMI Reaper" [_thread_blocked, id=16428, stack(0x000000ecbd000000,0x000000ecbd100000)]
  0x00000216f8109280 JavaThread "WorkerExecutor Queue Thread 17" [_thread_blocked, id=22160, stack(0x000000ecbb800000,0x000000ecbb900000)]
  0x00000216f4968c20 JavaThread "WorkerExecutor Queue Thread 18" [_thread_blocked, id=11424, stack(0x000000ecbd900000,0x000000ecbda00000)]
  0x00000216f65ad500 JavaThread "WorkerExecutor Queue Thread 21" [_thread_blocked, id=15128, stack(0x000000ecb3c00000,0x000000ecb3d00000)]
  0x00000216f6fa6ad0 JavaThread "WorkerExecutor Queue Thread 24" [_thread_blocked, id=21384, stack(0x000000ecbb600000,0x000000ecbb700000)]
  0x00000216f4967cf0 JavaThread "Exec process Thread 7" [_thread_in_native, id=16828, stack(0x000000ecad500000,0x000000ecad600000)]
  0x00000216f7c03010 JavaThread "Exec process Thread 8" [_thread_in_native, id=28576, stack(0x000000ecbbe00000,0x000000ecbbf00000)]
  0x00000216f7c03a30 JavaThread "Exec process Thread 9" [_thread_in_native, id=23388, stack(0x000000ecbc800000,0x000000ecbc900000)]
  0x00000216f6fa4760 JavaThread "Exec process Thread 10" [_thread_blocked, id=9644, stack(0x000000ecbbd00000,0x000000ecbbe00000)]
  0x00000216f7c02b00 JavaThread "Exec process Thread 11" [_thread_blocked, id=21732, stack(0x000000ecbd100000,0x000000ecbd200000)]
  0x00000216f7c020e0 JavaThread "Exec process Thread 12" [_thread_blocked, id=11580, stack(0x000000ecbd200000,0x000000ecbd300000)]
  0x00000216f6fa5180 JavaThread "WorkerExecutor Queue Thread 25" [_thread_blocked, id=10720, stack(0x000000ecb3e00000,0x000000ecb3f00000)]
  0x00000216f6fa3d40 JavaThread "RMI TCP Connection(idle)" daemon [_thread_blocked, id=29252, stack(0x000000ecbb900000,0x000000ecbba00000)]
  0x00000216f44f7fb0 JavaThread "pool-5-thread-1" [_thread_blocked, id=19736, stack(0x000000ecbd700000,0x000000ecbd800000)]
  0x00000216f44f89d0 JavaThread "stderr" [_thread_in_native, id=5968, stack(0x000000ecbd800000,0x000000ecbd900000)]
  0x00000216f44f7590 JavaThread "stdout" [_thread_in_native, id=27624, stack(0x000000ecbda00000,0x000000ecbdb00000)]
  0x00000216f6fa3320 JavaThread "WorkerExecutor Queue Thread 26" [_thread_blocked, id=7948, stack(0x000000ecb3900000,0x000000ecb3a00000)]
  0x00000216f58d11e0 JavaThread "C2 CompilerThread1" daemon [_thread_in_native, id=19292, stack(0x000000ecba400000,0x000000ecba500000)]

Other Threads:
=>0x00000216e310e620 VMThread "VM Thread" [stack: 0x000000ecade00000,0x000000ecadf00000] [id=13276]
  0x00000216e3cefa60 WatcherThread [stack: 0x000000ecaeb00000,0x000000ecaec00000] [id=21312]
  0x00000216bba4ba60 GCTaskThread "GC Thread#0" [stack: 0x000000ecad900000,0x000000ecada00000] [id=12280]
  0x00000216e3cf1d20 GCTaskThread "GC Thread#1" [stack: 0x000000ecaec00000,0x000000ecaed00000] [id=29580]
  0x00000216e817b540 GCTaskThread "GC Thread#2" [stack: 0x000000ecaed00000,0x000000ecaee00000] [id=9796]
  0x00000216e84c21e0 GCTaskThread "GC Thread#3" [stack: 0x000000ecaef00000,0x000000ecaf000000] [id=20256]
  0x00000216e84c24a0 GCTaskThread "GC Thread#4" [stack: 0x000000ecaf000000,0x000000ecaf100000] [id=9264]
  0x00000216ea26a430 GCTaskThread "GC Thread#5" [stack: 0x000000ecafc00000,0x000000ecafd00000] [id=27012]
  0x00000216e9e6df80 GCTaskThread "GC Thread#6" [stack: 0x000000ecafd00000,0x000000ecafe00000] [id=28084]
  0x00000216ea232a30 GCTaskThread "GC Thread#7" [stack: 0x000000ecafe00000,0x000000ecaff00000] [id=1856]
  0x00000216ea232cf0 GCTaskThread "GC Thread#8" [stack: 0x000000ecaff00000,0x000000ecb0000000] [id=15448]
  0x00000216eadce970 GCTaskThread "GC Thread#9" [stack: 0x000000ecb0000000,0x000000ecb0100000] [id=13324]
  0x00000216bba59590 ConcurrentGCThread "G1 Main Marker" [stack: 0x000000ecada00000,0x000000ecadb00000] [id=3564]
  0x00000216bba5b510 ConcurrentGCThread "G1 Conc#0" [stack: 0x000000ecadb00000,0x000000ecadc00000] [id=10384]
  0x00000216ea12a700 ConcurrentGCThread "G1 Conc#1" [stack: 0x000000ecb0400000,0x000000ecb0500000] [id=25196]
  0x00000216ea12a180 ConcurrentGCThread "G1 Conc#2" [stack: 0x000000ecb0500000,0x000000ecb0600000] [id=2240]
  0x00000216e2fcdde0 ConcurrentGCThread "G1 Refine#0" [stack: 0x000000ecadc00000,0x000000ecadd00000] [id=10752]
  0x00000216e8c0b9d0 ConcurrentGCThread "G1 Refine#1" [stack: 0x000000ecb3400000,0x000000ecb3500000] [id=2456]
  0x00000216ec817d70 ConcurrentGCThread "G1 Refine#2" [stack: 0x000000ecbaa00000,0x000000ecbab00000] [id=16048]
  0x00000216ec8194f0 ConcurrentGCThread "G1 Refine#3" [stack: 0x000000ecbb300000,0x000000ecbb400000] [id=14960]
  0x00000216ec819ad0 ConcurrentGCThread "G1 Refine#4" [stack: 0x000000ecbb400000,0x000000ecbb500000] [id=28388]
  0x00000216ec8171b0 ConcurrentGCThread "G1 Refine#5" [stack: 0x000000ecbb500000,0x000000ecbb600000] [id=25548]
  0x00000216f34b23a0 ConcurrentGCThread "G1 Refine#6" [stack: 0x000000ecba500000,0x000000ecba600000] [id=26656]
  0x00000216edb0e770 ConcurrentGCThread "G1 Refine#7" [stack: 0x000000ecbc700000,0x000000ecbc800000] [id=2860]
  0x00000216e2fce5c0 ConcurrentGCThread "G1 Service" [stack: 0x000000ecadd00000,0x000000ecade00000] [id=2072]

Threads with active compile tasks:
C2 CompilerThread0   901974 47157 %     4       com.android.tools.r8.internal.Ed::a @ 3319 (4363 bytes)
C1 CompilerThread0   901975 47298       3       com.android.tools.r8.internal.xY::b (1939 bytes)
C2 CompilerThread1   901975 47150 %     4       com.android.tools.r8.internal.pn::b @ 384 (3711 bytes)

VM state: at safepoint (normal execution)

VM Mutex/Monitor currently owned by a thread:  ([mutex/lock_event])
[0x00000216bb9bbce0] Threads_lock - owner thread: 0x00000216e310e620
[0x00000216bb9ba930] Heap_lock - owner thread: 0x00000216ea545600

Heap address: 0x0000000680000000, size: 6144 MB, Compressed Oops mode: Zero based, Oop shift amount: 3

CDS archive(s) mapped at: [0x0000021680000000-0x0000021680bb0000-0x0000021680bb0000), size 12255232, SharedBaseAddress: 0x0000021680000000, ArchiveRelocationMode: 1.
Compressed class space mapped at: 0x0000021681000000-0x00000216b5000000, reserved size: 872415232
Narrow klass base: 0x0000021680000000, Narrow klass shift: 0, Narrow klass range: 0x100000000

GC Precious Log:
 CPUs: 12 total, 12 available
 Memory: 7863M
 Large Page Support: Disabled
 NUMA Support: Disabled
 Compressed Oops: Enabled (Zero based)
 Heap Region Size: 4M
 Heap Min Capacity: 8M
 Heap Initial Capacity: 124M
 Heap Max Capacity: 6G
 Pre-touch: Disabled
 Parallel Workers: 10
 Concurrent Workers: 3
 Concurrent Refinement Workers: 10
 Periodic GC: Disabled

Heap:
 garbage-first heap   total 2842624K, used 893120K [0x0000000680000000, 0x0000000800000000)
  region size 4096K, 4 young (16384K), 4 survivors (16384K)
 Metaspace       used 195810K, committed 199168K, reserved 1048576K
  class space    used 26576K, committed 28096K, reserved 851968K

Heap Regions: E=young(eden), S=young(survivor), O=old, HS=humongous(starts), HC=humongous(continues), CS=collection set, F=free, OA=open archive, CA=closed archive, TAMS=top-at-mark-start (previous, next)
|   0|0x0000000680000000, 0x0000000680400000, 0x0000000680400000|100%|HS|  |TAMS 0x0000000680400000, 0x0000000680000000| Complete 
|   1|0x0000000680400000, 0x0000000680800000, 0x0000000680800000|100%| O|  |TAMS 0x0000000680800000, 0x0000000680400000| Untracked 
|   2|0x0000000680800000, 0x0000000680c00000, 0x0000000680c00000|100%| O|  |TAMS 0x0000000680c00000, 0x0000000680800000| Untracked 
|   3|0x0000000680c00000, 0x0000000681000000, 0x0000000681000000|100%| O|  |TAMS 0x0000000681000000, 0x0000000680c00000| Untracked 
|   4|0x0000000681000000, 0x0000000681400000, 0x0000000681400000|100%| O|  |TAMS 0x0000000681400000, 0x0000000681000000| Untracked 
|   5|0x0000000681400000, 0x0000000681800000, 0x0000000681800000|100%| O|  |TAMS 0x0000000681800000, 0x0000000681400000| Untracked 
|   6|0x0000000681800000, 0x0000000681c00000, 0x0000000681c00000|100%| O|  |TAMS 0x0000000681c00000, 0x0000000681800000| Untracked 
|   7|0x0000000681c00000, 0x0000000682000000, 0x0000000682000000|100%| O|  |TAMS 0x0000000682000000, 0x0000000681c00000| Untracked 
|   8|0x0000000682000000, 0x0000000682400000, 0x0000000682400000|100%| O|  |TAMS 0x0000000682400000, 0x0000000682000000| Untracked 
|   9|0x0000000682400000, 0x0000000682800000, 0x0000000682800000|100%|HS|  |TAMS 0x0000000682800000, 0x0000000682400000| Complete 
|  10|0x0000000682800000, 0x0000000682c00000, 0x0000000682c00000|100%| O|  |TAMS 0x0000000682c00000, 0x0000000682800000| Untracked 
|  11|0x0000000682c00000, 0x0000000683000000, 0x0000000683000000|100%|HS|  |TAMS 0x0000000683000000, 0x0000000682c00000| Complete 
|  12|0x0000000683000000, 0x0000000683400000, 0x0000000683400000|100%| O|  |TAMS 0x0000000683400000, 0x0000000683000000| Untracked 
|  13|0x0000000683400000, 0x0000000683800000, 0x0000000683800000|100%| O|  |TAMS 0x0000000683400000, 0x0000000683400000| Untracked 
|  14|0x0000000683800000, 0x0000000683c00000, 0x0000000683c00000|100%| O|  |TAMS 0x0000000683c00000, 0x0000000683800000| Untracked 
|  15|0x0000000683c00000, 0x0000000684000000, 0x0000000684000000|100%| O|  |TAMS 0x0000000684000000, 0x0000000683c00000| Untracked 
|  16|0x0000000684000000, 0x0000000684400000, 0x0000000684400000|100%| O|  |TAMS 0x0000000684400000, 0x0000000684000000| Untracked 
|  17|0x0000000684400000, 0x0000000684800000, 0x0000000684800000|100%| O|  |TAMS 0x0000000684400000, 0x0000000684400000| Untracked 
|  18|0x0000000684800000, 0x0000000684c00000, 0x0000000684c00000|100%| O|  |TAMS 0x0000000684c00000, 0x0000000684800000| Untracked 
|  19|0x0000000684c00000, 0x0000000685000000, 0x0000000685000000|100%|HS|  |TAMS 0x0000000685000000, 0x0000000684c00000| Complete 
|  20|0x0000000685000000, 0x0000000685400000, 0x0000000685400000|100%| O|  |TAMS 0x0000000685000000, 0x0000000685000000| Untracked 
|  21|0x0000000685400000, 0x0000000685800000, 0x0000000685800000|100%| O|  |TAMS 0x0000000685400000, 0x0000000685400000| Untracked 
|  22|0x0000000685800000, 0x0000000685c00000, 0x0000000685c00000|100%| O|  |TAMS 0x00000006859bd600, 0x0000000685800000| Untracked 
|  23|0x0000000685c00000, 0x0000000686000000, 0x0000000686000000|100%| O|  |TAMS 0x0000000685c00000, 0x0000000685c00000| Untracked 
|  24|0x0000000686000000, 0x0000000686400000, 0x0000000686400000|100%| O|  |TAMS 0x0000000686400000, 0x0000000686000000| Untracked 
|  25|0x0000000686400000, 0x0000000686800000, 0x0000000686800000|100%| O|  |TAMS 0x0000000686800000, 0x0000000686400000| Untracked 
|  26|0x0000000686800000, 0x0000000686c00000, 0x0000000686c00000|100%| O|  |TAMS 0x0000000686c00000, 0x0000000686800000| Untracked 
|  27|0x0000000686c00000, 0x0000000687000000, 0x0000000687000000|100%| O|  |TAMS 0x0000000687000000, 0x0000000686c00000| Untracked 
|  28|0x0000000687000000, 0x0000000687400000, 0x0000000687400000|100%| O|  |TAMS 0x0000000687400000, 0x0000000687000000| Untracked 
|  29|0x0000000687400000, 0x0000000687800000, 0x0000000687800000|100%| O|  |TAMS 0x0000000687800000, 0x0000000687400000| Untracked 
|  30|0x0000000687800000, 0x0000000687c00000, 0x0000000687c00000|100%| O|  |TAMS 0x0000000687c00000, 0x0000000687800000| Untracked 
|  31|0x0000000687c00000, 0x0000000688000000, 0x0000000688000000|100%| O|  |TAMS 0x0000000687c00000, 0x0000000687c00000| Untracked 
|  32|0x0000000688000000, 0x0000000688400000, 0x0000000688400000|100%| O|  |TAMS 0x0000000688400000, 0x0000000688000000| Untracked 
|  33|0x0000000688400000, 0x0000000688800000, 0x0000000688800000|100%| O|  |TAMS 0x0000000688800000, 0x0000000688400000| Untracked 
|  34|0x0000000688800000, 0x0000000688c00000, 0x0000000688c00000|100%| O|  |TAMS 0x0000000688c00000, 0x0000000688800000| Untracked 
|  35|0x0000000688c00000, 0x0000000689000000, 0x0000000689000000|100%| O|  |TAMS 0x0000000688c00000, 0x0000000688c00000| Untracked 
|  36|0x0000000689000000, 0x0000000689400000, 0x0000000689400000|100%| O|  |TAMS 0x0000000689000000, 0x0000000689000000| Untracked 
|  37|0x0000000689400000, 0x0000000689800000, 0x0000000689800000|100%| O|  |TAMS 0x0000000689400000, 0x0000000689400000| Untracked 
|  38|0x0000000689800000, 0x0000000689c00000, 0x0000000689c00000|100%| O|  |TAMS 0x0000000689800000, 0x0000000689800000| Untracked 
|  39|0x0000000689c00000, 0x000000068a000000, 0x000000068a000000|100%| O|  |TAMS 0x000000068a000000, 0x0000000689c00000| Untracked 
|  40|0x000000068a000000, 0x000000068a400000, 0x000000068a400000|100%| O|  |TAMS 0x000000068a400000, 0x000000068a000000| Untracked 
|  41|0x000000068a400000, 0x000000068a800000, 0x000000068a800000|100%| O|  |TAMS 0x000000068a400000, 0x000000068a400000| Untracked 
|  42|0x000000068a800000, 0x000000068ac00000, 0x000000068ac00000|100%| O|  |TAMS 0x000000068a800000, 0x000000068a800000| Untracked 
|  43|0x000000068ac00000, 0x000000068b000000, 0x000000068b000000|100%| O|  |TAMS 0x000000068ac00000, 0x000000068ac00000| Untracked 
|  44|0x000000068b000000, 0x000000068b400000, 0x000000068b400000|100%| O|  |TAMS 0x000000068b000000, 0x000000068b000000| Untracked 
|  45|0x000000068b400000, 0x000000068b800000, 0x000000068b800000|100%| O|  |TAMS 0x000000068b800000, 0x000000068b400000| Untracked 
|  46|0x000000068b800000, 0x000000068bc00000, 0x000000068bc00000|100%| O|  |TAMS 0x000000068bc00000, 0x000000068b800000| Untracked 
|  47|0x000000068bc00000, 0x000000068c000000, 0x000000068c000000|100%| O|  |TAMS 0x000000068bc00000, 0x000000068bc00000| Untracked 
|  48|0x000000068c000000, 0x000000068c400000, 0x000000068c400000|100%| O|  |TAMS 0x000000068c000000, 0x000000068c000000| Untracked 
|  49|0x000000068c400000, 0x000000068c800000, 0x000000068c800000|100%| O|  |TAMS 0x000000068c400000, 0x000000068c400000| Untracked 
|  50|0x000000068c800000, 0x000000068cc00000, 0x000000068cc00000|100%| O|  |TAMS 0x000000068c800000, 0x000000068c800000| Untracked 
|  51|0x000000068cc00000, 0x000000068d000000, 0x000000068d000000|100%| O|  |TAMS 0x000000068cc00000, 0x000000068cc00000| Untracked 
|  52|0x000000068d000000, 0x000000068d400000, 0x000000068d400000|100%| O|  |TAMS 0x000000068d000000, 0x000000068d000000| Untracked 
|  53|0x000000068d400000, 0x000000068d800000, 0x000000068d800000|100%| O|  |TAMS 0x000000068d400000, 0x000000068d400000| Untracked 
|  54|0x000000068d800000, 0x000000068dc00000, 0x000000068dc00000|100%| O|  |TAMS 0x000000068d800000, 0x000000068d800000| Untracked 
|  55|0x000000068dc00000, 0x000000068e000000, 0x000000068e000000|100%| O|  |TAMS 0x000000068dc00000, 0x000000068dc00000| Untracked 
|  56|0x000000068e000000, 0x000000068e400000, 0x000000068e400000|100%| O|  |TAMS 0x000000068e000000, 0x000000068e000000| Untracked 
|  57|0x000000068e400000, 0x000000068e800000, 0x000000068e800000|100%| O|  |TAMS 0x000000068e400000, 0x000000068e400000| Untracked 
|  58|0x000000068e800000, 0x000000068ec00000, 0x000000068ec00000|100%| O|  |TAMS 0x000000068ec00000, 0x000000068e800000| Untracked 
|  59|0x000000068ec00000, 0x000000068f000000, 0x000000068f000000|100%| O|  |TAMS 0x000000068f000000, 0x000000068ec00000| Untracked 
|  60|0x000000068f000000, 0x000000068f400000, 0x000000068f400000|100%| O|  |TAMS 0x000000068f400000, 0x000000068f000000| Untracked 
|  61|0x000000068f400000, 0x000000068f800000, 0x000000068f800000|100%| O|  |TAMS 0x000000068f800000, 0x000000068f400000| Untracked 
|  62|0x000000068f800000, 0x000000068fc00000, 0x000000068fc00000|100%| O|  |TAMS 0x000000068fc00000, 0x000000068f800000| Untracked 
|  63|0x000000068fc00000, 0x0000000690000000, 0x0000000690000000|100%| O|  |TAMS 0x0000000690000000, 0x000000068fc00000| Untracked 
|  64|0x0000000690000000, 0x0000000690400000, 0x0000000690400000|100%| O|  |TAMS 0x0000000690400000, 0x0000000690000000| Untracked 
|  65|0x0000000690400000, 0x0000000690800000, 0x0000000690800000|100%| O|  |TAMS 0x0000000690400000, 0x0000000690400000| Untracked 
|  66|0x0000000690800000, 0x0000000690c00000, 0x0000000690c00000|100%| O|  |TAMS 0x0000000690800000, 0x0000000690800000| Untracked 
|  67|0x0000000690c00000, 0x0000000691000000, 0x0000000691000000|100%| O|  |TAMS 0x0000000690c00000, 0x0000000690c00000| Untracked 
|  68|0x0000000691000000, 0x0000000691400000, 0x0000000691400000|100%| O|  |TAMS 0x0000000691000000, 0x0000000691000000| Untracked 
|  69|0x0000000691400000, 0x0000000691800000, 0x0000000691800000|100%| O|  |TAMS 0x0000000691800000, 0x0000000691400000| Untracked 
|  70|0x0000000691800000, 0x0000000691c00000, 0x0000000691c00000|100%| O|  |TAMS 0x0000000691800000, 0x0000000691800000| Untracked 
|  71|0x0000000691c00000, 0x0000000692000000, 0x0000000692000000|100%| O|  |TAMS 0x0000000691c00000, 0x0000000691c00000| Untracked 
|  72|0x0000000692000000, 0x0000000692400000, 0x0000000692400000|100%| O|  |TAMS 0x0000000692000000, 0x0000000692000000| Untracked 
|  73|0x0000000692400000, 0x0000000692800000, 0x0000000692800000|100%| O|  |TAMS 0x0000000692400000, 0x0000000692400000| Untracked 
|  74|0x0000000692800000, 0x0000000692c00000, 0x0000000692c00000|100%| O|  |TAMS 0x0000000692800000, 0x0000000692800000| Untracked 
|  75|0x0000000692c00000, 0x0000000693000000, 0x0000000693000000|100%| O|  |TAMS 0x0000000692c00000, 0x0000000692c00000| Untracked 
|  76|0x0000000693000000, 0x0000000693400000, 0x0000000693400000|100%| O|  |TAMS 0x0000000693000000, 0x0000000693000000| Untracked 
|  77|0x0000000693400000, 0x0000000693800000, 0x0000000693800000|100%| O|  |TAMS 0x0000000693400000, 0x0000000693400000| Untracked 
|  78|0x0000000693800000, 0x0000000693c00000, 0x0000000693c00000|100%| O|  |TAMS 0x0000000693800000, 0x0000000693800000| Untracked 
|  79|0x0000000693c00000, 0x0000000694000000, 0x0000000694000000|100%| O|  |TAMS 0x0000000693c00000, 0x0000000693c00000| Untracked 
|  80|0x0000000694000000, 0x0000000694400000, 0x0000000694400000|100%| O|  |TAMS 0x0000000694400000, 0x0000000694000000| Untracked 
|  81|0x0000000694400000, 0x0000000694800000, 0x0000000694800000|100%| O|  |TAMS 0x0000000694800000, 0x0000000694400000| Untracked 
|  82|0x0000000694800000, 0x0000000694c00000, 0x0000000694c00000|100%| O|  |TAMS 0x0000000694c00000, 0x0000000694800000| Untracked 
|  83|0x0000000694c00000, 0x0000000695000000, 0x0000000695000000|100%| O|  |TAMS 0x0000000694c00000, 0x0000000694c00000| Untracked 
|  84|0x0000000695000000, 0x0000000695400000, 0x0000000695400000|100%| O|  |TAMS 0x0000000695400000, 0x0000000695000000| Untracked 
|  85|0x0000000695400000, 0x0000000695800000, 0x0000000695800000|100%| O|  |TAMS 0x0000000695400000, 0x0000000695400000| Untracked 
|  86|0x0000000695800000, 0x0000000695c00000, 0x0000000695c00000|100%| O|  |TAMS 0x0000000695800000, 0x0000000695800000| Untracked 
|  87|0x0000000695c00000, 0x0000000696000000, 0x0000000696000000|100%| O|  |TAMS 0x0000000696000000, 0x0000000695c00000| Untracked 
|  88|0x0000000696000000, 0x0000000696400000, 0x0000000696400000|100%| O|  |TAMS 0x0000000696400000, 0x0000000696000000| Untracked 
|  89|0x0000000696400000, 0x0000000696800000, 0x0000000696800000|100%| O|  |TAMS 0x0000000696800000, 0x0000000696400000| Untracked 
|  90|0x0000000696800000, 0x0000000696c00000, 0x0000000696c00000|100%| O|  |TAMS 0x0000000696c00000, 0x0000000696800000| Untracked 
|  91|0x0000000696c00000, 0x0000000697000000, 0x0000000697000000|100%| O|  |TAMS 0x0000000697000000, 0x0000000696c00000| Untracked 
|  92|0x0000000697000000, 0x0000000697400000, 0x0000000697400000|100%| O|  |TAMS 0x0000000697000000, 0x0000000697000000| Untracked 
|  93|0x0000000697400000, 0x0000000697800000, 0x0000000697800000|100%| O|  |TAMS 0x0000000697400000, 0x0000000697400000| Untracked 
|  94|0x0000000697800000, 0x0000000697c00000, 0x0000000697c00000|100%| O|  |TAMS 0x0000000697800000, 0x0000000697800000| Untracked 
|  95|0x0000000697c00000, 0x0000000698000000, 0x0000000698000000|100%| O|  |TAMS 0x0000000697c00000, 0x0000000697c00000| Untracked 
|  96|0x0000000698000000, 0x0000000698400000, 0x0000000698400000|100%| O|  |TAMS 0x0000000698000000, 0x0000000698000000| Untracked 
|  97|0x0000000698400000, 0x0000000698800000, 0x0000000698800000|100%| O|  |TAMS 0x0000000698400000, 0x0000000698400000| Untracked 
|  98|0x0000000698800000, 0x0000000698c00000, 0x0000000698c00000|100%| O|  |TAMS 0x0000000698800000, 0x0000000698800000| Untracked 
|  99|0x0000000698c00000, 0x0000000699000000, 0x0000000699000000|100%| O|  |TAMS 0x0000000698c00000, 0x0000000698c00000| Untracked 
| 100|0x0000000699000000, 0x0000000699400000, 0x0000000699400000|100%| O|  |TAMS 0x0000000699000000, 0x0000000699000000| Untracked 
| 101|0x0000000699400000, 0x0000000699800000, 0x0000000699800000|100%| O|  |TAMS 0x0000000699400000, 0x0000000699400000| Untracked 
| 102|0x0000000699800000, 0x0000000699c00000, 0x0000000699c00000|100%| O|  |TAMS 0x0000000699800000, 0x0000000699800000| Untracked 
| 103|0x0000000699c00000, 0x000000069a000000, 0x000000069a000000|100%| O|  |TAMS 0x0000000699c00000, 0x0000000699c00000| Untracked 
| 104|0x000000069a000000, 0x000000069a400000, 0x000000069a400000|100%| O|  |TAMS 0x000000069a000000, 0x000000069a000000| Untracked 
| 105|0x000000069a400000, 0x000000069a800000, 0x000000069a800000|100%| O|  |TAMS 0x000000069a400000, 0x000000069a400000| Untracked 
| 106|0x000000069a800000, 0x000000069ac00000, 0x000000069ac00000|100%| O|  |TAMS 0x000000069a800000, 0x000000069a800000| Untracked 
| 107|0x000000069ac00000, 0x000000069b000000, 0x000000069b000000|100%| O|  |TAMS 0x000000069ac00000, 0x000000069ac00000| Untracked 
| 108|0x000000069b000000, 0x000000069b400000, 0x000000069b400000|100%| O|  |TAMS 0x000000069b000000, 0x000000069b000000| Untracked 
| 109|0x000000069b400000, 0x000000069b800000, 0x000000069b800000|100%| O|  |TAMS 0x000000069b400000, 0x000000069b400000| Untracked 
| 110|0x000000069b800000, 0x000000069bc00000, 0x000000069bc00000|100%| O|  |TAMS 0x000000069b800000, 0x000000069b800000| Untracked 
| 111|0x000000069bc00000, 0x000000069c000000, 0x000000069c000000|100%| O|  |TAMS 0x000000069bc00000, 0x000000069bc00000| Untracked 
| 112|0x000000069c000000, 0x000000069c400000, 0x000000069c400000|100%| O|  |TAMS 0x000000069c000000, 0x000000069c000000| Untracked 
| 113|0x000000069c400000, 0x000000069c800000, 0x000000069c800000|100%| O|  |TAMS 0x000000069c400000, 0x000000069c400000| Untracked 
| 114|0x000000069c800000, 0x000000069cc00000, 0x000000069cc00000|100%| O|  |TAMS 0x000000069c800000, 0x000000069c800000| Untracked 
| 115|0x000000069cc00000, 0x000000069d000000, 0x000000069d000000|100%| O|  |TAMS 0x000000069cc00000, 0x000000069cc00000| Untracked 
| 116|0x000000069d000000, 0x000000069d400000, 0x000000069d400000|100%| O|  |TAMS 0x000000069d000000, 0x000000069d000000| Untracked 
| 117|0x000000069d400000, 0x000000069d800000, 0x000000069d800000|100%| O|  |TAMS 0x000000069d400000, 0x000000069d400000| Untracked 
| 118|0x000000069d800000, 0x000000069dc00000, 0x000000069dc00000|100%| O|  |TAMS 0x000000069d800000, 0x000000069d800000| Untracked 
| 119|0x000000069dc00000, 0x000000069e000000, 0x000000069e000000|100%| O|  |TAMS 0x000000069dc00000, 0x000000069dc00000| Untracked 
| 120|0x000000069e000000, 0x000000069e400000, 0x000000069e400000|100%| O|  |TAMS 0x000000069e000000, 0x000000069e000000| Untracked 
| 121|0x000000069e400000, 0x000000069e800000, 0x000000069e800000|100%| O|  |TAMS 0x000000069e400000, 0x000000069e400000| Untracked 
| 122|0x000000069e800000, 0x000000069ec00000, 0x000000069ec00000|100%| O|  |TAMS 0x000000069e800000, 0x000000069e800000| Untracked 
| 123|0x000000069ec00000, 0x000000069f000000, 0x000000069f000000|100%| O|  |TAMS 0x000000069ec00000, 0x000000069ec00000| Untracked 
| 124|0x000000069f000000, 0x000000069f400000, 0x000000069f400000|100%| O|  |TAMS 0x000000069f000000, 0x000000069f000000| Untracked 
| 125|0x000000069f400000, 0x000000069f800000, 0x000000069f800000|100%| O|  |TAMS 0x000000069f400000, 0x000000069f400000| Untracked 
| 126|0x000000069f800000, 0x000000069fc00000, 0x000000069fc00000|100%| O|  |TAMS 0x000000069f800000, 0x000000069f800000| Untracked 
| 127|0x000000069fc00000, 0x00000006a0000000, 0x00000006a0000000|100%| O|  |TAMS 0x000000069fc00000, 0x000000069fc00000| Untracked 
| 128|0x00000006a0000000, 0x00000006a0400000, 0x00000006a0400000|100%| O|  |TAMS 0x00000006a0000000, 0x00000006a0000000| Untracked 
| 129|0x00000006a0400000, 0x00000006a0800000, 0x00000006a0800000|100%| O|  |TAMS 0x00000006a0400000, 0x00000006a0400000| Untracked 
| 130|0x00000006a0800000, 0x00000006a0c00000, 0x00000006a0c00000|100%| O|  |TAMS 0x00000006a0800000, 0x00000006a0800000| Untracked 
| 131|0x00000006a0c00000, 0x00000006a1000000, 0x00000006a1000000|100%| O|  |TAMS 0x00000006a0c00000, 0x00000006a0c00000| Untracked 
| 132|0x00000006a1000000, 0x00000006a1400000, 0x00000006a1400000|100%| O|  |TAMS 0x00000006a1000000, 0x00000006a1000000| Untracked 
| 133|0x00000006a1400000, 0x00000006a1800000, 0x00000006a1800000|100%| O|  |TAMS 0x00000006a1400000, 0x00000006a1400000| Untracked 
| 134|0x00000006a1800000, 0x00000006a1c00000, 0x00000006a1c00000|100%| O|  |TAMS 0x00000006a1800000, 0x00000006a1800000| Untracked 
| 135|0x00000006a1c00000, 0x00000006a2000000, 0x00000006a2000000|100%| O|  |TAMS 0x00000006a1c00000, 0x00000006a1c00000| Untracked 
| 136|0x00000006a2000000, 0x00000006a2400000, 0x00000006a2400000|100%| O|  |TAMS 0x00000006a2000000, 0x00000006a2000000| Untracked 
| 137|0x00000006a2400000, 0x00000006a2800000, 0x00000006a2800000|100%| O|  |TAMS 0x00000006a2400000, 0x00000006a2400000| Untracked 
| 138|0x00000006a2800000, 0x00000006a2c00000, 0x00000006a2c00000|100%| O|  |TAMS 0x00000006a2800000, 0x00000006a2800000| Untracked 
| 139|0x00000006a2c00000, 0x00000006a3000000, 0x00000006a3000000|100%| O|  |TAMS 0x00000006a2c00000, 0x00000006a2c00000| Untracked 
| 140|0x00000006a3000000, 0x00000006a3400000, 0x00000006a3400000|100%| O|  |TAMS 0x00000006a3000000, 0x00000006a3000000| Untracked 
| 141|0x00000006a3400000, 0x00000006a3800000, 0x00000006a3800000|100%| O|  |TAMS 0x00000006a3400000, 0x00000006a3400000| Untracked 
| 142|0x00000006a3800000, 0x00000006a3c00000, 0x00000006a3c00000|100%| O|  |TAMS 0x00000006a3800000, 0x00000006a3800000| Untracked 
| 143|0x00000006a3c00000, 0x00000006a4000000, 0x00000006a4000000|100%| O|  |TAMS 0x00000006a3c00000, 0x00000006a3c00000| Untracked 
| 144|0x00000006a4000000, 0x00000006a4400000, 0x00000006a4400000|100%| O|  |TAMS 0x00000006a4000000, 0x00000006a4000000| Untracked 
| 145|0x00000006a4400000, 0x00000006a4800000, 0x00000006a4800000|100%| O|  |TAMS 0x00000006a4400000, 0x00000006a4400000| Untracked 
| 146|0x00000006a4800000, 0x00000006a4c00000, 0x00000006a4c00000|100%| O|  |TAMS 0x00000006a4800000, 0x00000006a4800000| Untracked 
| 147|0x00000006a4c00000, 0x00000006a5000000, 0x00000006a5000000|100%| O|  |TAMS 0x00000006a4c00000, 0x00000006a4c00000| Untracked 
| 148|0x00000006a5000000, 0x00000006a5400000, 0x00000006a5400000|100%| O|  |TAMS 0x00000006a5000000, 0x00000006a5000000| Untracked 
| 149|0x00000006a5400000, 0x00000006a5800000, 0x00000006a5800000|100%| O|  |TAMS 0x00000006a5400000, 0x00000006a5400000| Untracked 
| 150|0x00000006a5800000, 0x00000006a5c00000, 0x00000006a5c00000|100%| O|  |TAMS 0x00000006a5800000, 0x00000006a5800000| Untracked 
| 151|0x00000006a5c00000, 0x00000006a6000000, 0x00000006a6000000|100%| O|  |TAMS 0x00000006a5c00000, 0x00000006a5c00000| Untracked 
| 152|0x00000006a6000000, 0x00000006a6400000, 0x00000006a6400000|100%| O|  |TAMS 0x00000006a6000000, 0x00000006a6000000| Untracked 
| 153|0x00000006a6400000, 0x00000006a6800000, 0x00000006a6800000|100%| O|  |TAMS 0x00000006a6400000, 0x00000006a6400000| Untracked 
| 154|0x00000006a6800000, 0x00000006a6c00000, 0x00000006a6c00000|100%| O|  |TAMS 0x00000006a6800000, 0x00000006a6800000| Untracked 
| 155|0x00000006a6c00000, 0x00000006a7000000, 0x00000006a7000000|100%| O|  |TAMS 0x00000006a6c00000, 0x00000006a6c00000| Untracked 
| 156|0x00000006a7000000, 0x00000006a7400000, 0x00000006a7400000|100%| O|  |TAMS 0x00000006a7000000, 0x00000006a7000000| Untracked 
| 157|0x00000006a7400000, 0x00000006a7800000, 0x00000006a7800000|100%| O|  |TAMS 0x00000006a7400000, 0x00000006a7400000| Untracked 
| 158|0x00000006a7800000, 0x00000006a7c00000, 0x00000006a7c00000|100%| O|  |TAMS 0x00000006a7800000, 0x00000006a7800000| Untracked 
| 159|0x00000006a7c00000, 0x00000006a8000000, 0x00000006a8000000|100%| O|  |TAMS 0x00000006a7c00000, 0x00000006a7c00000| Untracked 
| 160|0x00000006a8000000, 0x00000006a8400000, 0x00000006a8400000|100%| O|  |TAMS 0x00000006a8000000, 0x00000006a8000000| Untracked 
| 161|0x00000006a8400000, 0x00000006a8800000, 0x00000006a8800000|100%| O|  |TAMS 0x00000006a8400000, 0x00000006a8400000| Untracked 
| 162|0x00000006a8800000, 0x00000006a8c00000, 0x00000006a8c00000|100%| O|  |TAMS 0x00000006a8800000, 0x00000006a8800000| Untracked 
| 163|0x00000006a8c00000, 0x00000006a9000000, 0x00000006a9000000|100%| O|  |TAMS 0x00000006a8c00000, 0x00000006a8c00000| Untracked 
| 164|0x00000006a9000000, 0x00000006a9400000, 0x00000006a9400000|100%| O|  |TAMS 0x00000006a9000000, 0x00000006a9000000| Untracked 
| 165|0x00000006a9400000, 0x00000006a9800000, 0x00000006a9800000|100%| O|  |TAMS 0x00000006a9400000, 0x00000006a9400000| Untracked 
| 166|0x00000006a9800000, 0x00000006a9c00000, 0x00000006a9c00000|100%| O|  |TAMS 0x00000006a9800000, 0x00000006a9800000| Untracked 
| 167|0x00000006a9c00000, 0x00000006aa000000, 0x00000006aa000000|100%| O|  |TAMS 0x00000006a9c00000, 0x00000006a9c00000| Untracked 
| 168|0x00000006aa000000, 0x00000006aa400000, 0x00000006aa400000|100%| O|  |TAMS 0x00000006aa000000, 0x00000006aa000000| Untracked 
| 169|0x00000006aa400000, 0x00000006aa800000, 0x00000006aa800000|100%| O|  |TAMS 0x00000006aa400000, 0x00000006aa400000| Untracked 
| 170|0x00000006aa800000, 0x00000006aac00000, 0x00000006aac00000|100%| O|  |TAMS 0x00000006aa800000, 0x00000006aa800000| Untracked 
| 171|0x00000006aac00000, 0x00000006ab000000, 0x00000006ab000000|100%| O|  |TAMS 0x00000006aac00000, 0x00000006aac00000| Untracked 
| 172|0x00000006ab000000, 0x00000006ab400000, 0x00000006ab400000|100%| O|  |TAMS 0x00000006ab000000, 0x00000006ab000000| Untracked 
| 173|0x00000006ab400000, 0x00000006ab800000, 0x00000006ab800000|100%| O|  |TAMS 0x00000006ab400000, 0x00000006ab400000| Untracked 
| 174|0x00000006ab800000, 0x00000006abc00000, 0x00000006abc00000|100%| O|  |TAMS 0x00000006ab800000, 0x00000006ab800000| Untracked 
| 175|0x00000006abc00000, 0x00000006ac000000, 0x00000006ac000000|100%| O|  |TAMS 0x00000006abc00000, 0x00000006abc00000| Untracked 
| 176|0x00000006ac000000, 0x00000006ac400000, 0x00000006ac400000|100%| O|  |TAMS 0x00000006ac000000, 0x00000006ac000000| Untracked 
| 177|0x00000006ac400000, 0x00000006ac800000, 0x00000006ac800000|100%| O|  |TAMS 0x00000006ac400000, 0x00000006ac400000| Untracked 
| 178|0x00000006ac800000, 0x00000006acc00000, 0x00000006acc00000|100%| O|  |TAMS 0x00000006ac800000, 0x00000006ac800000| Untracked 
| 179|0x00000006acc00000, 0x00000006ad000000, 0x00000006ad000000|100%| O|  |TAMS 0x00000006acc00000, 0x00000006acc00000| Untracked 
| 180|0x00000006ad000000, 0x00000006ad400000, 0x00000006ad400000|100%| O|  |TAMS 0x00000006ad000000, 0x00000006ad000000| Untracked 
| 181|0x00000006ad400000, 0x00000006ad800000, 0x00000006ad800000|100%| O|  |TAMS 0x00000006ad400000, 0x00000006ad400000| Untracked 
| 182|0x00000006ad800000, 0x00000006adc00000, 0x00000006adc00000|100%| O|  |TAMS 0x00000006ad800000, 0x00000006ad800000| Untracked 
| 183|0x00000006adc00000, 0x00000006ae000000, 0x00000006ae000000|100%| O|  |TAMS 0x00000006adc00000, 0x00000006adc00000| Untracked 
| 184|0x00000006ae000000, 0x00000006ae400000, 0x00000006ae400000|100%| O|  |TAMS 0x00000006ae000000, 0x00000006ae000000| Untracked 
| 185|0x00000006ae400000, 0x00000006ae800000, 0x00000006ae800000|100%| O|  |TAMS 0x00000006ae400000, 0x00000006ae400000| Untracked 
| 186|0x00000006ae800000, 0x00000006aec00000, 0x00000006aec00000|100%| O|  |TAMS 0x00000006ae800000, 0x00000006ae800000| Untracked 
| 187|0x00000006aec00000, 0x00000006af000000, 0x00000006af000000|100%| O|  |TAMS 0x00000006aec00000, 0x00000006aec00000| Untracked 
| 188|0x00000006af000000, 0x00000006af400000, 0x00000006af400000|100%| O|  |TAMS 0x00000006af000000, 0x00000006af000000| Untracked 
| 189|0x00000006af400000, 0x00000006af800000, 0x00000006af800000|100%| O|  |TAMS 0x00000006af400000, 0x00000006af400000| Untracked 
| 190|0x00000006af800000, 0x00000006afc00000, 0x00000006afc00000|100%| O|  |TAMS 0x00000006af800000, 0x00000006af800000| Untracked 
| 191|0x00000006afc00000, 0x00000006b0000000, 0x00000006b0000000|100%| O|  |TAMS 0x00000006afc00000, 0x00000006afc00000| Untracked 
| 192|0x00000006b0000000, 0x00000006b0400000, 0x00000006b0400000|100%| O|  |TAMS 0x00000006b0000000, 0x00000006b0000000| Untracked 
| 193|0x00000006b0400000, 0x00000006b0800000, 0x00000006b0800000|100%| O|  |TAMS 0x00000006b0400000, 0x00000006b0400000| Untracked 
| 194|0x00000006b0800000, 0x00000006b0c00000, 0x00000006b0c00000|100%| O|  |TAMS 0x00000006b0800000, 0x00000006b0800000| Untracked 
| 195|0x00000006b0c00000, 0x00000006b1000000, 0x00000006b1000000|100%| O|  |TAMS 0x00000006b0c00000, 0x00000006b0c00000| Untracked 
| 196|0x00000006b1000000, 0x00000006b1400000, 0x00000006b1400000|100%| O|  |TAMS 0x00000006b1000000, 0x00000006b1000000| Untracked 
| 197|0x00000006b1400000, 0x00000006b1800000, 0x00000006b1800000|100%| O|  |TAMS 0x00000006b1400000, 0x00000006b1400000| Untracked 
| 198|0x00000006b1800000, 0x00000006b1c00000, 0x00000006b1c00000|100%| O|  |TAMS 0x00000006b1800000, 0x00000006b1800000| Untracked 
| 199|0x00000006b1c00000, 0x00000006b2000000, 0x00000006b2000000|100%| O|  |TAMS 0x00000006b1c00000, 0x00000006b1c00000| Untracked 
| 200|0x00000006b2000000, 0x00000006b2400000, 0x00000006b2400000|100%| O|  |TAMS 0x00000006b2000000, 0x00000006b2000000| Untracked 
| 201|0x00000006b2400000, 0x00000006b2800000, 0x00000006b2800000|100%| O|  |TAMS 0x00000006b2400000, 0x00000006b2400000| Untracked 
| 202|0x00000006b2800000, 0x00000006b2c00000, 0x00000006b2c00000|100%| O|  |TAMS 0x00000006b2800000, 0x00000006b2800000| Untracked 
| 203|0x00000006b2c00000, 0x00000006b3000000, 0x00000006b3000000|100%| O|  |TAMS 0x00000006b2c00000, 0x00000006b2c00000| Untracked 
| 204|0x00000006b3000000, 0x00000006b3400000, 0x00000006b3400000|100%| O|  |TAMS 0x00000006b3000000, 0x00000006b3000000| Untracked 
| 205|0x00000006b3400000, 0x00000006b3800000, 0x00000006b3800000|100%| O|  |TAMS 0x00000006b3400000, 0x00000006b3400000| Untracked 
| 206|0x00000006b3800000, 0x00000006b3c00000, 0x00000006b3c00000|100%| O|  |TAMS 0x00000006b3800000, 0x00000006b3800000| Untracked 
| 207|0x00000006b3c00000, 0x00000006b4000000, 0x00000006b4000000|100%| O|  |TAMS 0x00000006b3c00000, 0x00000006b3c00000| Untracked 
| 208|0x00000006b4000000, 0x00000006b4400000, 0x00000006b4400000|100%| O|  |TAMS 0x00000006b4000000, 0x00000006b4000000| Untracked 
| 209|0x00000006b4400000, 0x00000006b4800000, 0x00000006b4800000|100%| O|  |TAMS 0x00000006b4400000, 0x00000006b4400000| Untracked 
| 210|0x00000006b4800000, 0x00000006b4c00000, 0x00000006b4c00000|100%| O|  |TAMS 0x00000006b4800000, 0x00000006b4800000| Untracked 
| 211|0x00000006b4c00000, 0x00000006b5000000, 0x00000006b5000000|100%| O|  |TAMS 0x00000006b4c00000, 0x00000006b4c00000| Untracked 
| 212|0x00000006b5000000, 0x00000006b5400000, 0x00000006b5400000|100%| O|  |TAMS 0x00000006b5000000, 0x00000006b5000000| Untracked 
| 213|0x00000006b5400000, 0x00000006b5800000, 0x00000006b5800000|100%| O|  |TAMS 0x00000006b5400000, 0x00000006b5400000| Untracked 
| 214|0x00000006b5800000, 0x00000006b5916200, 0x00000006b5c00000| 27%| O|  |TAMS 0x00000006b5800000, 0x00000006b5800000| Untracked 
| 215|0x00000006b5c00000, 0x00000006b5c00000, 0x00000006b6000000|  0%| F|  |TAMS 0x00000006b5c00000, 0x00000006b5c00000| Untracked 
| 216|0x00000006b6000000, 0x00000006b6000000, 0x00000006b6400000|  0%| F|  |TAMS 0x00000006b6000000, 0x00000006b6000000| Untracked 
| 217|0x00000006b6400000, 0x00000006b6400000, 0x00000006b6800000|  0%| F|  |TAMS 0x00000006b6400000, 0x00000006b6400000| Untracked 
| 218|0x00000006b6800000, 0x00000006b6800000, 0x00000006b6c00000|  0%| F|  |TAMS 0x00000006b6800000, 0x00000006b6800000| Untracked 
| 219|0x00000006b6c00000, 0x00000006b6c00000, 0x00000006b7000000|  0%| F|  |TAMS 0x00000006b6c00000, 0x00000006b6c00000| Untracked 
| 220|0x00000006b7000000, 0x00000006b7000000, 0x00000006b7400000|  0%| F|  |TAMS 0x00000006b7000000, 0x00000006b7000000| Untracked 
| 221|0x00000006b7400000, 0x00000006b7400000, 0x00000006b7800000|  0%| F|  |TAMS 0x00000006b7400000, 0x00000006b7400000| Untracked 
| 222|0x00000006b7800000, 0x00000006b7800000, 0x00000006b7c00000|  0%| F|  |TAMS 0x00000006b7800000, 0x00000006b7800000| Untracked 
| 223|0x00000006b7c00000, 0x00000006b7c00000, 0x00000006b8000000|  0%| F|  |TAMS 0x00000006b7c00000, 0x00000006b7c00000| Untracked 
| 224|0x00000006b8000000, 0x00000006b8000000, 0x00000006b8400000|  0%| F|  |TAMS 0x00000006b8000000, 0x00000006b8000000| Untracked 
| 225|0x00000006b8400000, 0x00000006b8400000, 0x00000006b8800000|  0%| F|  |TAMS 0x00000006b8400000, 0x00000006b8400000| Untracked 
| 226|0x00000006b8800000, 0x00000006b8800000, 0x00000006b8c00000|  0%| F|  |TAMS 0x00000006b8800000, 0x00000006b8800000| Untracked 
| 227|0x00000006b8c00000, 0x00000006b8c00000, 0x00000006b9000000|  0%| F|  |TAMS 0x00000006b8c00000, 0x00000006b8c00000| Untracked 
| 228|0x00000006b9000000, 0x00000006b9000000, 0x00000006b9400000|  0%| F|  |TAMS 0x00000006b9000000, 0x00000006b9000000| Untracked 
| 229|0x00000006b9400000, 0x00000006b9400000, 0x00000006b9800000|  0%| F|  |TAMS 0x00000006b9400000, 0x00000006b9400000| Untracked 
| 230|0x00000006b9800000, 0x00000006b9800000, 0x00000006b9c00000|  0%| F|  |TAMS 0x00000006b9800000, 0x00000006b9800000| Untracked 
| 231|0x00000006b9c00000, 0x00000006b9c00000, 0x00000006ba000000|  0%| F|  |TAMS 0x00000006b9c00000, 0x00000006b9c00000| Untracked 
| 232|0x00000006ba000000, 0x00000006ba000000, 0x00000006ba400000|  0%| F|  |TAMS 0x00000006ba000000, 0x00000006ba000000| Untracked 
| 233|0x00000006ba400000, 0x00000006ba400000, 0x00000006ba800000|  0%| F|  |TAMS 0x00000006ba400000, 0x00000006ba400000| Untracked 
| 234|0x00000006ba800000, 0x00000006ba800000, 0x00000006bac00000|  0%| F|  |TAMS 0x00000006ba800000, 0x00000006ba800000| Untracked 
| 235|0x00000006bac00000, 0x00000006bac00000, 0x00000006bb000000|  0%| F|  |TAMS 0x00000006bac00000, 0x00000006bac00000| Untracked 
| 236|0x00000006bb000000, 0x00000006bb000000, 0x00000006bb400000|  0%| F|  |TAMS 0x00000006bb000000, 0x00000006bb000000| Untracked 
| 237|0x00000006bb400000, 0x00000006bb400000, 0x00000006bb800000|  0%| F|  |TAMS 0x00000006bb400000, 0x00000006bb400000| Untracked 
| 238|0x00000006bb800000, 0x00000006bb800000, 0x00000006bbc00000|  0%| F|  |TAMS 0x00000006bb800000, 0x00000006bb800000| Untracked 
| 239|0x00000006bbc00000, 0x00000006bbc00000, 0x00000006bc000000|  0%| F|  |TAMS 0x00000006bbc00000, 0x00000006bbc00000| Untracked 
| 240|0x00000006bc000000, 0x00000006bc000000, 0x00000006bc400000|  0%| F|  |TAMS 0x00000006bc000000, 0x00000006bc000000| Untracked 
| 241|0x00000006bc400000, 0x00000006bc400000, 0x00000006bc800000|  0%| F|  |TAMS 0x00000006bc400000, 0x00000006bc400000| Untracked 
| 242|0x00000006bc800000, 0x00000006bc800000, 0x00000006bcc00000|  0%| F|  |TAMS 0x00000006bc800000, 0x00000006bc800000| Untracked 
| 243|0x00000006bcc00000, 0x00000006bcc00000, 0x00000006bd000000|  0%| F|  |TAMS 0x00000006bcc00000, 0x00000006bcc00000| Untracked 
| 244|0x00000006bd000000, 0x00000006bd000000, 0x00000006bd400000|  0%| F|  |TAMS 0x00000006bd000000, 0x00000006bd000000| Untracked 
| 245|0x00000006bd400000, 0x00000006bd400000, 0x00000006bd800000|  0%| F|  |TAMS 0x00000006bd400000, 0x00000006bd400000| Untracked 
| 246|0x00000006bd800000, 0x00000006bd800000, 0x00000006bdc00000|  0%| F|  |TAMS 0x00000006bd800000, 0x00000006bd800000| Untracked 
| 247|0x00000006bdc00000, 0x00000006bdc00000, 0x00000006be000000|  0%| F|  |TAMS 0x00000006bdc00000, 0x00000006bdc00000| Untracked 
| 248|0x00000006be000000, 0x00000006be000000, 0x00000006be400000|  0%| F|  |TAMS 0x00000006be000000, 0x00000006be000000| Untracked 
| 249|0x00000006be400000, 0x00000006be400000, 0x00000006be800000|  0%| F|  |TAMS 0x00000006be400000, 0x00000006be400000| Untracked 
| 250|0x00000006be800000, 0x00000006be800000, 0x00000006bec00000|  0%| F|  |TAMS 0x00000006be800000, 0x00000006be800000| Untracked 
| 251|0x00000006bec00000, 0x00000006bec00000, 0x00000006bf000000|  0%| F|  |TAMS 0x00000006bec00000, 0x00000006bec00000| Untracked 
| 252|0x00000006bf000000, 0x00000006bf000000, 0x00000006bf400000|  0%| F|  |TAMS 0x00000006bf000000, 0x00000006bf000000| Untracked 
| 253|0x00000006bf400000, 0x00000006bf400000, 0x00000006bf800000|  0%| F|  |TAMS 0x00000006bf400000, 0x00000006bf400000| Untracked 
| 254|0x00000006bf800000, 0x00000006bf800000, 0x00000006bfc00000|  0%| F|  |TAMS 0x00000006bf800000, 0x00000006bf800000| Untracked 
| 255|0x00000006bfc00000, 0x00000006bfc00000, 0x00000006c0000000|  0%| F|  |TAMS 0x00000006bfc00000, 0x00000006bfc00000| Untracked 
| 256|0x00000006c0000000, 0x00000006c0000000, 0x00000006c0400000|  0%| F|  |TAMS 0x00000006c0000000, 0x00000006c0000000| Untracked 
| 257|0x00000006c0400000, 0x00000006c0400000, 0x00000006c0800000|  0%| F|  |TAMS 0x00000006c0400000, 0x00000006c0400000| Untracked 
| 258|0x00000006c0800000, 0x00000006c0800000, 0x00000006c0c00000|  0%| F|  |TAMS 0x00000006c0800000, 0x00000006c0800000| Untracked 
| 259|0x00000006c0c00000, 0x00000006c0c00000, 0x00000006c1000000|  0%| F|  |TAMS 0x00000006c0c00000, 0x00000006c0c00000| Untracked 
| 260|0x00000006c1000000, 0x00000006c1000000, 0x00000006c1400000|  0%| F|  |TAMS 0x00000006c1000000, 0x00000006c1000000| Untracked 
| 261|0x00000006c1400000, 0x00000006c1400000, 0x00000006c1800000|  0%| F|  |TAMS 0x00000006c1400000, 0x00000006c1400000| Untracked 
| 262|0x00000006c1800000, 0x00000006c1800000, 0x00000006c1c00000|  0%| F|  |TAMS 0x00000006c1800000, 0x00000006c1800000| Untracked 
| 263|0x00000006c1c00000, 0x00000006c1c00000, 0x00000006c2000000|  0%| F|  |TAMS 0x00000006c1c00000, 0x00000006c1c00000| Untracked 
| 264|0x00000006c2000000, 0x00000006c2000000, 0x00000006c2400000|  0%| F|  |TAMS 0x00000006c2000000, 0x00000006c2000000| Untracked 
| 265|0x00000006c2400000, 0x00000006c2400000, 0x00000006c2800000|  0%| F|  |TAMS 0x00000006c2400000, 0x00000006c2400000| Untracked 
| 266|0x00000006c2800000, 0x00000006c2800000, 0x00000006c2c00000|  0%| F|  |TAMS 0x00000006c2800000, 0x00000006c2800000| Untracked 
| 267|0x00000006c2c00000, 0x00000006c2c00000, 0x00000006c3000000|  0%| F|  |TAMS 0x00000006c2c00000, 0x00000006c2c00000| Untracked 
| 268|0x00000006c3000000, 0x00000006c3000000, 0x00000006c3400000|  0%| F|  |TAMS 0x00000006c3000000, 0x00000006c3000000| Untracked 
| 269|0x00000006c3400000, 0x00000006c3400000, 0x00000006c3800000|  0%| F|  |TAMS 0x00000006c3400000, 0x00000006c3400000| Untracked 
| 270|0x00000006c3800000, 0x00000006c3800000, 0x00000006c3c00000|  0%| F|  |TAMS 0x00000006c3800000, 0x00000006c3800000| Untracked 
| 271|0x00000006c3c00000, 0x00000006c3c00000, 0x00000006c4000000|  0%| F|  |TAMS 0x00000006c3c00000, 0x00000006c3c00000| Untracked 
| 272|0x00000006c4000000, 0x00000006c4000000, 0x00000006c4400000|  0%| F|  |TAMS 0x00000006c4000000, 0x00000006c4000000| Untracked 
| 273|0x00000006c4400000, 0x00000006c4400000, 0x00000006c4800000|  0%| F|  |TAMS 0x00000006c4400000, 0x00000006c4400000| Untracked 
| 274|0x00000006c4800000, 0x00000006c4800000, 0x00000006c4c00000|  0%| F|  |TAMS 0x00000006c4800000, 0x00000006c4800000| Untracked 
| 275|0x00000006c4c00000, 0x00000006c4c00000, 0x00000006c5000000|  0%| F|  |TAMS 0x00000006c4c00000, 0x00000006c4c00000| Untracked 
| 276|0x00000006c5000000, 0x00000006c5000000, 0x00000006c5400000|  0%| F|  |TAMS 0x00000006c5000000, 0x00000006c5000000| Untracked 
| 277|0x00000006c5400000, 0x00000006c5400000, 0x00000006c5800000|  0%| F|  |TAMS 0x00000006c5400000, 0x00000006c5400000| Untracked 
| 278|0x00000006c5800000, 0x00000006c5800000, 0x00000006c5c00000|  0%| F|  |TAMS 0x00000006c5800000, 0x00000006c5800000| Untracked 
| 279|0x00000006c5c00000, 0x00000006c5c00000, 0x00000006c6000000|  0%| F|  |TAMS 0x00000006c5c00000, 0x00000006c5c00000| Untracked 
| 280|0x00000006c6000000, 0x00000006c6000000, 0x00000006c6400000|  0%| F|  |TAMS 0x00000006c6000000, 0x00000006c6000000| Untracked 
| 281|0x00000006c6400000, 0x00000006c6400000, 0x00000006c6800000|  0%| F|  |TAMS 0x00000006c6400000, 0x00000006c6400000| Untracked 
| 282|0x00000006c6800000, 0x00000006c6800000, 0x00000006c6c00000|  0%| F|  |TAMS 0x00000006c6800000, 0x00000006c6800000| Untracked 
| 283|0x00000006c6c00000, 0x00000006c6c00000, 0x00000006c7000000|  0%| F|  |TAMS 0x00000006c6c00000, 0x00000006c6c00000| Untracked 
| 284|0x00000006c7000000, 0x00000006c7000000, 0x00000006c7400000|  0%| F|  |TAMS 0x00000006c7000000, 0x00000006c7000000| Untracked 
| 285|0x00000006c7400000, 0x00000006c7400000, 0x00000006c7800000|  0%| F|  |TAMS 0x00000006c7400000, 0x00000006c7400000| Untracked 
| 286|0x00000006c7800000, 0x00000006c7800000, 0x00000006c7c00000|  0%| F|  |TAMS 0x00000006c7800000, 0x00000006c7800000| Untracked 
| 287|0x00000006c7c00000, 0x00000006c7c00000, 0x00000006c8000000|  0%| F|  |TAMS 0x00000006c7c00000, 0x00000006c7c00000| Untracked 
| 288|0x00000006c8000000, 0x00000006c8000000, 0x00000006c8400000|  0%| F|  |TAMS 0x00000006c8000000, 0x00000006c8000000| Untracked 
| 289|0x00000006c8400000, 0x00000006c8400000, 0x00000006c8800000|  0%| F|  |TAMS 0x00000006c8400000, 0x00000006c8400000| Untracked 
| 290|0x00000006c8800000, 0x00000006c8800000, 0x00000006c8c00000|  0%| F|  |TAMS 0x00000006c8800000, 0x00000006c8800000| Untracked 
| 291|0x00000006c8c00000, 0x00000006c8c00000, 0x00000006c9000000|  0%| F|  |TAMS 0x00000006c8c00000, 0x00000006c8c00000| Untracked 
| 292|0x00000006c9000000, 0x00000006c9000000, 0x00000006c9400000|  0%| F|  |TAMS 0x00000006c9000000, 0x00000006c9000000| Untracked 
| 293|0x00000006c9400000, 0x00000006c9400000, 0x00000006c9800000|  0%| F|  |TAMS 0x00000006c9400000, 0x00000006c9400000| Untracked 
| 294|0x00000006c9800000, 0x00000006c9800000, 0x00000006c9c00000|  0%| F|  |TAMS 0x00000006c9800000, 0x00000006c9800000| Untracked 
| 295|0x00000006c9c00000, 0x00000006c9c00000, 0x00000006ca000000|  0%| F|  |TAMS 0x00000006c9c00000, 0x00000006c9c00000| Untracked 
| 296|0x00000006ca000000, 0x00000006ca000000, 0x00000006ca400000|  0%| F|  |TAMS 0x00000006ca000000, 0x00000006ca000000| Untracked 
| 297|0x00000006ca400000, 0x00000006ca400000, 0x00000006ca800000|  0%| F|  |TAMS 0x00000006ca400000, 0x00000006ca400000| Untracked 
| 298|0x00000006ca800000, 0x00000006ca800000, 0x00000006cac00000|  0%| F|  |TAMS 0x00000006ca800000, 0x00000006ca800000| Untracked 
| 299|0x00000006cac00000, 0x00000006cac00000, 0x00000006cb000000|  0%| F|  |TAMS 0x00000006cac00000, 0x00000006cac00000| Untracked 
| 300|0x00000006cb000000, 0x00000006cb000000, 0x00000006cb400000|  0%| F|  |TAMS 0x00000006cb000000, 0x00000006cb000000| Untracked 
| 301|0x00000006cb400000, 0x00000006cb400000, 0x00000006cb800000|  0%| F|  |TAMS 0x00000006cb400000, 0x00000006cb400000| Untracked 
| 302|0x00000006cb800000, 0x00000006cb800000, 0x00000006cbc00000|  0%| F|  |TAMS 0x00000006cb800000, 0x00000006cb800000| Untracked 
| 303|0x00000006cbc00000, 0x00000006cbc00000, 0x00000006cc000000|  0%| F|  |TAMS 0x00000006cbc00000, 0x00000006cbc00000| Untracked 
| 304|0x00000006cc000000, 0x00000006cc000000, 0x00000006cc400000|  0%| F|  |TAMS 0x00000006cc000000, 0x00000006cc000000| Untracked 
| 305|0x00000006cc400000, 0x00000006cc400000, 0x00000006cc800000|  0%| F|  |TAMS 0x00000006cc400000, 0x00000006cc400000| Untracked 
| 306|0x00000006cc800000, 0x00000006cc800000, 0x00000006ccc00000|  0%| F|  |TAMS 0x00000006cc800000, 0x00000006cc800000| Untracked 
| 307|0x00000006ccc00000, 0x00000006ccc00000, 0x00000006cd000000|  0%| F|  |TAMS 0x00000006ccc00000, 0x00000006ccc00000| Untracked 
| 308|0x00000006cd000000, 0x00000006cd000000, 0x00000006cd400000|  0%| F|  |TAMS 0x00000006cd000000, 0x00000006cd000000| Untracked 
| 309|0x00000006cd400000, 0x00000006cd400000, 0x00000006cd800000|  0%| F|  |TAMS 0x00000006cd400000, 0x00000006cd400000| Untracked 
| 310|0x00000006cd800000, 0x00000006cd800000, 0x00000006cdc00000|  0%| F|  |TAMS 0x00000006cd800000, 0x00000006cd800000| Untracked 
| 311|0x00000006cdc00000, 0x00000006cdc00000, 0x00000006ce000000|  0%| F|  |TAMS 0x00000006cdc00000, 0x00000006cdc00000| Untracked 
| 312|0x00000006ce000000, 0x00000006ce000000, 0x00000006ce400000|  0%| F|  |TAMS 0x00000006ce000000, 0x00000006ce000000| Untracked 
| 313|0x00000006ce400000, 0x00000006ce400000, 0x00000006ce800000|  0%| F|  |TAMS 0x00000006ce400000, 0x00000006ce400000| Untracked 
| 314|0x00000006ce800000, 0x00000006ce800000, 0x00000006cec00000|  0%| F|  |TAMS 0x00000006ce800000, 0x00000006ce800000| Untracked 
| 315|0x00000006cec00000, 0x00000006cec00000, 0x00000006cf000000|  0%| F|  |TAMS 0x00000006cec00000, 0x00000006cec00000| Untracked 
| 316|0x00000006cf000000, 0x00000006cf000000, 0x00000006cf400000|  0%| F|  |TAMS 0x00000006cf000000, 0x00000006cf000000| Untracked 
| 317|0x00000006cf400000, 0x00000006cf400000, 0x00000006cf800000|  0%| F|  |TAMS 0x00000006cf400000, 0x00000006cf400000| Untracked 
| 318|0x00000006cf800000, 0x00000006cf800000, 0x00000006cfc00000|  0%| F|  |TAMS 0x00000006cf800000, 0x00000006cf800000| Untracked 
| 319|0x00000006cfc00000, 0x00000006cfc00000, 0x00000006d0000000|  0%| F|  |TAMS 0x00000006cfc00000, 0x00000006cfc00000| Untracked 
| 320|0x00000006d0000000, 0x00000006d0000000, 0x00000006d0400000|  0%| F|  |TAMS 0x00000006d0000000, 0x00000006d0000000| Untracked 
| 321|0x00000006d0400000, 0x00000006d0400000, 0x00000006d0800000|  0%| F|  |TAMS 0x00000006d0400000, 0x00000006d0400000| Untracked 
| 322|0x00000006d0800000, 0x00000006d0800000, 0x00000006d0c00000|  0%| F|  |TAMS 0x00000006d0800000, 0x00000006d0800000| Untracked 
| 323|0x00000006d0c00000, 0x00000006d0c00000, 0x00000006d1000000|  0%| F|  |TAMS 0x00000006d0c00000, 0x00000006d0c00000| Untracked 
| 324|0x00000006d1000000, 0x00000006d1000000, 0x00000006d1400000|  0%| F|  |TAMS 0x00000006d1000000, 0x00000006d1000000| Untracked 
| 325|0x00000006d1400000, 0x00000006d1400000, 0x00000006d1800000|  0%| F|  |TAMS 0x00000006d1400000, 0x00000006d1400000| Untracked 
| 326|0x00000006d1800000, 0x00000006d1800000, 0x00000006d1c00000|  0%| F|  |TAMS 0x00000006d1800000, 0x00000006d1800000| Untracked 
| 327|0x00000006d1c00000, 0x00000006d1c00000, 0x00000006d2000000|  0%| F|  |TAMS 0x00000006d1c00000, 0x00000006d1c00000| Untracked 
| 328|0x00000006d2000000, 0x00000006d2000000, 0x00000006d2400000|  0%| F|  |TAMS 0x00000006d2000000, 0x00000006d2000000| Untracked 
| 329|0x00000006d2400000, 0x00000006d2400000, 0x00000006d2800000|  0%| F|  |TAMS 0x00000006d2400000, 0x00000006d2400000| Untracked 
| 330|0x00000006d2800000, 0x00000006d2800000, 0x00000006d2c00000|  0%| F|  |TAMS 0x00000006d2800000, 0x00000006d2800000| Untracked 
| 331|0x00000006d2c00000, 0x00000006d2c00000, 0x00000006d3000000|  0%| F|  |TAMS 0x00000006d2c00000, 0x00000006d2c00000| Untracked 
| 332|0x00000006d3000000, 0x00000006d3000000, 0x00000006d3400000|  0%| F|  |TAMS 0x00000006d3000000, 0x00000006d3000000| Untracked 
| 333|0x00000006d3400000, 0x00000006d3400000, 0x00000006d3800000|  0%| F|  |TAMS 0x00000006d3400000, 0x00000006d3400000| Untracked 
| 334|0x00000006d3800000, 0x00000006d3800000, 0x00000006d3c00000|  0%| F|  |TAMS 0x00000006d3800000, 0x00000006d3800000| Untracked 
| 335|0x00000006d3c00000, 0x00000006d3c00000, 0x00000006d4000000|  0%| F|  |TAMS 0x00000006d3c00000, 0x00000006d3c00000| Untracked 
| 336|0x00000006d4000000, 0x00000006d4000000, 0x00000006d4400000|  0%| F|  |TAMS 0x00000006d4000000, 0x00000006d4000000| Untracked 
| 337|0x00000006d4400000, 0x00000006d4400000, 0x00000006d4800000|  0%| F|  |TAMS 0x00000006d4400000, 0x00000006d4400000| Untracked 
| 338|0x00000006d4800000, 0x00000006d4800000, 0x00000006d4c00000|  0%| F|  |TAMS 0x00000006d4800000, 0x00000006d4800000| Untracked 
| 339|0x00000006d4c00000, 0x00000006d4c00000, 0x00000006d5000000|  0%| F|  |TAMS 0x00000006d4c00000, 0x00000006d4c00000| Untracked 
| 340|0x00000006d5000000, 0x00000006d5000000, 0x00000006d5400000|  0%| F|  |TAMS 0x00000006d5000000, 0x00000006d5000000| Untracked 
| 341|0x00000006d5400000, 0x00000006d5400000, 0x00000006d5800000|  0%| F|  |TAMS 0x00000006d5400000, 0x00000006d5400000| Untracked 
| 342|0x00000006d5800000, 0x00000006d5800000, 0x00000006d5c00000|  0%| F|  |TAMS 0x00000006d5800000, 0x00000006d5800000| Untracked 
| 343|0x00000006d5c00000, 0x00000006d5c00000, 0x00000006d6000000|  0%| F|  |TAMS 0x00000006d5c00000, 0x00000006d5c00000| Untracked 
| 344|0x00000006d6000000, 0x00000006d6000000, 0x00000006d6400000|  0%| F|  |TAMS 0x00000006d6000000, 0x00000006d6000000| Untracked 
| 345|0x00000006d6400000, 0x00000006d6400000, 0x00000006d6800000|  0%| F|  |TAMS 0x00000006d6400000, 0x00000006d6400000| Untracked 
| 346|0x00000006d6800000, 0x00000006d6800000, 0x00000006d6c00000|  0%| F|  |TAMS 0x00000006d6800000, 0x00000006d6800000| Untracked 
| 347|0x00000006d6c00000, 0x00000006d6c00000, 0x00000006d7000000|  0%| F|  |TAMS 0x00000006d6c00000, 0x00000006d6c00000| Untracked 
| 348|0x00000006d7000000, 0x00000006d7000000, 0x00000006d7400000|  0%| F|  |TAMS 0x00000006d7000000, 0x00000006d7000000| Untracked 
| 349|0x00000006d7400000, 0x00000006d7400000, 0x00000006d7800000|  0%| F|  |TAMS 0x00000006d7400000, 0x00000006d7400000| Untracked 
| 350|0x00000006d7800000, 0x00000006d7800000, 0x00000006d7c00000|  0%| F|  |TAMS 0x00000006d7800000, 0x00000006d7800000| Untracked 
| 351|0x00000006d7c00000, 0x00000006d7c00000, 0x00000006d8000000|  0%| F|  |TAMS 0x00000006d7c00000, 0x00000006d7c00000| Untracked 
| 352|0x00000006d8000000, 0x00000006d8000000, 0x00000006d8400000|  0%| F|  |TAMS 0x00000006d8000000, 0x00000006d8000000| Untracked 
| 353|0x00000006d8400000, 0x00000006d8400000, 0x00000006d8800000|  0%| F|  |TAMS 0x00000006d8400000, 0x00000006d8400000| Untracked 
| 354|0x00000006d8800000, 0x00000006d8800000, 0x00000006d8c00000|  0%| F|  |TAMS 0x00000006d8800000, 0x00000006d8800000| Untracked 
| 355|0x00000006d8c00000, 0x00000006d8c00000, 0x00000006d9000000|  0%| F|  |TAMS 0x00000006d8c00000, 0x00000006d8c00000| Untracked 
| 356|0x00000006d9000000, 0x00000006d9000000, 0x00000006d9400000|  0%| F|  |TAMS 0x00000006d9000000, 0x00000006d9000000| Untracked 
| 357|0x00000006d9400000, 0x00000006d9400000, 0x00000006d9800000|  0%| F|  |TAMS 0x00000006d9400000, 0x00000006d9400000| Untracked 
| 358|0x00000006d9800000, 0x00000006d9800000, 0x00000006d9c00000|  0%| F|  |TAMS 0x00000006d9800000, 0x00000006d9800000| Untracked 
| 359|0x00000006d9c00000, 0x00000006d9c00000, 0x00000006da000000|  0%| F|  |TAMS 0x00000006d9c00000, 0x00000006d9c00000| Untracked 
| 360|0x00000006da000000, 0x00000006da000000, 0x00000006da400000|  0%| F|  |TAMS 0x00000006da000000, 0x00000006da000000| Untracked 
| 361|0x00000006da400000, 0x00000006da400000, 0x00000006da800000|  0%| F|  |TAMS 0x00000006da400000, 0x00000006da400000| Untracked 
| 362|0x00000006da800000, 0x00000006da800000, 0x00000006dac00000|  0%| F|  |TAMS 0x00000006da800000, 0x00000006da800000| Untracked 
| 363|0x00000006dac00000, 0x00000006dac00000, 0x00000006db000000|  0%| F|  |TAMS 0x00000006dac00000, 0x00000006dac00000| Untracked 
| 364|0x00000006db000000, 0x00000006db000000, 0x00000006db400000|  0%| F|  |TAMS 0x00000006db000000, 0x00000006db000000| Untracked 
| 365|0x00000006db400000, 0x00000006db400000, 0x00000006db800000|  0%| F|  |TAMS 0x00000006db400000, 0x00000006db400000| Untracked 
| 366|0x00000006db800000, 0x00000006db800000, 0x00000006dbc00000|  0%| F|  |TAMS 0x00000006db800000, 0x00000006db800000| Untracked 
| 367|0x00000006dbc00000, 0x00000006dbc00000, 0x00000006dc000000|  0%| F|  |TAMS 0x00000006dbc00000, 0x00000006dbc00000| Untracked 
| 368|0x00000006dc000000, 0x00000006dc000000, 0x00000006dc400000|  0%| F|  |TAMS 0x00000006dc000000, 0x00000006dc000000| Untracked 
| 369|0x00000006dc400000, 0x00000006dc400000, 0x00000006dc800000|  0%| F|  |TAMS 0x00000006dc400000, 0x00000006dc400000| Untracked 
| 370|0x00000006dc800000, 0x00000006dc800000, 0x00000006dcc00000|  0%| F|  |TAMS 0x00000006dc800000, 0x00000006dc800000| Untracked 
| 371|0x00000006dcc00000, 0x00000006dcc00000, 0x00000006dd000000|  0%| F|  |TAMS 0x00000006dcc00000, 0x00000006dcc00000| Untracked 
| 372|0x00000006dd000000, 0x00000006dd000000, 0x00000006dd400000|  0%| F|  |TAMS 0x00000006dd000000, 0x00000006dd000000| Untracked 
| 373|0x00000006dd400000, 0x00000006dd400000, 0x00000006dd800000|  0%| F|  |TAMS 0x00000006dd400000, 0x00000006dd400000| Untracked 
| 374|0x00000006dd800000, 0x00000006dd800000, 0x00000006ddc00000|  0%| F|  |TAMS 0x00000006dd800000, 0x00000006dd800000| Untracked 
| 375|0x00000006ddc00000, 0x00000006ddc00000, 0x00000006de000000|  0%| F|  |TAMS 0x00000006ddc00000, 0x00000006ddc00000| Untracked 
| 376|0x00000006de000000, 0x00000006de000000, 0x00000006de400000|  0%| F|  |TAMS 0x00000006de000000, 0x00000006de000000| Untracked 
| 377|0x00000006de400000, 0x00000006de400000, 0x00000006de800000|  0%| F|  |TAMS 0x00000006de400000, 0x00000006de400000| Untracked 
| 378|0x00000006de800000, 0x00000006de800000, 0x00000006dec00000|  0%| F|  |TAMS 0x00000006de800000, 0x00000006de800000| Untracked 
| 379|0x00000006dec00000, 0x00000006dec00000, 0x00000006df000000|  0%| F|  |TAMS 0x00000006dec00000, 0x00000006dec00000| Untracked 
| 380|0x00000006df000000, 0x00000006df000000, 0x00000006df400000|  0%| F|  |TAMS 0x00000006df000000, 0x00000006df000000| Untracked 
| 381|0x00000006df400000, 0x00000006df400000, 0x00000006df800000|  0%| F|  |TAMS 0x00000006df400000, 0x00000006df400000| Untracked 
| 382|0x00000006df800000, 0x00000006df800000, 0x00000006dfc00000|  0%| F|  |TAMS 0x00000006df800000, 0x00000006df800000| Untracked 
| 383|0x00000006dfc00000, 0x00000006dfc00000, 0x00000006e0000000|  0%| F|  |TAMS 0x00000006dfc00000, 0x00000006dfc00000| Untracked 
| 384|0x00000006e0000000, 0x00000006e0000000, 0x00000006e0400000|  0%| F|  |TAMS 0x00000006e0000000, 0x00000006e0000000| Untracked 
| 385|0x00000006e0400000, 0x00000006e0400000, 0x00000006e0800000|  0%| F|  |TAMS 0x00000006e0400000, 0x00000006e0400000| Untracked 
| 386|0x00000006e0800000, 0x00000006e0800000, 0x00000006e0c00000|  0%| F|  |TAMS 0x00000006e0800000, 0x00000006e0800000| Untracked 
| 387|0x00000006e0c00000, 0x00000006e0c00000, 0x00000006e1000000|  0%| F|  |TAMS 0x00000006e0c00000, 0x00000006e0c00000| Untracked 
| 388|0x00000006e1000000, 0x00000006e1000000, 0x00000006e1400000|  0%| F|  |TAMS 0x00000006e1000000, 0x00000006e1000000| Untracked 
| 389|0x00000006e1400000, 0x00000006e1400000, 0x00000006e1800000|  0%| F|  |TAMS 0x00000006e1400000, 0x00000006e1400000| Untracked 
| 390|0x00000006e1800000, 0x00000006e1800000, 0x00000006e1c00000|  0%| F|  |TAMS 0x00000006e1800000, 0x00000006e1800000| Untracked 
| 391|0x00000006e1c00000, 0x00000006e1c00000, 0x00000006e2000000|  0%| F|  |TAMS 0x00000006e1c00000, 0x00000006e1c00000| Untracked 
| 392|0x00000006e2000000, 0x00000006e2000000, 0x00000006e2400000|  0%| F|  |TAMS 0x00000006e2000000, 0x00000006e2000000| Untracked 
| 393|0x00000006e2400000, 0x00000006e2400000, 0x00000006e2800000|  0%| F|  |TAMS 0x00000006e2400000, 0x00000006e2400000| Untracked 
| 394|0x00000006e2800000, 0x00000006e2800000, 0x00000006e2c00000|  0%| F|  |TAMS 0x00000006e2800000, 0x00000006e2800000| Untracked 
| 395|0x00000006e2c00000, 0x00000006e2c00000, 0x00000006e3000000|  0%| F|  |TAMS 0x00000006e2c00000, 0x00000006e2c00000| Untracked 
| 396|0x00000006e3000000, 0x00000006e3000000, 0x00000006e3400000|  0%| F|  |TAMS 0x00000006e3000000, 0x00000006e3000000| Untracked 
| 397|0x00000006e3400000, 0x00000006e3400000, 0x00000006e3800000|  0%| F|  |TAMS 0x00000006e3400000, 0x00000006e3400000| Untracked 
| 398|0x00000006e3800000, 0x00000006e3800000, 0x00000006e3c00000|  0%| F|  |TAMS 0x00000006e3800000, 0x00000006e3800000| Untracked 
| 399|0x00000006e3c00000, 0x00000006e3c00000, 0x00000006e4000000|  0%| F|  |TAMS 0x00000006e3c00000, 0x00000006e3c00000| Untracked 
| 400|0x00000006e4000000, 0x00000006e4000000, 0x00000006e4400000|  0%| F|  |TAMS 0x00000006e4000000, 0x00000006e4000000| Untracked 
| 401|0x00000006e4400000, 0x00000006e4400000, 0x00000006e4800000|  0%| F|  |TAMS 0x00000006e4400000, 0x00000006e4400000| Untracked 
| 402|0x00000006e4800000, 0x00000006e4800000, 0x00000006e4c00000|  0%| F|  |TAMS 0x00000006e4800000, 0x00000006e4800000| Untracked 
| 403|0x00000006e4c00000, 0x00000006e4c00000, 0x00000006e5000000|  0%| F|  |TAMS 0x00000006e4c00000, 0x00000006e4c00000| Untracked 
| 404|0x00000006e5000000, 0x00000006e5000000, 0x00000006e5400000|  0%| F|  |TAMS 0x00000006e5000000, 0x00000006e5000000| Untracked 
| 405|0x00000006e5400000, 0x00000006e5400000, 0x00000006e5800000|  0%| F|  |TAMS 0x00000006e5400000, 0x00000006e5400000| Untracked 
| 406|0x00000006e5800000, 0x00000006e5800000, 0x00000006e5c00000|  0%| F|  |TAMS 0x00000006e5800000, 0x00000006e5800000| Untracked 
| 407|0x00000006e5c00000, 0x00000006e5c00000, 0x00000006e6000000|  0%| F|  |TAMS 0x00000006e5c00000, 0x00000006e5c00000| Untracked 
| 408|0x00000006e6000000, 0x00000006e6000000, 0x00000006e6400000|  0%| F|  |TAMS 0x00000006e6000000, 0x00000006e6000000| Untracked 
| 409|0x00000006e6400000, 0x00000006e6400000, 0x00000006e6800000|  0%| F|  |TAMS 0x00000006e6400000, 0x00000006e6400000| Untracked 
| 410|0x00000006e6800000, 0x00000006e6800000, 0x00000006e6c00000|  0%| F|  |TAMS 0x00000006e6800000, 0x00000006e6800000| Untracked 
| 411|0x00000006e6c00000, 0x00000006e6c00000, 0x00000006e7000000|  0%| F|  |TAMS 0x00000006e6c00000, 0x00000006e6c00000| Untracked 
| 412|0x00000006e7000000, 0x00000006e7000000, 0x00000006e7400000|  0%| F|  |TAMS 0x00000006e7000000, 0x00000006e7000000| Untracked 
| 413|0x00000006e7400000, 0x00000006e7400000, 0x00000006e7800000|  0%| F|  |TAMS 0x00000006e7400000, 0x00000006e7400000| Untracked 
| 414|0x00000006e7800000, 0x00000006e7800000, 0x00000006e7c00000|  0%| F|  |TAMS 0x00000006e7800000, 0x00000006e7800000| Untracked 
| 415|0x00000006e7c00000, 0x00000006e7c00000, 0x00000006e8000000|  0%| F|  |TAMS 0x00000006e7c00000, 0x00000006e7c00000| Untracked 
| 416|0x00000006e8000000, 0x00000006e8000000, 0x00000006e8400000|  0%| F|  |TAMS 0x00000006e8000000, 0x00000006e8000000| Untracked 
| 417|0x00000006e8400000, 0x00000006e8400000, 0x00000006e8800000|  0%| F|  |TAMS 0x00000006e8400000, 0x00000006e8400000| Untracked 
| 418|0x00000006e8800000, 0x00000006e8800000, 0x00000006e8c00000|  0%| F|  |TAMS 0x00000006e8800000, 0x00000006e8800000| Untracked 
| 419|0x00000006e8c00000, 0x00000006e8c00000, 0x00000006e9000000|  0%| F|  |TAMS 0x00000006e8c00000, 0x00000006e8c00000| Untracked 
| 420|0x00000006e9000000, 0x00000006e9000000, 0x00000006e9400000|  0%| F|  |TAMS 0x00000006e9000000, 0x00000006e9000000| Untracked 
| 421|0x00000006e9400000, 0x00000006e9400000, 0x00000006e9800000|  0%| F|  |TAMS 0x00000006e9400000, 0x00000006e9400000| Untracked 
| 422|0x00000006e9800000, 0x00000006e9800000, 0x00000006e9c00000|  0%| F|  |TAMS 0x00000006e9800000, 0x00000006e9800000| Untracked 
| 423|0x00000006e9c00000, 0x00000006e9c00000, 0x00000006ea000000|  0%| F|  |TAMS 0x00000006e9c00000, 0x00000006e9c00000| Untracked 
| 424|0x00000006ea000000, 0x00000006ea000000, 0x00000006ea400000|  0%| F|  |TAMS 0x00000006ea000000, 0x00000006ea000000| Untracked 
| 425|0x00000006ea400000, 0x00000006ea400000, 0x00000006ea800000|  0%| F|  |TAMS 0x00000006ea400000, 0x00000006ea400000| Untracked 
| 426|0x00000006ea800000, 0x00000006ea800000, 0x00000006eac00000|  0%| F|  |TAMS 0x00000006ea800000, 0x00000006ea800000| Untracked 
| 427|0x00000006eac00000, 0x00000006eac00000, 0x00000006eb000000|  0%| F|  |TAMS 0x00000006eac00000, 0x00000006eac00000| Untracked 
| 428|0x00000006eb000000, 0x00000006eb000000, 0x00000006eb400000|  0%| F|  |TAMS 0x00000006eb000000, 0x00000006eb000000| Untracked 
| 429|0x00000006eb400000, 0x00000006eb400000, 0x00000006eb800000|  0%| F|  |TAMS 0x00000006eb400000, 0x00000006eb400000| Untracked 
| 430|0x00000006eb800000, 0x00000006eb800000, 0x00000006ebc00000|  0%| F|  |TAMS 0x00000006eb800000, 0x00000006eb800000| Untracked 
| 431|0x00000006ebc00000, 0x00000006ebc00000, 0x00000006ec000000|  0%| F|  |TAMS 0x00000006ebc00000, 0x00000006ebc00000| Untracked 
| 432|0x00000006ec000000, 0x00000006ec000000, 0x00000006ec400000|  0%| F|  |TAMS 0x00000006ec000000, 0x00000006ec000000| Untracked 
| 433|0x00000006ec400000, 0x00000006ec400000, 0x00000006ec800000|  0%| F|  |TAMS 0x00000006ec400000, 0x00000006ec400000| Untracked 
| 434|0x00000006ec800000, 0x00000006ec800000, 0x00000006ecc00000|  0%| F|  |TAMS 0x00000006ec800000, 0x00000006ec800000| Untracked 
| 435|0x00000006ecc00000, 0x00000006ecc00000, 0x00000006ed000000|  0%| F|  |TAMS 0x00000006ecc00000, 0x00000006ecc00000| Untracked 
| 436|0x00000006ed000000, 0x00000006ed000000, 0x00000006ed400000|  0%| F|  |TAMS 0x00000006ed000000, 0x00000006ed000000| Untracked 
| 437|0x00000006ed400000, 0x00000006ed400000, 0x00000006ed800000|  0%| F|  |TAMS 0x00000006ed400000, 0x00000006ed400000| Untracked 
| 438|0x00000006ed800000, 0x00000006ed800000, 0x00000006edc00000|  0%| F|  |TAMS 0x00000006ed800000, 0x00000006ed800000| Untracked 
| 439|0x00000006edc00000, 0x00000006edc00000, 0x00000006ee000000|  0%| F|  |TAMS 0x00000006edc00000, 0x00000006edc00000| Untracked 
| 440|0x00000006ee000000, 0x00000006ee000000, 0x00000006ee400000|  0%| F|  |TAMS 0x00000006ee000000, 0x00000006ee000000| Untracked 
| 441|0x00000006ee400000, 0x00000006ee400000, 0x00000006ee800000|  0%| F|  |TAMS 0x00000006ee400000, 0x00000006ee400000| Untracked 
| 442|0x00000006ee800000, 0x00000006ee800000, 0x00000006eec00000|  0%| F|  |TAMS 0x00000006ee800000, 0x00000006ee800000| Untracked 
| 443|0x00000006eec00000, 0x00000006eec00000, 0x00000006ef000000|  0%| F|  |TAMS 0x00000006eec00000, 0x00000006eec00000| Untracked 
| 444|0x00000006ef000000, 0x00000006ef000000, 0x00000006ef400000|  0%| F|  |TAMS 0x00000006ef000000, 0x00000006ef000000| Untracked 
| 445|0x00000006ef400000, 0x00000006ef400000, 0x00000006ef800000|  0%| F|  |TAMS 0x00000006ef400000, 0x00000006ef400000| Untracked 
| 446|0x00000006ef800000, 0x00000006ef800000, 0x00000006efc00000|  0%| F|  |TAMS 0x00000006ef800000, 0x00000006ef800000| Untracked 
| 447|0x00000006efc00000, 0x00000006efc00000, 0x00000006f0000000|  0%| F|  |TAMS 0x00000006efc00000, 0x00000006efc00000| Untracked 
| 448|0x00000006f0000000, 0x00000006f0000000, 0x00000006f0400000|  0%| F|  |TAMS 0x00000006f0000000, 0x00000006f0000000| Untracked 
| 449|0x00000006f0400000, 0x00000006f0400000, 0x00000006f0800000|  0%| F|  |TAMS 0x00000006f0400000, 0x00000006f0400000| Untracked 
| 450|0x00000006f0800000, 0x00000006f0800000, 0x00000006f0c00000|  0%| F|  |TAMS 0x00000006f0800000, 0x00000006f0800000| Untracked 
| 451|0x00000006f0c00000, 0x00000006f0c00000, 0x00000006f1000000|  0%| F|  |TAMS 0x00000006f0c00000, 0x00000006f0c00000| Untracked 
| 452|0x00000006f1000000, 0x00000006f1000000, 0x00000006f1400000|  0%| F|  |TAMS 0x00000006f1000000, 0x00000006f1000000| Untracked 
| 453|0x00000006f1400000, 0x00000006f1400000, 0x00000006f1800000|  0%| F|  |TAMS 0x00000006f1400000, 0x00000006f1400000| Untracked 
| 454|0x00000006f1800000, 0x00000006f1800000, 0x00000006f1c00000|  0%| F|  |TAMS 0x00000006f1800000, 0x00000006f1800000| Untracked 
| 455|0x00000006f1c00000, 0x00000006f1c00000, 0x00000006f2000000|  0%| F|  |TAMS 0x00000006f1c00000, 0x00000006f1c00000| Untracked 
| 456|0x00000006f2000000, 0x00000006f2000000, 0x00000006f2400000|  0%| F|  |TAMS 0x00000006f2000000, 0x00000006f2000000| Untracked 
| 457|0x00000006f2400000, 0x00000006f2400000, 0x00000006f2800000|  0%| F|  |TAMS 0x00000006f2400000, 0x00000006f2400000| Untracked 
| 458|0x00000006f2800000, 0x00000006f2800000, 0x00000006f2c00000|  0%| F|  |TAMS 0x00000006f2800000, 0x00000006f2800000| Untracked 
| 459|0x00000006f2c00000, 0x00000006f2c00000, 0x00000006f3000000|  0%| F|  |TAMS 0x00000006f2c00000, 0x00000006f2c00000| Untracked 
| 460|0x00000006f3000000, 0x00000006f3000000, 0x00000006f3400000|  0%| F|  |TAMS 0x00000006f3000000, 0x00000006f3000000| Untracked 
| 461|0x00000006f3400000, 0x00000006f3400000, 0x00000006f3800000|  0%| F|  |TAMS 0x00000006f3400000, 0x00000006f3400000| Untracked 
| 462|0x00000006f3800000, 0x00000006f3800000, 0x00000006f3c00000|  0%| F|  |TAMS 0x00000006f3800000, 0x00000006f3800000| Untracked 
| 463|0x00000006f3c00000, 0x00000006f3c00000, 0x00000006f4000000|  0%| F|  |TAMS 0x00000006f3c00000, 0x00000006f3c00000| Untracked 
| 464|0x00000006f4000000, 0x00000006f4000000, 0x00000006f4400000|  0%| F|  |TAMS 0x00000006f4000000, 0x00000006f4000000| Untracked 
| 465|0x00000006f4400000, 0x00000006f4400000, 0x00000006f4800000|  0%| F|  |TAMS 0x00000006f4400000, 0x00000006f4400000| Untracked 
| 466|0x00000006f4800000, 0x00000006f4800000, 0x00000006f4c00000|  0%| F|  |TAMS 0x00000006f4800000, 0x00000006f4800000| Untracked 
| 467|0x00000006f4c00000, 0x00000006f4c00000, 0x00000006f5000000|  0%| F|  |TAMS 0x00000006f4c00000, 0x00000006f4c00000| Untracked 
| 468|0x00000006f5000000, 0x00000006f5000000, 0x00000006f5400000|  0%| F|  |TAMS 0x00000006f5000000, 0x00000006f5000000| Untracked 
| 469|0x00000006f5400000, 0x00000006f5400000, 0x00000006f5800000|  0%| F|  |TAMS 0x00000006f5400000, 0x00000006f5400000| Untracked 
| 470|0x00000006f5800000, 0x00000006f5800000, 0x00000006f5c00000|  0%| F|  |TAMS 0x00000006f5800000, 0x00000006f5800000| Untracked 
| 471|0x00000006f5c00000, 0x00000006f5c00000, 0x00000006f6000000|  0%| F|  |TAMS 0x00000006f5c00000, 0x00000006f5c00000| Untracked 
| 472|0x00000006f6000000, 0x00000006f6000000, 0x00000006f6400000|  0%| F|  |TAMS 0x00000006f6000000, 0x00000006f6000000| Untracked 
| 473|0x00000006f6400000, 0x00000006f6400000, 0x00000006f6800000|  0%| F|  |TAMS 0x00000006f6400000, 0x00000006f6400000| Untracked 
| 474|0x00000006f6800000, 0x00000006f6800000, 0x00000006f6c00000|  0%| F|  |TAMS 0x00000006f6800000, 0x00000006f6800000| Untracked 
| 475|0x00000006f6c00000, 0x00000006f6c00000, 0x00000006f7000000|  0%| F|  |TAMS 0x00000006f6c00000, 0x00000006f6c00000| Untracked 
| 476|0x00000006f7000000, 0x00000006f7000000, 0x00000006f7400000|  0%| F|  |TAMS 0x00000006f7000000, 0x00000006f7000000| Untracked 
| 477|0x00000006f7400000, 0x00000006f7400000, 0x00000006f7800000|  0%| F|  |TAMS 0x00000006f7400000, 0x00000006f7400000| Untracked 
| 478|0x00000006f7800000, 0x00000006f7800000, 0x00000006f7c00000|  0%| F|  |TAMS 0x00000006f7800000, 0x00000006f7800000| Untracked 
| 479|0x00000006f7c00000, 0x00000006f7c00000, 0x00000006f8000000|  0%| F|  |TAMS 0x00000006f7c00000, 0x00000006f7c00000| Untracked 
| 480|0x00000006f8000000, 0x00000006f8000000, 0x00000006f8400000|  0%| F|  |TAMS 0x00000006f8000000, 0x00000006f8000000| Untracked 
| 481|0x00000006f8400000, 0x00000006f8400000, 0x00000006f8800000|  0%| F|  |TAMS 0x00000006f8400000, 0x00000006f8400000| Untracked 
| 482|0x00000006f8800000, 0x00000006f8800000, 0x00000006f8c00000|  0%| F|  |TAMS 0x00000006f8800000, 0x00000006f8800000| Untracked 
| 483|0x00000006f8c00000, 0x00000006f8c00000, 0x00000006f9000000|  0%| F|  |TAMS 0x00000006f8c00000, 0x00000006f8c00000| Untracked 
| 484|0x00000006f9000000, 0x00000006f9000000, 0x00000006f9400000|  0%| F|  |TAMS 0x00000006f9000000, 0x00000006f9000000| Untracked 
| 485|0x00000006f9400000, 0x00000006f9400000, 0x00000006f9800000|  0%| F|  |TAMS 0x00000006f9400000, 0x00000006f9400000| Untracked 
| 486|0x00000006f9800000, 0x00000006f9800000, 0x00000006f9c00000|  0%| F|  |TAMS 0x00000006f9800000, 0x00000006f9800000| Untracked 
| 487|0x00000006f9c00000, 0x00000006f9c00000, 0x00000006fa000000|  0%| F|  |TAMS 0x00000006f9c00000, 0x00000006f9c00000| Untracked 
| 488|0x00000006fa000000, 0x00000006fa000000, 0x00000006fa400000|  0%| F|  |TAMS 0x00000006fa000000, 0x00000006fa000000| Untracked 
| 489|0x00000006fa400000, 0x00000006fa400000, 0x00000006fa800000|  0%| F|  |TAMS 0x00000006fa400000, 0x00000006fa400000| Untracked 
| 490|0x00000006fa800000, 0x00000006fa800000, 0x00000006fac00000|  0%| F|  |TAMS 0x00000006fa800000, 0x00000006fa800000| Untracked 
| 491|0x00000006fac00000, 0x00000006fac00000, 0x00000006fb000000|  0%| F|  |TAMS 0x00000006fac00000, 0x00000006fac00000| Untracked 
| 492|0x00000006fb000000, 0x00000006fb000000, 0x00000006fb400000|  0%| F|  |TAMS 0x00000006fb000000, 0x00000006fb000000| Untracked 
| 493|0x00000006fb400000, 0x00000006fb400000, 0x00000006fb800000|  0%| F|  |TAMS 0x00000006fb400000, 0x00000006fb400000| Untracked 
| 494|0x00000006fb800000, 0x00000006fb800000, 0x00000006fbc00000|  0%| F|  |TAMS 0x00000006fb800000, 0x00000006fb800000| Untracked 
| 495|0x00000006fbc00000, 0x00000006fbc00000, 0x00000006fc000000|  0%| F|  |TAMS 0x00000006fbc00000, 0x00000006fbc00000| Untracked 
| 496|0x00000006fc000000, 0x00000006fc000000, 0x00000006fc400000|  0%| F|  |TAMS 0x00000006fc000000, 0x00000006fc000000| Untracked 
| 497|0x00000006fc400000, 0x00000006fc400000, 0x00000006fc800000|  0%| F|  |TAMS 0x00000006fc400000, 0x00000006fc400000| Untracked 
| 498|0x00000006fc800000, 0x00000006fc800000, 0x00000006fcc00000|  0%| F|  |TAMS 0x00000006fc800000, 0x00000006fc800000| Untracked 
| 499|0x00000006fcc00000, 0x00000006fcc00000, 0x00000006fd000000|  0%| F|  |TAMS 0x00000006fcc00000, 0x00000006fcc00000| Untracked 
| 500|0x00000006fd000000, 0x00000006fd000000, 0x00000006fd400000|  0%| F|  |TAMS 0x00000006fd000000, 0x00000006fd000000| Untracked 
| 501|0x00000006fd400000, 0x00000006fd400000, 0x00000006fd800000|  0%| F|  |TAMS 0x00000006fd400000, 0x00000006fd400000| Untracked 
| 502|0x00000006fd800000, 0x00000006fd800000, 0x00000006fdc00000|  0%| F|  |TAMS 0x00000006fd800000, 0x00000006fd800000| Untracked 
| 503|0x00000006fdc00000, 0x00000006fdc00000, 0x00000006fe000000|  0%| F|  |TAMS 0x00000006fdc00000, 0x00000006fdc00000| Untracked 
| 504|0x00000006fe000000, 0x00000006fe000000, 0x00000006fe400000|  0%| F|  |TAMS 0x00000006fe000000, 0x00000006fe000000| Untracked 
| 505|0x00000006fe400000, 0x00000006fe400000, 0x00000006fe800000|  0%| F|  |TAMS 0x00000006fe400000, 0x00000006fe400000| Untracked 
| 506|0x00000006fe800000, 0x00000006fe800000, 0x00000006fec00000|  0%| F|  |TAMS 0x00000006fe800000, 0x00000006fe800000| Untracked 
| 507|0x00000006fec00000, 0x00000006fec00000, 0x00000006ff000000|  0%| F|  |TAMS 0x00000006fec00000, 0x00000006fec00000| Untracked 
| 508|0x00000006ff000000, 0x00000006ff000000, 0x00000006ff400000|  0%| F|  |TAMS 0x00000006ff000000, 0x00000006ff000000| Untracked 
| 509|0x00000006ff400000, 0x00000006ff400000, 0x00000006ff800000|  0%| F|  |TAMS 0x00000006ff400000, 0x00000006ff400000| Untracked 
| 510|0x00000006ff800000, 0x00000006ff800000, 0x00000006ffc00000|  0%| F|  |TAMS 0x00000006ff800000, 0x00000006ff800000| Untracked 
| 511|0x00000006ffc00000, 0x00000006ffc00000, 0x0000000700000000|  0%| F|  |TAMS 0x00000006ffc00000, 0x00000006ffc00000| Untracked 
| 512|0x0000000700000000, 0x0000000700000000, 0x0000000700400000|  0%| F|  |TAMS 0x0000000700000000, 0x0000000700000000| Untracked 
| 513|0x0000000700400000, 0x0000000700400000, 0x0000000700800000|  0%| F|  |TAMS 0x0000000700400000, 0x0000000700400000| Untracked 
| 514|0x0000000700800000, 0x0000000700800000, 0x0000000700c00000|  0%| F|  |TAMS 0x0000000700800000, 0x0000000700800000| Untracked 
| 515|0x0000000700c00000, 0x0000000700c00000, 0x0000000701000000|  0%| F|  |TAMS 0x0000000700c00000, 0x0000000700c00000| Untracked 
| 516|0x0000000701000000, 0x0000000701000000, 0x0000000701400000|  0%| F|  |TAMS 0x0000000701000000, 0x0000000701000000| Untracked 
| 517|0x0000000701400000, 0x0000000701400000, 0x0000000701800000|  0%| F|  |TAMS 0x0000000701400000, 0x0000000701400000| Untracked 
| 518|0x0000000701800000, 0x0000000701800000, 0x0000000701c00000|  0%| F|  |TAMS 0x0000000701800000, 0x0000000701800000| Untracked 
| 519|0x0000000701c00000, 0x0000000701c00000, 0x0000000702000000|  0%| F|  |TAMS 0x0000000701c00000, 0x0000000701c00000| Untracked 
| 520|0x0000000702000000, 0x0000000702000000, 0x0000000702400000|  0%| F|  |TAMS 0x0000000702000000, 0x0000000702000000| Untracked 
| 521|0x0000000702400000, 0x0000000702400000, 0x0000000702800000|  0%| F|  |TAMS 0x0000000702400000, 0x0000000702400000| Untracked 
| 522|0x0000000702800000, 0x0000000702800000, 0x0000000702c00000|  0%| F|  |TAMS 0x0000000702800000, 0x0000000702800000| Untracked 
| 523|0x0000000702c00000, 0x0000000702c00000, 0x0000000703000000|  0%| F|  |TAMS 0x0000000702c00000, 0x0000000702c00000| Untracked 
| 524|0x0000000703000000, 0x0000000703000000, 0x0000000703400000|  0%| F|  |TAMS 0x0000000703000000, 0x0000000703000000| Untracked 
| 525|0x0000000703400000, 0x0000000703400000, 0x0000000703800000|  0%| F|  |TAMS 0x0000000703400000, 0x0000000703400000| Untracked 
| 526|0x0000000703800000, 0x0000000703800000, 0x0000000703c00000|  0%| F|  |TAMS 0x0000000703800000, 0x0000000703800000| Untracked 
| 527|0x0000000703c00000, 0x0000000703c00000, 0x0000000704000000|  0%| F|  |TAMS 0x0000000703c00000, 0x0000000703c00000| Untracked 
| 528|0x0000000704000000, 0x0000000704000000, 0x0000000704400000|  0%| F|  |TAMS 0x0000000704000000, 0x0000000704000000| Untracked 
| 529|0x0000000704400000, 0x0000000704400000, 0x0000000704800000|  0%| F|  |TAMS 0x0000000704400000, 0x0000000704400000| Untracked 
| 530|0x0000000704800000, 0x0000000704800000, 0x0000000704c00000|  0%| F|  |TAMS 0x0000000704800000, 0x0000000704800000| Untracked 
| 531|0x0000000704c00000, 0x0000000704c00000, 0x0000000705000000|  0%| F|  |TAMS 0x0000000704c00000, 0x0000000704c00000| Untracked 
| 532|0x0000000705000000, 0x0000000705000000, 0x0000000705400000|  0%| F|  |TAMS 0x0000000705000000, 0x0000000705000000| Untracked 
| 533|0x0000000705400000, 0x0000000705400000, 0x0000000705800000|  0%| F|  |TAMS 0x0000000705400000, 0x0000000705400000| Untracked 
| 534|0x0000000705800000, 0x0000000705800000, 0x0000000705c00000|  0%| F|  |TAMS 0x0000000705800000, 0x0000000705800000| Untracked 
| 535|0x0000000705c00000, 0x0000000705c00000, 0x0000000706000000|  0%| F|  |TAMS 0x0000000705c00000, 0x0000000705c00000| Untracked 
| 536|0x0000000706000000, 0x0000000706000000, 0x0000000706400000|  0%| F|  |TAMS 0x0000000706000000, 0x0000000706000000| Untracked 
| 537|0x0000000706400000, 0x0000000706400000, 0x0000000706800000|  0%| F|  |TAMS 0x0000000706400000, 0x0000000706400000| Untracked 
| 538|0x0000000706800000, 0x0000000706800000, 0x0000000706c00000|  0%| F|  |TAMS 0x0000000706800000, 0x0000000706800000| Untracked 
| 539|0x0000000706c00000, 0x0000000706c00000, 0x0000000707000000|  0%| F|  |TAMS 0x0000000706c00000, 0x0000000706c00000| Untracked 
| 540|0x0000000707000000, 0x0000000707000000, 0x0000000707400000|  0%| F|  |TAMS 0x0000000707000000, 0x0000000707000000| Untracked 
| 541|0x0000000707400000, 0x0000000707400000, 0x0000000707800000|  0%| F|  |TAMS 0x0000000707400000, 0x0000000707400000| Untracked 
| 542|0x0000000707800000, 0x0000000707800000, 0x0000000707c00000|  0%| F|  |TAMS 0x0000000707800000, 0x0000000707800000| Untracked 
| 543|0x0000000707c00000, 0x0000000707c00000, 0x0000000708000000|  0%| F|  |TAMS 0x0000000707c00000, 0x0000000707c00000| Untracked 
| 544|0x0000000708000000, 0x0000000708000000, 0x0000000708400000|  0%| F|  |TAMS 0x0000000708000000, 0x0000000708000000| Untracked 
| 545|0x0000000708400000, 0x0000000708400000, 0x0000000708800000|  0%| F|  |TAMS 0x0000000708400000, 0x0000000708400000| Untracked 
| 546|0x0000000708800000, 0x0000000708800000, 0x0000000708c00000|  0%| F|  |TAMS 0x0000000708800000, 0x0000000708800000| Untracked 
| 547|0x0000000708c00000, 0x0000000708c00000, 0x0000000709000000|  0%| F|  |TAMS 0x0000000708c00000, 0x0000000708c00000| Untracked 
| 548|0x0000000709000000, 0x0000000709000000, 0x0000000709400000|  0%| F|  |TAMS 0x0000000709000000, 0x0000000709000000| Untracked 
| 549|0x0000000709400000, 0x0000000709400000, 0x0000000709800000|  0%| F|  |TAMS 0x0000000709400000, 0x0000000709400000| Untracked 
| 550|0x0000000709800000, 0x0000000709800000, 0x0000000709c00000|  0%| F|  |TAMS 0x0000000709800000, 0x0000000709800000| Untracked 
| 551|0x0000000709c00000, 0x0000000709c00000, 0x000000070a000000|  0%| F|  |TAMS 0x0000000709c00000, 0x0000000709c00000| Untracked 
| 552|0x000000070a000000, 0x000000070a000000, 0x000000070a400000|  0%| F|  |TAMS 0x000000070a000000, 0x000000070a000000| Untracked 
| 553|0x000000070a400000, 0x000000070a400000, 0x000000070a800000|  0%| F|  |TAMS 0x000000070a400000, 0x000000070a400000| Untracked 
| 554|0x000000070a800000, 0x000000070a800000, 0x000000070ac00000|  0%| F|  |TAMS 0x000000070a800000, 0x000000070a800000| Untracked 
| 555|0x000000070ac00000, 0x000000070ac00000, 0x000000070b000000|  0%| F|  |TAMS 0x000000070ac00000, 0x000000070ac00000| Untracked 
| 556|0x000000070b000000, 0x000000070b000000, 0x000000070b400000|  0%| F|  |TAMS 0x000000070b000000, 0x000000070b000000| Untracked 
| 557|0x000000070b400000, 0x000000070b400000, 0x000000070b800000|  0%| F|  |TAMS 0x000000070b400000, 0x000000070b400000| Untracked 
| 558|0x000000070b800000, 0x000000070b800000, 0x000000070bc00000|  0%| F|  |TAMS 0x000000070b800000, 0x000000070b800000| Untracked 
| 559|0x000000070bc00000, 0x000000070bc00000, 0x000000070c000000|  0%| F|  |TAMS 0x000000070bc00000, 0x000000070bc00000| Untracked 
| 560|0x000000070c000000, 0x000000070c000000, 0x000000070c400000|  0%| F|  |TAMS 0x000000070c000000, 0x000000070c000000| Untracked 
| 561|0x000000070c400000, 0x000000070c400000, 0x000000070c800000|  0%| F|  |TAMS 0x000000070c400000, 0x000000070c400000| Untracked 
| 562|0x000000070c800000, 0x000000070c800000, 0x000000070cc00000|  0%| F|  |TAMS 0x000000070c800000, 0x000000070c800000| Untracked 
| 563|0x000000070cc00000, 0x000000070cc00000, 0x000000070d000000|  0%| F|  |TAMS 0x000000070cc00000, 0x000000070cc00000| Untracked 
| 564|0x000000070d000000, 0x000000070d000000, 0x000000070d400000|  0%| F|  |TAMS 0x000000070d000000, 0x000000070d000000| Untracked 
| 565|0x000000070d400000, 0x000000070d400000, 0x000000070d800000|  0%| F|  |TAMS 0x000000070d400000, 0x000000070d400000| Untracked 
| 566|0x000000070d800000, 0x000000070d800000, 0x000000070dc00000|  0%| F|  |TAMS 0x000000070d800000, 0x000000070d800000| Untracked 
| 567|0x000000070dc00000, 0x000000070dc00000, 0x000000070e000000|  0%| F|  |TAMS 0x000000070dc00000, 0x000000070dc00000| Untracked 
| 568|0x000000070e000000, 0x000000070e000000, 0x000000070e400000|  0%| F|  |TAMS 0x000000070e000000, 0x000000070e000000| Untracked 
| 569|0x000000070e400000, 0x000000070e400000, 0x000000070e800000|  0%| F|  |TAMS 0x000000070e400000, 0x000000070e400000| Untracked 
| 570|0x000000070e800000, 0x000000070e800000, 0x000000070ec00000|  0%| F|  |TAMS 0x000000070e800000, 0x000000070e800000| Untracked 
| 571|0x000000070ec00000, 0x000000070ec00000, 0x000000070f000000|  0%| F|  |TAMS 0x000000070ec00000, 0x000000070ec00000| Untracked 
| 572|0x000000070f000000, 0x000000070f000000, 0x000000070f400000|  0%| F|  |TAMS 0x000000070f000000, 0x000000070f000000| Untracked 
| 573|0x000000070f400000, 0x000000070f400000, 0x000000070f800000|  0%| F|  |TAMS 0x000000070f400000, 0x000000070f400000| Untracked 
| 574|0x000000070f800000, 0x000000070f800000, 0x000000070fc00000|  0%| F|  |TAMS 0x000000070f800000, 0x000000070f800000| Untracked 
| 575|0x000000070fc00000, 0x000000070fc00000, 0x0000000710000000|  0%| F|  |TAMS 0x000000070fc00000, 0x000000070fc00000| Untracked 
| 576|0x0000000710000000, 0x0000000710000000, 0x0000000710400000|  0%| F|  |TAMS 0x0000000710000000, 0x0000000710000000| Untracked 
| 577|0x0000000710400000, 0x0000000710400000, 0x0000000710800000|  0%| F|  |TAMS 0x0000000710400000, 0x0000000710400000| Untracked 
| 578|0x0000000710800000, 0x0000000710800000, 0x0000000710c00000|  0%| F|  |TAMS 0x0000000710800000, 0x0000000710800000| Untracked 
| 579|0x0000000710c00000, 0x0000000710c00000, 0x0000000711000000|  0%| F|  |TAMS 0x0000000710c00000, 0x0000000710c00000| Untracked 
| 580|0x0000000711000000, 0x0000000711000000, 0x0000000711400000|  0%| F|  |TAMS 0x0000000711000000, 0x0000000711000000| Untracked 
| 581|0x0000000711400000, 0x0000000711400000, 0x0000000711800000|  0%| F|  |TAMS 0x0000000711400000, 0x0000000711400000| Untracked 
| 582|0x0000000711800000, 0x0000000711800000, 0x0000000711c00000|  0%| F|  |TAMS 0x0000000711800000, 0x0000000711800000| Untracked 
| 583|0x0000000711c00000, 0x0000000711c00000, 0x0000000712000000|  0%| F|  |TAMS 0x0000000711c00000, 0x0000000711c00000| Untracked 
| 584|0x0000000712000000, 0x0000000712000000, 0x0000000712400000|  0%| F|  |TAMS 0x0000000712000000, 0x0000000712000000| Untracked 
| 585|0x0000000712400000, 0x0000000712400000, 0x0000000712800000|  0%| F|  |TAMS 0x0000000712400000, 0x0000000712400000| Untracked 
| 586|0x0000000712800000, 0x0000000712800000, 0x0000000712c00000|  0%| F|  |TAMS 0x0000000712800000, 0x0000000712800000| Untracked 
| 587|0x0000000712c00000, 0x0000000712c00000, 0x0000000713000000|  0%| F|  |TAMS 0x0000000712c00000, 0x0000000712c00000| Untracked 
| 588|0x0000000713000000, 0x0000000713000000, 0x0000000713400000|  0%| F|  |TAMS 0x0000000713000000, 0x0000000713000000| Untracked 
| 589|0x0000000713400000, 0x0000000713400000, 0x0000000713800000|  0%| F|  |TAMS 0x0000000713400000, 0x0000000713400000| Untracked 
| 590|0x0000000713800000, 0x0000000713800000, 0x0000000713c00000|  0%| F|  |TAMS 0x0000000713800000, 0x0000000713800000| Untracked 
| 591|0x0000000713c00000, 0x0000000713c00000, 0x0000000714000000|  0%| F|  |TAMS 0x0000000713c00000, 0x0000000713c00000| Untracked 
| 592|0x0000000714000000, 0x0000000714000000, 0x0000000714400000|  0%| F|  |TAMS 0x0000000714000000, 0x0000000714000000| Untracked 
| 593|0x0000000714400000, 0x0000000714400000, 0x0000000714800000|  0%| F|  |TAMS 0x0000000714400000, 0x0000000714400000| Untracked 
| 594|0x0000000714800000, 0x0000000714800000, 0x0000000714c00000|  0%| F|  |TAMS 0x0000000714800000, 0x0000000714800000| Untracked 
| 595|0x0000000714c00000, 0x0000000714c00000, 0x0000000715000000|  0%| F|  |TAMS 0x0000000714c00000, 0x0000000714c00000| Untracked 
| 596|0x0000000715000000, 0x0000000715000000, 0x0000000715400000|  0%| F|  |TAMS 0x0000000715000000, 0x0000000715000000| Untracked 
| 597|0x0000000715400000, 0x0000000715400000, 0x0000000715800000|  0%| F|  |TAMS 0x0000000715400000, 0x0000000715400000| Untracked 
| 598|0x0000000715800000, 0x0000000715800000, 0x0000000715c00000|  0%| F|  |TAMS 0x0000000715800000, 0x0000000715800000| Untracked 
| 599|0x0000000715c00000, 0x0000000715c00000, 0x0000000716000000|  0%| F|  |TAMS 0x0000000715c00000, 0x0000000715c00000| Untracked 
| 600|0x0000000716000000, 0x0000000716000000, 0x0000000716400000|  0%| F|  |TAMS 0x0000000716000000, 0x0000000716000000| Untracked 
| 601|0x0000000716400000, 0x0000000716400000, 0x0000000716800000|  0%| F|  |TAMS 0x0000000716400000, 0x0000000716400000| Untracked 
| 602|0x0000000716800000, 0x0000000716800000, 0x0000000716c00000|  0%| F|  |TAMS 0x0000000716800000, 0x0000000716800000| Untracked 
| 603|0x0000000716c00000, 0x0000000716c00000, 0x0000000717000000|  0%| F|  |TAMS 0x0000000716c00000, 0x0000000716c00000| Untracked 
| 604|0x0000000717000000, 0x0000000717000000, 0x0000000717400000|  0%| F|  |TAMS 0x0000000717000000, 0x0000000717000000| Untracked 
| 605|0x0000000717400000, 0x0000000717400000, 0x0000000717800000|  0%| F|  |TAMS 0x0000000717400000, 0x0000000717400000| Untracked 
| 606|0x0000000717800000, 0x0000000717800000, 0x0000000717c00000|  0%| F|  |TAMS 0x0000000717800000, 0x0000000717800000| Untracked 
| 607|0x0000000717c00000, 0x0000000717c00000, 0x0000000718000000|  0%| F|  |TAMS 0x0000000717c00000, 0x0000000717c00000| Untracked 
| 608|0x0000000718000000, 0x0000000718000000, 0x0000000718400000|  0%| F|  |TAMS 0x0000000718000000, 0x0000000718000000| Untracked 
| 609|0x0000000718400000, 0x0000000718400000, 0x0000000718800000|  0%| F|  |TAMS 0x0000000718400000, 0x0000000718400000| Untracked 
| 610|0x0000000718800000, 0x0000000718800000, 0x0000000718c00000|  0%| F|  |TAMS 0x0000000718800000, 0x0000000718800000| Untracked 
| 611|0x0000000718c00000, 0x0000000718c00000, 0x0000000719000000|  0%| F|  |TAMS 0x0000000718c00000, 0x0000000718c00000| Untracked 
| 612|0x0000000719000000, 0x0000000719000000, 0x0000000719400000|  0%| F|  |TAMS 0x0000000719000000, 0x0000000719000000| Untracked 
| 613|0x0000000719400000, 0x0000000719400000, 0x0000000719800000|  0%| F|  |TAMS 0x0000000719400000, 0x0000000719400000| Untracked 
| 614|0x0000000719800000, 0x0000000719800000, 0x0000000719c00000|  0%| F|  |TAMS 0x0000000719800000, 0x0000000719800000| Untracked 
| 615|0x0000000719c00000, 0x0000000719c00000, 0x000000071a000000|  0%| F|  |TAMS 0x0000000719c00000, 0x0000000719c00000| Untracked 
| 616|0x000000071a000000, 0x000000071a000000, 0x000000071a400000|  0%| F|  |TAMS 0x000000071a000000, 0x000000071a000000| Untracked 
| 617|0x000000071a400000, 0x000000071a400000, 0x000000071a800000|  0%| F|  |TAMS 0x000000071a400000, 0x000000071a400000| Untracked 
| 618|0x000000071a800000, 0x000000071a800000, 0x000000071ac00000|  0%| F|  |TAMS 0x000000071a800000, 0x000000071a800000| Untracked 
| 619|0x000000071ac00000, 0x000000071ac00000, 0x000000071b000000|  0%| F|  |TAMS 0x000000071ac00000, 0x000000071ac00000| Untracked 
| 620|0x000000071b000000, 0x000000071b000000, 0x000000071b400000|  0%| F|  |TAMS 0x000000071b000000, 0x000000071b000000| Untracked 
| 621|0x000000071b400000, 0x000000071b400000, 0x000000071b800000|  0%| F|  |TAMS 0x000000071b400000, 0x000000071b400000| Untracked 
| 622|0x000000071b800000, 0x000000071b800000, 0x000000071bc00000|  0%| F|  |TAMS 0x000000071b800000, 0x000000071b800000| Untracked 
| 623|0x000000071bc00000, 0x000000071bc00000, 0x000000071c000000|  0%| F|  |TAMS 0x000000071bc00000, 0x000000071bc00000| Untracked 
| 624|0x000000071c000000, 0x000000071c000000, 0x000000071c400000|  0%| F|  |TAMS 0x000000071c000000, 0x000000071c000000| Untracked 
| 625|0x000000071c400000, 0x000000071c400000, 0x000000071c800000|  0%| F|  |TAMS 0x000000071c400000, 0x000000071c400000| Untracked 
| 626|0x000000071c800000, 0x000000071c800000, 0x000000071cc00000|  0%| F|  |TAMS 0x000000071c800000, 0x000000071c800000| Untracked 
| 627|0x000000071cc00000, 0x000000071cc00000, 0x000000071d000000|  0%| F|  |TAMS 0x000000071cc00000, 0x000000071cc00000| Untracked 
| 628|0x000000071d000000, 0x000000071d000000, 0x000000071d400000|  0%| F|  |TAMS 0x000000071d000000, 0x000000071d000000| Untracked 
| 629|0x000000071d400000, 0x000000071d400000, 0x000000071d800000|  0%| F|  |TAMS 0x000000071d400000, 0x000000071d400000| Untracked 
| 630|0x000000071d800000, 0x000000071d800000, 0x000000071dc00000|  0%| F|  |TAMS 0x000000071d800000, 0x000000071d800000| Untracked 
| 631|0x000000071dc00000, 0x000000071dc00000, 0x000000071e000000|  0%| F|  |TAMS 0x000000071dc00000, 0x000000071dc00000| Untracked 
| 632|0x000000071e000000, 0x000000071e000000, 0x000000071e400000|  0%| F|  |TAMS 0x000000071e000000, 0x000000071e000000| Untracked 
| 633|0x000000071e400000, 0x000000071e400000, 0x000000071e800000|  0%| F|  |TAMS 0x000000071e400000, 0x000000071e400000| Untracked 
| 634|0x000000071e800000, 0x000000071e800000, 0x000000071ec00000|  0%| F|  |TAMS 0x000000071e800000, 0x000000071e800000| Untracked 
| 635|0x000000071ec00000, 0x000000071ec00000, 0x000000071f000000|  0%| F|  |TAMS 0x000000071ec00000, 0x000000071ec00000| Untracked 
| 636|0x000000071f000000, 0x000000071f000000, 0x000000071f400000|  0%| F|  |TAMS 0x000000071f000000, 0x000000071f000000| Untracked 
| 637|0x000000071f400000, 0x000000071f400000, 0x000000071f800000|  0%| F|  |TAMS 0x000000071f400000, 0x000000071f400000| Untracked 
| 638|0x000000071f800000, 0x000000071f800000, 0x000000071fc00000|  0%| F|  |TAMS 0x000000071f800000, 0x000000071f800000| Untracked 
| 639|0x000000071fc00000, 0x000000071fc00000, 0x0000000720000000|  0%| F|  |TAMS 0x000000071fc00000, 0x000000071fc00000| Untracked 
| 640|0x0000000720000000, 0x0000000720000000, 0x0000000720400000|  0%| F|  |TAMS 0x0000000720000000, 0x0000000720000000| Untracked 
| 641|0x0000000720400000, 0x0000000720400000, 0x0000000720800000|  0%| F|  |TAMS 0x0000000720400000, 0x0000000720400000| Untracked 
| 642|0x0000000720800000, 0x0000000720800000, 0x0000000720c00000|  0%| F|  |TAMS 0x0000000720800000, 0x0000000720800000| Untracked 
| 643|0x0000000720c00000, 0x0000000720c00000, 0x0000000721000000|  0%| F|  |TAMS 0x0000000720c00000, 0x0000000720c00000| Untracked 
| 644|0x0000000721000000, 0x0000000721000000, 0x0000000721400000|  0%| F|  |TAMS 0x0000000721000000, 0x0000000721000000| Untracked 
| 645|0x0000000721400000, 0x0000000721400000, 0x0000000721800000|  0%| F|  |TAMS 0x0000000721400000, 0x0000000721400000| Untracked 
| 646|0x0000000721800000, 0x0000000721800000, 0x0000000721c00000|  0%| F|  |TAMS 0x0000000721800000, 0x0000000721800000| Untracked 
| 647|0x0000000721c00000, 0x0000000721c00000, 0x0000000722000000|  0%| F|  |TAMS 0x0000000721c00000, 0x0000000721c00000| Untracked 
| 648|0x0000000722000000, 0x0000000722000000, 0x0000000722400000|  0%| F|  |TAMS 0x0000000722000000, 0x0000000722000000| Untracked 
| 649|0x0000000722400000, 0x0000000722400000, 0x0000000722800000|  0%| F|  |TAMS 0x0000000722400000, 0x0000000722400000| Untracked 
| 650|0x0000000722800000, 0x0000000722800000, 0x0000000722c00000|  0%| F|  |TAMS 0x0000000722800000, 0x0000000722800000| Untracked 
| 651|0x0000000722c00000, 0x0000000722c00000, 0x0000000723000000|  0%| F|  |TAMS 0x0000000722c00000, 0x0000000722c00000| Untracked 
| 652|0x0000000723000000, 0x0000000723000000, 0x0000000723400000|  0%| F|  |TAMS 0x0000000723000000, 0x0000000723000000| Untracked 
| 653|0x0000000723400000, 0x0000000723400000, 0x0000000723800000|  0%| F|  |TAMS 0x0000000723400000, 0x0000000723400000| Untracked 
| 654|0x0000000723800000, 0x0000000723800000, 0x0000000723c00000|  0%| F|  |TAMS 0x0000000723800000, 0x0000000723800000| Untracked 
| 655|0x0000000723c00000, 0x0000000723c00000, 0x0000000724000000|  0%| F|  |TAMS 0x0000000723c00000, 0x0000000723c00000| Untracked 
| 656|0x0000000724000000, 0x000000072431a140, 0x0000000724400000| 77%| S|CS|TAMS 0x0000000724000000, 0x0000000724000000| Complete 
| 657|0x0000000724400000, 0x0000000724400000, 0x0000000724800000|  0%| F|  |TAMS 0x0000000724400000, 0x0000000724400000| Untracked 
| 658|0x0000000724800000, 0x0000000724c00000, 0x0000000724c00000|100%| S|CS|TAMS 0x0000000724800000, 0x0000000724800000| Complete 
| 659|0x0000000724c00000, 0x0000000725000000, 0x0000000725000000|100%| S|CS|TAMS 0x0000000724c00000, 0x0000000724c00000| Complete 
| 660|0x0000000725000000, 0x0000000725000000, 0x0000000725400000|  0%| F|  |TAMS 0x0000000725000000, 0x0000000725000000| Untracked 
| 661|0x0000000725400000, 0x0000000725400000, 0x0000000725800000|  0%| F|  |TAMS 0x0000000725400000, 0x0000000725400000| Untracked 
| 662|0x0000000725800000, 0x0000000725c00000, 0x0000000725c00000|100%| S|CS|TAMS 0x0000000725800000, 0x0000000725800000| Complete 
| 663|0x0000000725c00000, 0x0000000725c00000, 0x0000000726000000|  0%| F|  |TAMS 0x0000000725c00000, 0x0000000725c00000| Untracked 
| 664|0x0000000726000000, 0x0000000726000000, 0x0000000726400000|  0%| F|  |TAMS 0x0000000726000000, 0x0000000726000000| Untracked 
| 665|0x0000000726400000, 0x0000000726400000, 0x0000000726800000|  0%| F|  |TAMS 0x0000000726400000, 0x0000000726400000| Untracked 
| 666|0x0000000726800000, 0x0000000726800000, 0x0000000726c00000|  0%| F|  |TAMS 0x0000000726800000, 0x0000000726800000| Untracked 
| 667|0x0000000726c00000, 0x0000000726c00000, 0x0000000727000000|  0%| F|  |TAMS 0x0000000726c00000, 0x0000000726c00000| Untracked 
| 668|0x0000000727000000, 0x0000000727000000, 0x0000000727400000|  0%| F|  |TAMS 0x0000000727000000, 0x0000000727000000| Untracked 
| 669|0x0000000727400000, 0x0000000727400000, 0x0000000727800000|  0%| F|  |TAMS 0x0000000727400000, 0x0000000727400000| Untracked 
| 670|0x0000000727800000, 0x0000000727800000, 0x0000000727c00000|  0%| F|  |TAMS 0x0000000727800000, 0x0000000727800000| Untracked 
| 671|0x0000000727c00000, 0x0000000727c00000, 0x0000000728000000|  0%| F|  |TAMS 0x0000000727c00000, 0x0000000727c00000| Untracked 
| 672|0x0000000728000000, 0x0000000728000000, 0x0000000728400000|  0%| F|  |TAMS 0x0000000728000000, 0x0000000728000000| Untracked 
| 673|0x0000000728400000, 0x0000000728400000, 0x0000000728800000|  0%| F|  |TAMS 0x0000000728400000, 0x0000000728400000| Untracked 
| 674|0x0000000728800000, 0x0000000728800000, 0x0000000728c00000|  0%| F|  |TAMS 0x0000000728800000, 0x0000000728800000| Untracked 
| 675|0x0000000728c00000, 0x0000000728c00000, 0x0000000729000000|  0%| F|  |TAMS 0x0000000728c00000, 0x0000000728c00000| Untracked 
| 676|0x0000000729000000, 0x0000000729000000, 0x0000000729400000|  0%| F|  |TAMS 0x0000000729000000, 0x0000000729000000| Untracked 
| 677|0x0000000729400000, 0x0000000729400000, 0x0000000729800000|  0%| F|  |TAMS 0x0000000729400000, 0x0000000729400000| Untracked 
| 678|0x0000000729800000, 0x0000000729800000, 0x0000000729c00000|  0%| F|  |TAMS 0x0000000729800000, 0x0000000729800000| Untracked 
| 679|0x0000000729c00000, 0x0000000729c00000, 0x000000072a000000|  0%| F|  |TAMS 0x0000000729c00000, 0x0000000729c00000| Untracked 
| 680|0x000000072a000000, 0x000000072a000000, 0x000000072a400000|  0%| F|  |TAMS 0x000000072a000000, 0x000000072a000000| Untracked 
| 681|0x000000072a400000, 0x000000072a400000, 0x000000072a800000|  0%| F|  |TAMS 0x000000072a400000, 0x000000072a400000| Untracked 
| 682|0x000000072a800000, 0x000000072a800000, 0x000000072ac00000|  0%| F|  |TAMS 0x000000072a800000, 0x000000072a800000| Untracked 
| 683|0x000000072ac00000, 0x000000072ac00000, 0x000000072b000000|  0%| F|  |TAMS 0x000000072ac00000, 0x000000072ac00000| Untracked 
| 684|0x000000072b000000, 0x000000072b000000, 0x000000072b400000|  0%| F|  |TAMS 0x000000072b000000, 0x000000072b000000| Untracked 
| 685|0x000000072b400000, 0x000000072b400000, 0x000000072b800000|  0%| F|  |TAMS 0x000000072b400000, 0x000000072b400000| Untracked 
| 686|0x000000072b800000, 0x000000072b800000, 0x000000072bc00000|  0%| F|  |TAMS 0x000000072b800000, 0x000000072b800000| Untracked 
| 687|0x000000072bc00000, 0x000000072bc00000, 0x000000072c000000|  0%| F|  |TAMS 0x000000072bc00000, 0x000000072bc00000| Untracked 
| 688|0x000000072c000000, 0x000000072c000000, 0x000000072c400000|  0%| F|  |TAMS 0x000000072c000000, 0x000000072c000000| Untracked 
| 689|0x000000072c400000, 0x000000072c400000, 0x000000072c800000|  0%| F|  |TAMS 0x000000072c400000, 0x000000072c400000| Untracked 
| 690|0x000000072c800000, 0x000000072c800000, 0x000000072cc00000|  0%| F|  |TAMS 0x000000072c800000, 0x000000072c800000| Untracked 
| 691|0x000000072cc00000, 0x000000072cc00000, 0x000000072d000000|  0%| F|  |TAMS 0x000000072cc00000, 0x000000072cc00000| Untracked 
| 692|0x000000072d000000, 0x000000072d000000, 0x000000072d400000|  0%| F|  |TAMS 0x000000072d000000, 0x000000072d000000| Untracked 
| 693|0x000000072d400000, 0x000000072d400000, 0x000000072d800000|  0%| F|  |TAMS 0x000000072d400000, 0x000000072d400000| Untracked 

Card table byte_map: [0x00000216d3520000,0x00000216d4120000] _byte_map_base: 0x00000216d0120000

Marking Bits (Prev, Next): (CMBitMap*) 0x00000216bba4bf90, (CMBitMap*) 0x00000216bba4bfd0
 Prev Bits: [0x00000216d4d20000, 0x00000216dad20000)
 Next Bits: [0x00000216dad20000, 0x00000216e0d20000)

Polling page: 0x00000216b9860000

Metaspace:

Usage:
  Non-class:    165.27 MB used.
      Class:     25.95 MB used.
       Both:    191.22 MB used.

Virtual space:
  Non-class space:      192.00 MB reserved,     167.06 MB ( 87%) committed,  3 nodes.
      Class space:      832.00 MB reserved,      27.44 MB (  3%) committed,  1 nodes.
             Both:        1.00 GB reserved,     194.50 MB ( 19%) committed. 

Chunk freelists:
   Non-Class:  8.83 MB
       Class:  4.53 MB
        Both:  13.36 MB

MaxMetaspaceSize: 1.00 GB
CompressedClassSpaceSize: 832.00 MB
Initial GC threshold: 21.00 MB
Current GC threshold: 207.94 MB
CDS: on
MetaspaceReclaimPolicy: balanced
 - commit_granule_bytes: 65536.
 - commit_granule_words: 8192.
 - virtual_space_node_default_size: 8388608.
 - enlarge_chunks_in_place: 1.
 - new_chunks_are_fully_committed: 0.
 - uncommit_free_chunks: 1.
 - use_allocation_guard: 0.
 - handle_deallocations: 1.


Internal statistics:

num_allocs_failed_limit: 30.
num_arena_births: 4604.
num_arena_deaths: 2.
num_vsnodes_births: 4.
num_vsnodes_deaths: 0.
num_space_committed: 3110.
num_space_uncommitted: 0.
num_chunks_returned_to_freelist: 36.
num_chunks_taken_from_freelist: 14676.
num_chunk_merges: 30.
num_chunk_splits: 8902.
num_chunks_enlarged: 4767.
num_inconsistent_stats: 0.

CodeHeap 'non-profiled nmethods': size=120000Kb used=34988Kb max_used=34988Kb free=85011Kb
 bounds [0x00000216cafb0000, 0x00000216cd220000, 0x00000216d24e0000]
CodeHeap 'profiled nmethods': size=120000Kb used=71444Kb max_used=72169Kb free=48555Kb
 bounds [0x00000216c34e0000, 0x00000216c7ba0000, 0x00000216caa10000]
CodeHeap 'non-nmethods': size=5760Kb used=2567Kb max_used=2649Kb free=3192Kb
 bounds [0x00000216caa10000, 0x00000216cacc0000, 0x00000216cafb0000]
 total_blobs=36741 nmethods=35614 adapters=1036
 compilation: enabled
              stopped_count=0, restarted_count=0
 full_count=0

Compilation events (20 events):
Event: 901.202 Thread 0x00000216e312fdc0 nmethod 47276 0x00000216c754d190 code [0x00000216c754d340, 0x00000216c754d528]
Event: 901.202 Thread 0x00000216e312fdc0 47277       2       jdk.internal.jrtfs.JrtFileAttributes::<init> (10 bytes)
Event: 901.203 Thread 0x00000216e312fdc0 nmethod 47277 0x00000216c67b6090 code [0x00000216c67b6220, 0x00000216c67b6378]
Event: 901.203 Thread 0x00000216e312fdc0 47278       2       jdk.internal.jrtfs.JrtFileAttributes::isDirectory (8 bytes)
Event: 901.204 Thread 0x00000216e312fdc0 nmethod 47278 0x00000216c7262f10 code [0x00000216c72630a0, 0x00000216c72631c8]
Event: 901.220 Thread 0x00000216e312fdc0 47282       2       com.android.tools.r8.internal.Xq::u (10 bytes)
Event: 901.220 Thread 0x00000216e312fdc0 nmethod 47282 0x00000216c7662010 code [0x00000216c76621a0, 0x00000216c76622b8]
Event: 901.238 Thread 0x00000216e312fdc0 47283       3       com.android.tools.r8.internal.Ar::getField (8 bytes)
Event: 901.239 Thread 0x00000216e312fdc0 nmethod 47283 0x00000216c70a9290 code [0x00000216c70a9420, 0x00000216c70a9638]
Event: 901.242 Thread 0x00000216e312fdc0 47284       3       com.android.tools.r8.internal.Lq::a (28 bytes)
Event: 901.244 Thread 0x00000216e312fdc0 nmethod 47284 0x00000216c70a8790 code [0x00000216c70a8960, 0x00000216c70a8da8]
Event: 901.255 Thread 0x00000216e312fdc0 47285       3       com.android.tools.r8.internal.pr::a (12 bytes)
Event: 901.256 Thread 0x00000216e312fdc0 nmethod 47285 0x00000216c664a090 code [0x00000216c664a240, 0x00000216c664a408]
Event: 901.264 Thread 0x00000216e312fdc0 47286 % !   3       com.android.tools.r8.dex.L::a @ 1902 (4009 bytes)
Event: 901.276 Thread 0x00000216e312f4b0 nmethod 47149 0x00000216ccc7dc10 code [0x00000216ccc7e1a0, 0x00000216ccc83ed0]
Event: 901.277 Thread 0x00000216e312f4b0 47157 %     4       com.android.tools.r8.internal.Ed::a @ 3319 (4363 bytes)
Event: 901.425 Thread 0x00000216e312fdc0 nmethod 47286% 0x00000216c7b67990 code [0x00000216c7b6a140, 0x00000216c7b87738]
Event: 901.425 Thread 0x00000216e312fdc0 47292       3       com.android.tools.r8.dex.L::a (107 bytes)
Event: 901.427 Thread 0x00000216e312fdc0 nmethod 47292 0x00000216c678cb90 code [0x00000216c678cea0, 0x00000216c678e328]
Event: 901.427 Thread 0x00000216e312fdc0 47298       3       com.android.tools.r8.internal.xY::b (1939 bytes)

GC Heap History (20 events):
Event: 846.491 GC heap after
{Heap after GC invocations=132 (full 0):
 garbage-first heap   total 2842624K, used 780966K [0x0000000680000000, 0x0000000800000000)
  region size 4096K, 4 young (16384K), 4 survivors (16384K)
 Metaspace       used 193437K, committed 196736K, reserved 1048576K
  class space    used 26399K, committed 27904K, reserved 851968K
}
Event: 853.404 GC heap before
{Heap before GC invocations=132 (full 0):
 garbage-first heap   total 2842624K, used 899750K [0x0000000680000000, 0x0000000800000000)
  region size 4096K, 34 young (139264K), 4 survivors (16384K)
 Metaspace       used 194443K, committed 197760K, reserved 1048576K
  class space    used 26483K, committed 27968K, reserved 851968K
}
Event: 853.624 GC heap after
{Heap after GC invocations=133 (full 0):
 garbage-first heap   total 2842624K, used 812715K [0x0000000680000000, 0x0000000800000000)
  region size 4096K, 5 young (20480K), 5 survivors (20480K)
 Metaspace       used 194443K, committed 197760K, reserved 1048576K
  class space    used 26483K, committed 27968K, reserved 851968K
}
Event: 860.148 GC heap before
{Heap before GC invocations=133 (full 0):
 garbage-first heap   total 2842624K, used 931499K [0x0000000680000000, 0x0000000800000000)
  region size 4096K, 34 young (139264K), 5 survivors (20480K)
 Metaspace       used 194718K, committed 198016K, reserved 1048576K
  class space    used 26492K, committed 27968K, reserved 851968K
}
Event: 861.624 GC heap after
{Heap after GC invocations=134 (full 0):
 garbage-first heap   total 2842624K, used 835864K [0x0000000680000000, 0x0000000800000000)
  region size 4096K, 5 young (20480K), 5 survivors (20480K)
 Metaspace       used 194718K, committed 198016K, reserved 1048576K
  class space    used 26492K, committed 27968K, reserved 851968K
}
Event: 874.969 GC heap before
{Heap before GC invocations=134 (full 0):
 garbage-first heap   total 2842624K, used 950551K [0x0000000680000000, 0x0000000800000000)
  region size 4096K, 34 young (139264K), 5 survivors (20480K)
 Metaspace       used 194830K, committed 198208K, reserved 1048576K
  class space    used 26501K, committed 28032K, reserved 851968K
}
Event: 875.060 GC heap after
{Heap after GC invocations=135 (full 0):
 garbage-first heap   total 2842624K, used 851366K [0x0000000680000000, 0x0000000800000000)
  region size 4096K, 4 young (16384K), 4 survivors (16384K)
 Metaspace       used 194830K, committed 198208K, reserved 1048576K
  class space    used 26501K, committed 28032K, reserved 851968K
}
Event: 881.206 GC heap before
{Heap before GC invocations=135 (full 0):
 garbage-first heap   total 2842624K, used 970150K [0x0000000680000000, 0x0000000800000000)
  region size 4096K, 34 young (139264K), 4 survivors (16384K)
 Metaspace       used 194954K, committed 198272K, reserved 1048576K
  class space    used 26512K, committed 28032K, reserved 851968K
}
Event: 882.163 GC heap after
{Heap after GC invocations=136 (full 0):
 garbage-first heap   total 2842624K, used 866971K [0x0000000680000000, 0x0000000800000000)
  region size 4096K, 5 young (20480K), 5 survivors (20480K)
 Metaspace       used 194954K, committed 198272K, reserved 1048576K
  class space    used 26512K, committed 28032K, reserved 851968K
}
Event: 884.883 GC heap before
{Heap before GC invocations=136 (full 0):
 garbage-first heap   total 2842624K, used 981659K [0x0000000680000000, 0x0000000800000000)
  region size 4096K, 34 young (139264K), 5 survivors (20480K)
 Metaspace       used 195001K, committed 198336K, reserved 1048576K
  class space    used 26521K, committed 28032K, reserved 851968K
}
Event: 884.987 GC heap after
{Heap after GC invocations=137 (full 0):
 garbage-first heap   total 2842624K, used 868625K [0x0000000680000000, 0x0000000800000000)
  region size 4096K, 1 young (4096K), 1 survivors (4096K)
 Metaspace       used 195001K, committed 198336K, reserved 1048576K
  class space    used 26521K, committed 28032K, reserved 851968K
}
Event: 889.507 GC heap before
{Heap before GC invocations=137 (full 0):
 garbage-first heap   total 2842624K, used 999697K [0x0000000680000000, 0x0000000800000000)
  region size 4096K, 34 young (139264K), 1 survivors (4096K)
 Metaspace       used 195174K, committed 198464K, reserved 1048576K
  class space    used 26532K, committed 28032K, reserved 851968K
}
Event: 889.528 GC heap after
{Heap after GC invocations=138 (full 0):
 garbage-first heap   total 2842624K, used 872586K [0x0000000680000000, 0x0000000800000000)
  region size 4096K, 2 young (8192K), 2 survivors (8192K)
 Metaspace       used 195174K, committed 198464K, reserved 1048576K
  class space    used 26532K, committed 28032K, reserved 851968K
}
Event: 893.700 GC heap before
{Heap before GC invocations=138 (full 0):
 garbage-first heap   total 2842624K, used 999562K [0x0000000680000000, 0x0000000800000000)
  region size 4096K, 34 young (139264K), 2 survivors (8192K)
 Metaspace       used 195677K, committed 199040K, reserved 1048576K
  class space    used 26574K, committed 28096K, reserved 851968K
}
Event: 893.782 GC heap after
{Heap after GC invocations=139 (full 0):
 garbage-first heap   total 2842624K, used 878270K [0x0000000680000000, 0x0000000800000000)
  region size 4096K, 4 young (16384K), 4 survivors (16384K)
 Metaspace       used 195677K, committed 199040K, reserved 1048576K
  class space    used 26574K, committed 28096K, reserved 851968K
}
Event: 896.848 GC heap before
{Heap before GC invocations=139 (full 0):
 garbage-first heap   total 2842624K, used 997054K [0x0000000680000000, 0x0000000800000000)
  region size 4096K, 34 young (139264K), 4 survivors (16384K)
 Metaspace       used 195705K, committed 199040K, reserved 1048576K
  class space    used 26575K, committed 28096K, reserved 851968K
}
Event: 897.345 GC heap after
{Heap after GC invocations=140 (full 0):
 garbage-first heap   total 2842624K, used 883596K [0x0000000680000000, 0x0000000800000000)
  region size 4096K, 4 young (16384K), 4 survivors (16384K)
 Metaspace       used 195705K, committed 199040K, reserved 1048576K
  class space    used 26575K, committed 28096K, reserved 851968K
}
Event: 899.536 GC heap before
{Heap before GC invocations=140 (full 0):
 garbage-first heap   total 2842624K, used 1006476K [0x0000000680000000, 0x0000000800000000)
  region size 4096K, 34 young (139264K), 4 survivors (16384K)
 Metaspace       used 195756K, committed 199104K, reserved 1048576K
  class space    used 26575K, committed 28096K, reserved 851968K
}
Event: 899.767 GC heap after
{Heap after GC invocations=141 (full 0):
 garbage-first heap   total 2842624K, used 888610K [0x0000000680000000, 0x0000000800000000)
  region size 4096K, 3 young (12288K), 3 survivors (12288K)
 Metaspace       used 195756K, committed 199104K, reserved 1048576K
  class space    used 26575K, committed 28096K, reserved 851968K
}
Event: 901.473 GC heap before
{Heap before GC invocations=141 (full 0):
 garbage-first heap   total 2842624K, used 1011490K [0x0000000680000000, 0x0000000800000000)
  region size 4096K, 34 young (139264K), 3 survivors (12288K)
 Metaspace       used 195810K, committed 199168K, reserved 1048576K
  class space    used 26576K, committed 28096K, reserved 851968K
}

Dll operation events (16 events):
Event: 0.012 Loaded shared library C:\Users\prera\AppData\Local\Programs\Eclipse Adoptium\jdk-17.0.10.7-hotspot\bin\java.dll
Event: 0.028 Loaded shared library C:\Users\prera\AppData\Local\Programs\Eclipse Adoptium\jdk-17.0.10.7-hotspot\bin\jsvml.dll
Event: 0.068 Loaded shared library C:\Users\prera\AppData\Local\Programs\Eclipse Adoptium\jdk-17.0.10.7-hotspot\bin\zip.dll
Event: 0.072 Loaded shared library C:\Users\prera\AppData\Local\Programs\Eclipse Adoptium\jdk-17.0.10.7-hotspot\bin\instrument.dll
Event: 0.076 Loaded shared library C:\Users\prera\AppData\Local\Programs\Eclipse Adoptium\jdk-17.0.10.7-hotspot\bin\net.dll
Event: 0.078 Loaded shared library C:\Users\prera\AppData\Local\Programs\Eclipse Adoptium\jdk-17.0.10.7-hotspot\bin\nio.dll
Event: 0.080 Loaded shared library C:\Users\prera\AppData\Local\Programs\Eclipse Adoptium\jdk-17.0.10.7-hotspot\bin\zip.dll
Event: 0.305 Loaded shared library C:\Users\prera\AppData\Local\Programs\Eclipse Adoptium\jdk-17.0.10.7-hotspot\bin\jimage.dll
Event: 0.465 Loaded shared library C:\Users\prera\AppData\Local\Programs\Eclipse Adoptium\jdk-17.0.10.7-hotspot\bin\verify.dll
Event: 0.594 Loaded shared library C:\Users\prera\.gradle\native\1def1411415f61bf3af743bc5b6707747c0891f09f0c88961ee8f79bc544acac\windows-amd64\native-platform.dll
Event: 0.625 Loaded shared library C:\Users\prera\.gradle\native\0.2.7\x86_64-windows-gnu\gradle-fileevents.dll
Event: 1.817 Loaded shared library C:\Users\prera\AppData\Local\Programs\Eclipse Adoptium\jdk-17.0.10.7-hotspot\bin\management.dll
Event: 1.820 Loaded shared library C:\Users\prera\AppData\Local\Programs\Eclipse Adoptium\jdk-17.0.10.7-hotspot\bin\management_ext.dll
Event: 2.044 Loaded shared library C:\Users\prera\AppData\Local\Programs\Eclipse Adoptium\jdk-17.0.10.7-hotspot\bin\extnet.dll
Event: 2.298 Loaded shared library C:\Users\prera\AppData\Local\Programs\Eclipse Adoptium\jdk-17.0.10.7-hotspot\bin\sunmscapi.dll
Event: 635.352 Loaded shared library C:\Users\prera\AppData\Local\Programs\Eclipse Adoptium\jdk-17.0.10.7-hotspot\bin\rmi.dll

Deoptimization events (20 events):
Event: 900.566 Thread 0x00000216ea54a1f0 DEOPT PACKING pc=0x00000216c64efcdb sp=0x000000ecb36fa5f0
Event: 900.566 Thread 0x00000216ea54a1f0 DEOPT UNPACKING pc=0x00000216caa67143 sp=0x000000ecb36f9b00 mode 0
Event: 900.618 Thread 0x00000216ea54b120 DEOPT PACKING pc=0x00000216c7ad6f55 sp=0x000000ecb33f92e0
Event: 900.618 Thread 0x00000216ea54b120 DEOPT UNPACKING pc=0x00000216caa67143 sp=0x000000ecb33f8888 mode 0
Event: 900.755 Thread 0x00000216ea54b120 DEOPT PACKING pc=0x00000216c6a5fb23 sp=0x000000ecb33f8cb0
Event: 900.755 Thread 0x00000216ea54b120 DEOPT UNPACKING pc=0x00000216caa67143 sp=0x000000ecb33f83e8 mode 0
Event: 900.877 Thread 0x00000216ea54b120 DEOPT PACKING pc=0x00000216c7a69ae0 sp=0x000000ecb33f8df0
Event: 900.877 Thread 0x00000216ea54b120 DEOPT UNPACKING pc=0x00000216caa67143 sp=0x000000ecb33f86e8 mode 0
Event: 901.079 Thread 0x00000216f52b5af0 Uncommon trap: trap_request=0xffffff66 fr.pc=0x00000216cd02b97c relative=0x000000000000035c
Event: 901.079 Thread 0x00000216f52b5af0 Uncommon trap: reason=speculate_class_check action=maybe_recompile pc=0x00000216cd02b97c method=com.sun.tools.javac.code.Type.hasTag(Lcom/sun/tools/javac/code/TypeTag;)Z @ 2 c2
Event: 901.080 Thread 0x00000216f52b5af0 DEOPT PACKING pc=0x00000216cd02b97c sp=0x000000ecba6f8920
Event: 901.080 Thread 0x00000216f52b5af0 DEOPT UNPACKING pc=0x00000216caa669a3 sp=0x000000ecba6f8848 mode 2
Event: 901.139 Thread 0x00000216ea54a1f0 DEOPT PACKING pc=0x00000216c6bee179 sp=0x000000ecb36f9be0
Event: 901.140 Thread 0x00000216ea54a1f0 DEOPT UNPACKING pc=0x00000216caa67143 sp=0x000000ecb36f90f8 mode 0
Event: 901.303 Thread 0x00000216ea54a1f0 Uncommon trap: trap_request=0xffffff45 fr.pc=0x00000216ccd1d2a0 relative=0x00000000000008e0
Event: 901.303 Thread 0x00000216ea54a1f0 Uncommon trap: reason=unstable_if action=reinterpret pc=0x00000216ccd1d2a0 method=com.android.tools.r8.dex.y.c(I)V @ 11 c2
Event: 901.303 Thread 0x00000216ea54a1f0 DEOPT PACKING pc=0x00000216ccd1d2a0 sp=0x000000ecb36f9b10
Event: 901.308 Thread 0x00000216ea54a1f0 DEOPT UNPACKING pc=0x00000216caa669a3 sp=0x000000ecb36f9a10 mode 2
Event: 901.439 Thread 0x00000216ea54b120 DEOPT PACKING pc=0x00000216c71ac130 sp=0x000000ecb33f9570
Event: 901.452 Thread 0x00000216ea54b120 DEOPT UNPACKING pc=0x00000216caa67143 sp=0x000000ecb33f8c90 mode 0

Classes unloaded (5 events):
Event: 426.003 Thread 0x00000216e310e620 Unloading class 0x00000216821ec7d0 '_BuildScript_$_run_closure1$_closure4'
Event: 426.014 Thread 0x00000216e310e620 Unloading class 0x00000216821ec3e8 '_BuildScript_$_run_closure1$_closure3'
Event: 426.014 Thread 0x00000216e310e620 Unloading class 0x00000216821ec000 '_BuildScript_$_run_closure1$_closure2'
Event: 426.014 Thread 0x00000216e310e620 Unloading class 0x00000216821e0400 '_BuildScript_$_run_closure1'
Event: 426.014 Thread 0x00000216e310e620 Unloading class 0x00000216821e0800 '_BuildScript_'

Classes redefined (0 events):
No events

Internal exceptions (20 events):
Event: 900.141 Thread 0x00000216f52b5af0 Exception <a 'sun/nio/fs/WindowsException'{0x000000072af0f720}> (0x000000072af0f720) 
thrown [s\src\hotspot\share\prims\jni.cpp, line 516]
Event: 900.274 Thread 0x00000216f52b5af0 Exception <a 'sun/nio/fs/WindowsException'{0x000000072a72f318}> (0x000000072a72f318) 
thrown [s\src\hotspot\share\prims\jni.cpp, line 516]
Event: 900.274 Thread 0x00000216f52b5af0 Exception <a 'sun/nio/fs/WindowsException'{0x000000072a72f540}> (0x000000072a72f540) 
thrown [s\src\hotspot\share\prims\jni.cpp, line 516]
Event: 900.334 Thread 0x00000216f52b5af0 Exception <a 'sun/nio/fs/WindowsException'{0x0000000729e079a8}> (0x0000000729e079a8) 
thrown [s\src\hotspot\share\prims\jni.cpp, line 516]
Event: 900.334 Thread 0x00000216f52b5af0 Exception <a 'sun/nio/fs/WindowsException'{0x0000000729e07ba8}> (0x0000000729e07ba8) 
thrown [s\src\hotspot\share\prims\jni.cpp, line 516]
Event: 900.346 Thread 0x00000216f52b5af0 Exception <a 'sun/nio/fs/WindowsException'{0x0000000729f1bbf8}> (0x0000000729f1bbf8) 
thrown [s\src\hotspot\share\prims\jni.cpp, line 516]
Event: 900.351 Thread 0x00000216f52b5af0 Exception <a 'sun/nio/fs/WindowsException'{0x0000000729f1be68}> (0x0000000729f1be68) 
thrown [s\src\hotspot\share\prims\jni.cpp, line 516]
Event: 900.380 Thread 0x00000216f52b5af0 Exception <a 'sun/nio/fs/WindowsException'{0x0000000729949138}> (0x0000000729949138) 
thrown [s\src\hotspot\share\prims\jni.cpp, line 516]
Event: 900.380 Thread 0x00000216f52b5af0 Exception <a 'sun/nio/fs/WindowsException'{0x0000000729949348}> (0x0000000729949348) 
thrown [s\src\hotspot\share\prims\jni.cpp, line 516]
Event: 900.491 Thread 0x00000216f52b5af0 Exception <a 'sun/nio/fs/WindowsException'{0x0000000729010798}> (0x0000000729010798) 
thrown [s\src\hotspot\share\prims\jni.cpp, line 516]
Event: 900.491 Thread 0x00000216f52b5af0 Exception <a 'sun/nio/fs/WindowsException'{0x00000007290109c8}> (0x00000007290109c8) 
thrown [s\src\hotspot\share\prims\jni.cpp, line 516]
Event: 900.532 Thread 0x00000216f52b5af0 Exception <a 'sun/nio/fs/WindowsException'{0x000000072902bf18}> (0x000000072902bf18) 
thrown [s\src\hotspot\share\prims\jni.cpp, line 516]
Event: 900.532 Thread 0x00000216f52b5af0 Exception <a 'sun/nio/fs/WindowsException'{0x000000072902c148}> (0x000000072902c148) 
thrown [s\src\hotspot\share\prims\jni.cpp, line 516]
Event: 900.833 Thread 0x00000216f52b5af0 Exception <a 'sun/nio/fs/WindowsException'{0x000000072811c928}> (0x000000072811c928) 
thrown [s\src\hotspot\share\prims\jni.cpp, line 516]
Event: 900.834 Thread 0x00000216f52b5af0 Exception <a 'sun/nio/fs/WindowsException'{0x000000072811cb68}> (0x000000072811cb68) 
thrown [s\src\hotspot\share\prims\jni.cpp, line 516]
Event: 900.876 Thread 0x00000216f52b5af0 Exception <a 'sun/nio/fs/WindowsException'{0x0000000727fb2c78}> (0x0000000727fb2c78) 
thrown [s\src\hotspot\share\prims\jni.cpp, line 516]
Event: 900.876 Thread 0x00000216f52b5af0 Exception <a 'sun/nio/fs/WindowsException'{0x0000000727fb2e88}> (0x0000000727fb2e88) 
thrown [s\src\hotspot\share\prims\jni.cpp, line 516]
Event: 900.903 Thread 0x00000216f52b5af0 Exception <a 'sun/nio/fs/WindowsException'{0x00000007278946e8}> (0x00000007278946e8) 
thrown [s\src\hotspot\share\prims\jni.cpp, line 516]
Event: 900.903 Thread 0x00000216f52b5af0 Exception <a 'sun/nio/fs/WindowsException'{0x0000000727894928}> (0x0000000727894928) 
thrown [s\src\hotspot\share\prims\jni.cpp, line 516]
Event: 901.355 Thread 0x00000216ea54a1f0 Exception <a 'sun/nio/fs/WindowsException'{0x0000000726793278}> (0x0000000726793278) 
thrown [s\src\hotspot\share\prims\jni.cpp, line 516]

VM Operations (20 events):
Event: 893.547 Executing VM operation: HandshakeAllThreads done
Event: 893.547 Executing VM operation: Cleanup
Event: 893.579 Executing VM operation: Cleanup done
Event: 893.668 Executing VM operation: G1CollectForAllocation
Event: 893.782 Executing VM operation: G1CollectForAllocation done
Event: 894.793 Executing VM operation: Cleanup
Event: 894.818 Executing VM operation: Cleanup done
Event: 895.819 Executing VM operation: Cleanup
Event: 895.835 Executing VM operation: Cleanup done
Event: 896.834 Executing VM operation: G1CollectForAllocation
Event: 897.347 Executing VM operation: G1CollectForAllocation done
Event: 898.351 Executing VM operation: Cleanup
Event: 898.367 Executing VM operation: Cleanup done
Event: 899.381 Executing VM operation: Cleanup
Event: 899.429 Executing VM operation: Cleanup done
Event: 899.518 Executing VM operation: G1CollectForAllocation
Event: 899.768 Executing VM operation: G1CollectForAllocation done
Event: 900.779 Executing VM operation: Cleanup
Event: 900.796 Executing VM operation: Cleanup done
Event: 901.441 Executing VM operation: G1CollectForAllocation

Events (20 events):
Event: 893.973 Thread 0x00000216e3af00a0 flushing nmethod 0x00000216c7301590
Event: 893.973 Thread 0x00000216e3af00a0 flushing nmethod 0x00000216c7302190
Event: 893.974 Thread 0x00000216e3af00a0 flushing nmethod 0x00000216c7356190
Event: 893.974 Thread 0x00000216e3af00a0 flushing nmethod 0x00000216c735ff10
Event: 893.975 Thread 0x00000216e3af00a0 flushing nmethod 0x00000216c7361990
Event: 893.975 Thread 0x00000216e3af00a0 flushing nmethod 0x00000216c7382f90
Event: 893.975 Thread 0x00000216e3af00a0 flushing nmethod 0x00000216c7383790
Event: 893.976 Thread 0x00000216e3af00a0 flushing nmethod 0x00000216c738b090
Event: 893.976 Thread 0x00000216e3af00a0 flushing nmethod 0x00000216c7393b90
Event: 893.977 Thread 0x00000216e3af00a0 flushing nmethod 0x00000216c754d190
Event: 893.977 Thread 0x00000216e3af00a0 flushing nmethod 0x00000216c7596f10
Event: 893.979 Thread 0x00000216e3af00a0 flushing nmethod 0x00000216c7767910
Event: 893.979 Thread 0x00000216e3af00a0 flushing nmethod 0x00000216c777c590
Event: 893.982 Thread 0x00000216e3af00a0 flushing nmethod 0x00000216c788e610
Event: 893.986 Thread 0x00000216e3af00a0 flushing nmethod 0x00000216c788ec10
Event: 893.988 Thread 0x00000216e3af00a0 flushing nmethod 0x00000216c7ad9590
Event: 895.753 Thread 0x00000216f44f7aa0 Thread exited: 0x00000216f44f7aa0
Event: 895.754 Thread 0x00000216f44f84c0 Thread exited: 0x00000216f44f84c0
Event: 897.378 Thread 0x00000216f44f7080 Thread exited: 0x00000216f44f7080
Event: 899.297 Thread 0x00000216ec740a20 Thread exited: 0x00000216ec740a20


Dynamic libraries:
0x00007ff75a480000 - 0x00007ff75a48e000 	C:\Users\prera\AppData\Local\Programs\Eclipse Adoptium\jdk-17.0.10.7-hotspot\bin\java.exe
0x00007ffca78e0000 - 0x00007ffca7b47000 	C:\WINDOWS\SYSTEM32\ntdll.dll
0x00007ffca6c30000 - 0x00007ffca6cf9000 	C:\WINDOWS\System32\KERNEL32.DLL
0x00007ffca43a0000 - 0x00007ffca4797000 	C:\WINDOWS\System32\KERNELBASE.dll
0x00007ffca49f0000 - 0x00007ffca4b3b000 	C:\WINDOWS\System32\ucrtbase.dll
0x00007ffc9acd0000 - 0x00007ffc9ace7000 	C:\Users\prera\AppData\Local\Programs\Eclipse Adoptium\jdk-17.0.10.7-hotspot\bin\jli.dll
0x00007ffc76790000 - 0x00007ffc767ab000 	C:\Users\prera\AppData\Local\Programs\Eclipse Adoptium\jdk-17.0.10.7-hotspot\bin\VCRUNTIME140.dll
0x00007ffca6520000 - 0x00007ffca66e6000 	C:\WINDOWS\System32\USER32.dll
0x00007ffca49c0000 - 0x00007ffca49e7000 	C:\WINDOWS\System32\win32u.dll
0x00007ffc7e2a0000 - 0x00007ffc7e532000 	C:\WINDOWS\WinSxS\amd64_microsoft.windows.common-controls_6595b64144ccf1df_6.0.26100.8457_none_3e0b2faee331e92d\COMCTL32.dll
0x00007ffca64f0000 - 0x00007ffca651b000 	C:\WINDOWS\System32\GDI32.dll
0x00007ffca5a10000 - 0x00007ffca5ab9000 	C:\WINDOWS\System32\msvcrt.dll
0x00007ffca53b0000 - 0x00007ffca54dc000 	C:\WINDOWS\System32\gdi32full.dll
0x00007ffca4860000 - 0x00007ffca4903000 	C:\WINDOWS\System32\msvcp_win.dll
0x00007ffca58d0000 - 0x00007ffca5902000 	C:\WINDOWS\System32\IMM32.DLL
0x00007ffc89480000 - 0x00007ffc8948c000 	C:\Users\prera\AppData\Local\Programs\Eclipse Adoptium\jdk-17.0.10.7-hotspot\bin\vcruntime140_1.dll
0x00007ffc76630000 - 0x00007ffc766bd000 	C:\Users\prera\AppData\Local\Programs\Eclipse Adoptium\jdk-17.0.10.7-hotspot\bin\msvcp140.dll
0x00007ffbe3fd0000 - 0x00007ffbe4c32000 	C:\Users\prera\AppData\Local\Programs\Eclipse Adoptium\jdk-17.0.10.7-hotspot\bin\server\jvm.dll
0x00007ffca6f50000 - 0x00007ffca7006000 	C:\WINDOWS\System32\ADVAPI32.dll
0x00007ffca6ea0000 - 0x00007ffca6f47000 	C:\WINDOWS\System32\sechost.dll
0x00007ffca6240000 - 0x00007ffca6358000 	C:\WINDOWS\System32\RPCRT4.dll
0x00007ffca4190000 - 0x00007ffca41ee000 	C:\WINDOWS\SYSTEM32\POWRPROF.dll
0x00007ffca1450000 - 0x00007ffca145a000 	C:\WINDOWS\SYSTEM32\WSOCK32.dll
0x00007ffca7100000 - 0x00007ffca7180000 	C:\WINDOWS\System32\WS2_32.dll
0x00007ffc97890000 - 0x00007ffc978c6000 	C:\WINDOWS\SYSTEM32\WINMM.dll
0x00007ffc8fed0000 - 0x00007ffc8fedb000 	C:\WINDOWS\SYSTEM32\VERSION.dll
0x00007ffca4170000 - 0x00007ffca4184000 	C:\WINDOWS\SYSTEM32\UMPDC.dll
0x00007ffca30a0000 - 0x00007ffca30bb000 	C:\WINDOWS\SYSTEM32\kernel.appcore.dll
0x00007ffc87be0000 - 0x00007ffc87bea000 	C:\Users\prera\AppData\Local\Programs\Eclipse Adoptium\jdk-17.0.10.7-hotspot\bin\jimage.dll
0x00007ffca2210000 - 0x00007ffca2452000 	C:\WINDOWS\SYSTEM32\DBGHELP.DLL
0x00007ffca7200000 - 0x00007ffca7583000 	C:\WINDOWS\System32\combase.dll
0x00007ffca57f0000 - 0x00007ffca58c9000 	C:\WINDOWS\System32\OLEAUT32.dll
0x00007ffc7ae20000 - 0x00007ffc7ae5b000 	C:\WINDOWS\SYSTEM32\dbgcore.DLL
0x00007ffca4910000 - 0x00007ffca49b8000 	C:\WINDOWS\System32\bcryptPrimitives.dll
0x00007ffc7ff40000 - 0x00007ffc7ff4e000 	C:\Users\prera\AppData\Local\Programs\Eclipse Adoptium\jdk-17.0.10.7-hotspot\bin\instrument.dll
0x00007ffc76600000 - 0x00007ffc76625000 	C:\Users\prera\AppData\Local\Programs\Eclipse Adoptium\jdk-17.0.10.7-hotspot\bin\java.dll
0x00007ffc2b9d0000 - 0x00007ffc2baa7000 	C:\Users\prera\AppData\Local\Programs\Eclipse Adoptium\jdk-17.0.10.7-hotspot\bin\jsvml.dll
0x00007ffca5ac0000 - 0x00007ffca622e000 	C:\WINDOWS\System32\SHELL32.dll
0x00007ffca4b40000 - 0x00007ffca53ac000 	C:\WINDOWS\System32\windows.storage.dll
0x00007ffca5910000 - 0x00007ffca5a06000 	C:\WINDOWS\System32\SHCORE.dll
0x00007ffca7190000 - 0x00007ffca71f6000 	C:\WINDOWS\System32\shlwapi.dll
0x00007ffca4230000 - 0x00007ffca4259000 	C:\WINDOWS\SYSTEM32\profapi.dll
0x00007ffc76540000 - 0x00007ffc76558000 	C:\Users\prera\AppData\Local\Programs\Eclipse Adoptium\jdk-17.0.10.7-hotspot\bin\zip.dll
0x00007ffc765e0000 - 0x00007ffc765f9000 	C:\Users\prera\AppData\Local\Programs\Eclipse Adoptium\jdk-17.0.10.7-hotspot\bin\net.dll
0x00007ffc9af20000 - 0x00007ffc9b049000 	C:\WINDOWS\SYSTEM32\WINHTTP.dll
0x00007ffca3610000 - 0x00007ffca367c000 	C:\WINDOWS\system32\mswsock.dll
0x00007ffc765c0000 - 0x00007ffc765d6000 	C:\Users\prera\AppData\Local\Programs\Eclipse Adoptium\jdk-17.0.10.7-hotspot\bin\nio.dll
0x00007ffc879f0000 - 0x00007ffc87a00000 	C:\Users\prera\AppData\Local\Programs\Eclipse Adoptium\jdk-17.0.10.7-hotspot\bin\verify.dll
0x00007ffc73270000 - 0x00007ffc73297000 	C:\Users\prera\.gradle\native\1def1411415f61bf3af743bc5b6707747c0891f09f0c88961ee8f79bc544acac\windows-amd64\native-platform.dll
0x00007ffc2a0f0000 - 0x00007ffc2a168000 	C:\Users\prera\.gradle\native\0.2.7\x86_64-windows-gnu\gradle-fileevents.dll
0x00007ffc86df0000 - 0x00007ffc86df9000 	C:\Users\prera\AppData\Local\Programs\Eclipse Adoptium\jdk-17.0.10.7-hotspot\bin\management.dll
0x00007ffc85020000 - 0x00007ffc8502b000 	C:\Users\prera\AppData\Local\Programs\Eclipse Adoptium\jdk-17.0.10.7-hotspot\bin\management_ext.dll
0x00007ffca66f0000 - 0x00007ffca66f8000 	C:\WINDOWS\System32\PSAPI.DLL
0x00007ffca2a50000 - 0x00007ffca2a82000 	C:\WINDOWS\SYSTEM32\IPHLPAPI.DLL
0x00007ffca7590000 - 0x00007ffca759a000 	C:\WINDOWS\System32\NSI.dll
0x00007ffc9b460000 - 0x00007ffc9b47d000 	C:\WINDOWS\SYSTEM32\dhcpcsvc6.DLL
0x00007ffc9b1c0000 - 0x00007ffc9b1e5000 	C:\WINDOWS\SYSTEM32\dhcpcsvc.DLL
0x00007ffca2a90000 - 0x00007ffca2bc2000 	C:\WINDOWS\SYSTEM32\DNSAPI.dll
0x00007ffc800d0000 - 0x00007ffc800d9000 	C:\Users\prera\AppData\Local\Programs\Eclipse Adoptium\jdk-17.0.10.7-hotspot\bin\extnet.dll
0x00007ffca3900000 - 0x00007ffca391b000 	C:\WINDOWS\SYSTEM32\CRYPTSP.dll
0x00007ffca3000000 - 0x00007ffca3039000 	C:\WINDOWS\system32\rsaenh.dll
0x00007ffca36c0000 - 0x00007ffca36f3000 	C:\WINDOWS\SYSTEM32\USERENV.dll
0x00007ffca4200000 - 0x00007ffca422a000 	C:\WINDOWS\SYSTEM32\bcrypt.dll
0x00007ffca38f0000 - 0x00007ffca38fc000 	C:\WINDOWS\SYSTEM32\CRYPTBASE.dll
0x00007ffc7efb0000 - 0x00007ffc7efbe000 	C:\Users\prera\AppData\Local\Programs\Eclipse Adoptium\jdk-17.0.10.7-hotspot\bin\sunmscapi.dll
0x00007ffca54e0000 - 0x00007ffca5658000 	C:\WINDOWS\System32\CRYPT32.dll
0x00007ffca3b10000 - 0x00007ffca3b40000 	C:\WINDOWS\SYSTEM32\ncrypt.dll
0x00007ffca3ac0000 - 0x00007ffca3aff000 	C:\WINDOWS\SYSTEM32\NTASN1.dll
0x00007ffc67de0000 - 0x00007ffc67de8000 	C:\WINDOWS\system32\wshunix.dll
0x00007ffca31c0000 - 0x00007ffca31f6000 	C:\WINDOWS\SYSTEM32\ntmarta.dll
0x00007ffc76510000 - 0x00007ffc76517000 	C:\Users\prera\AppData\Local\Programs\Eclipse Adoptium\jdk-17.0.10.7-hotspot\bin\rmi.dll

dbghelp: loaded successfully - version: 4.0.5 - missing functions: none
symbol engine: initialized successfully - sym options: 0x614 - pdb path: .;C:\Users\prera\AppData\Local\Programs\Eclipse Adoptium\jdk-17.0.10.7-hotspot\bin;C:\WINDOWS\SYSTEM32;C:\WINDOWS\WinSxS\amd64_microsoft.windows.common-controls_6595b64144ccf1df_6.0.26100.8457_none_3e0b2faee331e92d;C:\Users\prera\AppData\Local\Programs\Eclipse Adoptium\jdk-17.0.10.7-hotspot\bin\server;C:\Users\prera\.gradle\native\1def1411415f61bf3af743bc5b6707747c0891f09f0c88961ee8f79bc544acac\windows-amd64;C:\Users\prera\.gradle\native\0.2.7\x86_64-windows-gnu

VM Arguments:
jvm_args: --add-opens=java.base/java.lang=ALL-UNNAMED --add-opens=java.base/java.lang.invoke=ALL-UNNAMED --add-opens=java.base/java.util=ALL-UNNAMED --add-opens=java.prefs/java.util.prefs=ALL-UNNAMED --add-exports=jdk.compiler/com.sun.tools.javac.api=ALL-UNNAMED --add-exports=jdk.compiler/com.sun.tools.javac.util=ALL-UNNAMED --add-opens=java.base/java.util=ALL-UNNAMED --add-opens=java.prefs/java.util.prefs=ALL-UNNAMED --add-opens=java.base/java.nio.charset=ALL-UNNAMED --add-opens=java.base/java.net=ALL-UNNAMED --add-opens=java.base/java.util.concurrent.atomic=ALL-UNNAMED --add-opens=java.xml/javax.xml.namespace=ALL-UNNAMED -XX:MaxMetaspaceSize=1024m -Xmx6144m -Dfile.encoding=UTF-8 -Duser.country=IN -Duser.language=en -Duser.variant -javaagent:C:\Users\prera\.gradle\wrapper\dists\gradle-8.14.1-bin\baw1sv0jfoi8rxs14qo3h49cs\gradle-8.14.1\lib\agents\gradle-instrumentation-agent-8.14.1.jar 
java_command: org.gradle.launcher.daemon.bootstrap.GradleDaemon 8.14.1
java_class_path (initial): C:\Users\prera\.gradle\wrapper\dists\gradle-8.14.1-bin\baw1sv0jfoi8rxs14qo3h49cs\gradle-8.14.1\lib\gradle-daemon-main-8.14.1.jar
Launcher Type: SUN_STANDARD

[Global flags]
     intx CICompilerCount                          = 4                                         {product} {ergonomic}
   size_t CompressedClassSpaceSize                 = 872415232                                 {product} {ergonomic}
     uint ConcGCThreads                            = 3                                         {product} {ergonomic}
     uint G1ConcRefinementThreads                  = 10                                        {product} {ergonomic}
   size_t G1HeapRegionSize                         = 4194304                                   {product} {ergonomic}
    uintx GCDrainStackTargetSize                   = 64                                        {product} {ergonomic}
   size_t InitialHeapSize                          = 130023424                                 {product} {ergonomic}
   size_t MarkStackSize                            = 4194304                                   {product} {ergonomic}
   size_t MaxHeapSize                              = 6442450944                                {product} {command line}
   size_t MaxMetaspaceSize                         = 1073741824                                {product} {command line}
   size_t MaxNewSize                               = 3862953984                                {product} {ergonomic}
   size_t MinHeapDeltaBytes                        = 4194304                                   {product} {ergonomic}
   size_t MinHeapSize                              = 8388608                                   {product} {ergonomic}
    uintx NonNMethodCodeHeapSize                   = 5839372                                {pd product} {ergonomic}
    uintx NonProfiledCodeHeapSize                  = 122909434                              {pd product} {ergonomic}
    uintx ProfiledCodeHeapSize                     = 122909434                              {pd product} {ergonomic}
    uintx ReservedCodeCacheSize                    = 251658240                              {pd product} {ergonomic}
     bool SegmentedCodeCache                       = true                                      {product} {ergonomic}
   size_t SoftMaxHeapSize                          = 6442450944                             {manageable} {ergonomic}
     bool UseCompressedClassPointers               = true                           {product lp64_product} {ergonomic}
     bool UseCompressedOops                        = true                           {product lp64_product} {ergonomic}
     bool UseG1GC                                  = true                                      {product} {ergonomic}
     bool UseLargePagesIndividualAllocation        = false                                  {pd product} {ergonomic}

Logging:
Log output configuration:
 #0: stdout all=warning uptime,level,tags
 #1: stderr all=off uptime,level,tags

Environment Variables:
JAVA_HOME=C:\Users\prera\AppData\Local\Programs\Eclipse Adoptium\jdk-17.0.10.7-hotspot\
PATH=C:\Python314\Scripts\;C:\Python314\;C:\Program Files\Microsoft\jdk-17.0.11.9-hotspot\bin;C:\windows\system32;C:\windows;C:\windows\System32\Wbem;C:\windows\System32\WindowsPowerShell\v1.0\;C:\windows\System32\OpenSSH\;C:\ProgramData\chocolatey\bin;C:\Users\prera\AppData\Local\Android\Sdk\platform-tools;C:\Program Files\Git\cmd;C:\WINDOWS\system32;C:\WINDOWS;C:\WINDOWS\System32\Wbem;C:\WINDOWS\System32\WindowsPowerShell\v1.0\;C:\WINDOWS\System32\OpenSSH\;C:\Users\prera\AppData\Local\nvm;C:\nvm4w\nodejs;C:\Program Files\MongoDB\mongosh-2.5.6-win32-x64\bin;C:\Program Files\nodejs\;C:\Program Files\Docker\Docker\resources\bin;C:\Program Files\MongoDB\Tools\100\bin;C:\Users\prera\AppData\Local\Android\Sdk\tools;C:\Users\prera\AppData\Local\Programs\Eclipse Adoptium\jdk-17.0.10.7-hotspot\bin;C:\Users\prera\AppData\Local\Microsoft\WindowsApps;C:\Users\prera\AppData\Local\JetBrains\IntelliJ IDEA Community Edition 2023.2.5\bin;;C:\Users\prera\AppData\Local\Programs\Microsoft VS Code\bin;C:\Users\prera\AppData\Local\nvm;C:\nvm4w\nodejs;C:\Users\prera\AppData\Roaming\npm
USERNAME=prera
OS=Windows_NT
PROCESSOR_IDENTIFIER=Intel64 Family 6 Model 154 Stepping 4, GenuineIntel
TMP=C:\Users\prera\AppData\Local\Temp
TEMP=C:\Users\prera\AppData\Local\Temp



Periodic native trim disabled


---------------  S Y S T E M  ---------------

OS:
 Windows 11 , 64 bit Build 26100 (10.0.26100.8328)
OS uptime: 1 days 4:45 hours
Hyper-V role detected

CPU: total 12 (initial active 12) (6 cores per cpu, 2 threads per core) family 6 model 154 stepping 4 microcode 0x42c, cx8, cmov, fxsr, ht, mmx, 3dnowpref, sse, sse2, sse3, ssse3, sse4.1, sse4.2, popcnt, lzcnt, tsc, tscinvbit, avx, avx2, aes, erms, clmul, bmi1, bmi2, adx, sha, fma, vzeroupper, clflush, clflushopt, clwb, hv
Processor Information for processor 0
  Max Mhz: 1300, Current Mhz: 1300, Mhz Limit: 1300
Processor Information for processor 1
  Max Mhz: 1300, Current Mhz: 1300, Mhz Limit: 1300
Processor Information for processor 2
  Max Mhz: 1300, Current Mhz: 1300, Mhz Limit: 1300
Processor Information for processor 3
  Max Mhz: 1300, Current Mhz: 1300, Mhz Limit: 1300
Processor Information for processor 4
  Max Mhz: 1300, Current Mhz: 900, Mhz Limit: 897
Processor Information for processor 5
  Max Mhz: 1300, Current Mhz: 900, Mhz Limit: 897
Processor Information for processor 6
  Max Mhz: 1300, Current Mhz: 900, Mhz Limit: 897
Processor Information for processor 7
  Max Mhz: 1300, Current Mhz: 900, Mhz Limit: 897
Processor Information for processor 8
  Max Mhz: 1300, Current Mhz: 900, Mhz Limit: 897
Processor Information for processor 9
  Max Mhz: 1300, Current Mhz: 900, Mhz Limit: 897
Processor Information for processor 10
  Max Mhz: 1300, Current Mhz: 900, Mhz Limit: 897
Processor Information for processor 11
  Max Mhz: 1300, Current Mhz: 900, Mhz Limit: 897

Memory: 4k page, system-wide physical 7863M (648M free)
TotalPageFile size 32439M (AvailPageFile size 288M)
current process WorkingSet (physical memory assigned to process): 544M, peak: 961M
current process commit charge ("private bytes"): 3532M, peak: 4128M

vm_info: OpenJDK 64-Bit Server VM (17.0.10+7) for windows-amd64 JRE (17.0.10+7), built on Jan 16 2024 23:25:11 by "admin" with MS VC++ 16.10 / 16.11 (VS2019)

END.
